image_name,mean,std,variance,entropy,dynamic_range,rms_contrast,mean_red,mean_green,mean_blue,colorfulness,red_ratio,mean_saturation,mean_value,contrast,correlation,energy,homogeneity,ASM,dissimilarity,glcm_entropy,glcm_variance,edge_density,gradient,laplacian_variance,keypoint_density,ssim,psnr
UIEB_0.png,124.92871794871795,46.3795408813012,2151.0618123602894,7.165379758783984,206.0,46.3795408813012,123.62785339355469,125.49978637695312,125.37775421142578,25.0473690032959,0.49278169870376587,46.46100591715976,134.8952909270217,448.4775464037696,0.8957794253559767,0.04828661214976066,0.3756992910962632,0.0023315969129014138,10.147617824579427,11.818190103731093,3.5344514829084995e-08,0.15730276134122287,92.7867394205893,3952.8971639969177,0.009304733727810651,0.8270387245517195,14.600730196657084
UIEB_1.png,125.75670118343196,40.73902511865982,1659.6681676187955,7.044256528000571,205.0,40.73902511865982,121.57485961914062,127.53376770019531,127.58072662353516,73.4813003540039,0.4765501618385315,112.00205128205128,159.75035009861932,40.98670367772718,0.9876520715524612,0.06668750389362173,0.6268743663839422,0.004447223175561813,2.2474933567780617,9.888182890539827,6.762640970610525e-08,0.043634122287968445,30.8611782626569,160.3270705064015,0.0039151873767258386,0.7754584915950532,14.671663097247386
UIEB_10.png,121.06987672583827,39.968063111936196,1597.446068919715,7.323514958134626,205.0,39.968063111936196,121.03473663330078,121.01546478271484,121.44719696044922,35.56342315673828,0.499189168214798,61.67192800788955,136.83261834319526,42.74391243788958,0.9866294118211216,0.028311280529509705,0.40936189771770687,0.0008015286052205953,3.012338117770248,11.084005211206625,1.1997525270967031e-08,0.04181952662721893,38.174345547257204,118.98641678510225,0.003816568047337278,0.8353986582322502,20.966065846309178
UIEB_100.png,123.9016037037037,43.279534848325184,1873.1181366873939,7.414767038828235,222.0,43.279534848325184,122.78150939941406,124.39270782470703,124.32292175292969,32.29085159301758,0.4936622083187103,51.58574814814815,135.98006296296296,66.96611018363939,0.9821237088428341,0.02341017574771275,0.32447373260911627,0.0005480363285387983,3.872947505101094,11.575176976353443,8.129540092106602e-09,0.04594074074074074,44.74292714114075,146.83257967395062,0.0035444444444444442,0.8256824218020736,18.565324604285877
UIEB_101.png,125.12155925925926,61.272842008437415,3754.361167790933,7.767289113479391,230.0,61.272842008437415,123.35273742675781,125.90180969238281,125.7414779663086,33.498355865478516,0.490188866853714,69.09168518518518,138.74692592592592,1083.2790576887405,0.8557443662991121,0.010453198871811266,0.12030528713233171,0.00010926936665363633,21.058178445557417,14.128467554509077,1.4344875731069382e-09,0.29938148148148147,187.50302463230423,6588.095685687778,0.024633333333333333,0.8819098559413251,18.598556789280916
UIEB_102.png,124.20076858813701,37.017064990289555,1370.2631004953207,6.980202296539794,218.0,37.017064990289555,118.92739868164062,126.46261596679688,126.38542938232422,74.592529296875,0.4703512489795685,108.27911027568922,157.18786967418546,102.47760051213176,0.9626255383754986,0.059421212939334465,0.49385570016564473,0.0035308805471817297,3.7752938272224803,10.546438810733669,5.364413083067671e-08,0.058696741854636594,40.174189791737824,544.0936129923633,0.0046407685881370096,0.6841391077357106,14.85209029606958
UIEB_103.png,128.3730029585799,46.02404649715601,2118.212855972378,7.219065885635133,196.0,46.02404649715601,128.3784942626953,128.38812255859375,128.28358459472656,21.579999923706055,0.5001661777496338,40.80813609467456,137.5948027613412,112.39356027303889,0.9734061979320928,0.030570435842514315,0.4173442359221827,0.0009345515476012839,4.482396696664065,11.243618003767931,1.402729428922705e-08,0.08842209072978303,59.77768135908348,555.1877924144569,0.009516765285996055,0.8855114710942159,19.606265621919803
UIEB_104.png,135.98926666666668,19.54783239804921,382.11775146222226,6.3004304618038,145.0,19.54783239804921,135.9872283935547,136.0006866455078,135.95013427734375,24.99452018737793,0.500043511390686,34.38722962962963,146.01026296296297,4.117659061398627,0.994597081639407,0.05724561034103762,0.5838684159691956,0.003277059903317913,1.136045260619551,8.893443950879387,4.977113516625081e-08,0.002277777777777778,11.775908613204818,12.56194031,0.0002888888888888889,0.6782477631754745,11.55558302508653
UIEB_105.png,127.78544814814815,26.475526100866848,700.9534823176817,6.591905888885196,208.0,26.475526100866848,127.62680053710938,127.89286041259766,127.63170623779297,19.714513778686523,0.4994697868824005,30.611166666666666,135.87397407407408,24.139821925431274,0.9827920218889243,0.06137837973359913,0.5335557233693062,0.003767305498721892,2.001012799109627,9.712869970630173,5.725168929533984e-08,0.020492592592592593,25.348389808707367,45.60528058249657,0.0018703703703703703,0.8741310350998616,18.47668589339603
UIEB_106.png,127.97417916666667,58.49952937803203,3422.1949374512324,7.765470282887826,243.0,58.49952937803203,127.15213012695312,128.34043884277344,128.21517944335938,43.139530181884766,0.49561238288879395,65.57851666666667,145.94862083333334,835.0701043405676,0.8780386659902089,0.017096038184360444,0.23347979857318146,0.00029227452160111037,14.883927378964943,13.461620721705758,4.226924629800574e-09,0.1849125,119.92220897189726,5561.90605640401,0.011195833333333334,0.9141747961936098,22.70326444218378
UIEB_107.png,121.63729212656365,56.38107159993674,3178.8252347571934,7.5152853214689985,225.0,56.38107159993674,108.50810241699219,127.16531372070312,127.59197998046875,68.79922485351562,0.42592737078666687,124.09242825607063,153.2345621780721,365.11640445628666,0.9425654865647984,0.035042584297846326,0.4332467709263996,0.0012279827142716658,8.081633480377524,11.817739381069146,1.8504698565813693e-08,0.12458425312729948,79.75040848105108,2152.5423045506313,0.009521707137601178,0.7038327767542539,13.633306705380832
UIEB_108.png,124.33127037037038,30.160935317078184,909.6820192009741,6.851967123226741,198.0,30.160935317078184,124.05110168457031,124.44434356689453,124.45499420166016,24.275819778442383,0.49839869141578674,38.743944444444445,134.78193703703704,36.59148951956965,0.9798855412079965,0.04212158974177624,0.43780277265163625,0.0017742283223745093,2.9893897236134297,10.559099302732351,2.6839745076172017e-08,0.04817407407407408,36.65201983268077,139.0135847940192,0.00487037037037037,0.6021633476829366,16.461017488465167
UIEB_109.png,123.92586666666666,41.681253897539015,1737.3269264711112,7.391125279941709,222.0,41.681253897539015,123.77092742919922,124.0144271850586,123.86995697021484,12.948214530944824,0.49930909276008606,22.89814074074074,129.26466296296297,103.92599517714709,0.9700988214015998,0.019383142176499935,0.2493985039420388,0.0003757062006344106,5.8519013170098315,12.195558503750304,5.499991021299905e-09,0.12068518518518519,68.3880839734486,462.3564463998765,0.01075925925925926,0.868022367119997,19.511154576578456
UIEB_11.png,123.17670118343196,24.00868770612577,576.4170853702747,6.4683952034347705,195.0,24.00868770612577,122.7481689453125,123.36656188964844,123.25749206542969,47.94121170043945,0.49771368503570557,72.48602564102563,143.42329881656804,14.091928361865438,0.9877624615274603,0.08502679616406784,0.6984853882319167,0.0072295560659259425,1.2633679406505913,8.805171202026171,1.1008144038182742e-07,0.014467455621301775,17.253395692300092,40.845231562829454,0.0013954635108481262,0.7419568421993459,12.660411773984336
UIEB_110.png,125.17335416666667,55.229710097913475,3050.320877499566,7.738137389416779,236.0,55.229710097913475,124.20558166503906,125.5685806274414,125.6812744140625,50.358360290527344,0.4943508803844452,84.00461666666666,147.382725,508.1533722871453,0.9167366117435242,0.012038068241381173,0.1644551030753227,0.00014491508698415,13.022454090150255,13.529312854915435,1.9783981006111143e-09,0.22324166666666667,128.1787424407309,2930.377364706232,0.017504166666666668,0.930545031575576,22.92171874031957
UIEB_111.png,119.65083333333334,49.372469810932905,2437.6407752314813,7.543213337289213,222.0,49.372469810932905,115.76176452636719,121.32816314697266,121.22034454345703,46.461856842041016,0.477272629737854,71.66257037037037,137.81622222222222,117.19472454090149,0.9759542501250843,0.02604163734238943,0.3742679066160393,0.0006781668754725315,4.865115933964015,11.775955413367662,1.0115174658356194e-08,0.09211111111111112,59.352006880977,455.1730838180521,0.007288888888888889,0.8188951697812673,20.018801428215603
UIEB_112.png,117.53304137664347,47.24909713136481,2232.4771797291464,7.41179012069961,226.0,47.24909713136481,104.74173736572266,123.19449615478516,121.93919372558594,97.5819091796875,0.4272841215133667,150.21023588553751,159.45357115235885,435.26857213685605,0.9025098206413975,0.032981454329626125,0.3635209128372704,0.001087776329697214,10.384747975163556,12.38956411143694,1.636531891837637e-08,0.1559860788863109,83.27190512301875,2697.9670728721276,0.010249419953596288,0.7757283715466623,16.959976229206255
UIEB_113.png,121.75051481481482,37.65371465755727,1417.8022275127435,7.114600218913845,205.0,37.65371465755727,121.36125946044922,121.91210174560547,121.97640991210938,17.28188133239746,0.49760955572128296,29.96988888888889,129.26624814814815,67.07785197551475,0.9763396466744387,0.031762514255651866,0.3609963302607312,0.001008857311840488,4.149860879243183,11.264921780652799,1.5161110271880924e-08,0.0704037037037037,45.93283723511053,240.05039436728393,0.006014814814814815,0.6583400363945363,15.200348936895914
UIEB_114.png,120.45233672603902,29.80299140171196,888.2182964905171,6.8467055867292546,196.0,29.80299140171196,120.6918716430664,120.51258850097656,119.52473449707031,23.201478958129883,0.5028045773506165,37.10539016115352,130.3305894826124,24.177832434889368,0.9863603207988414,0.05310465339481135,0.5859543296914074,0.002820104212183049,1.8256508939836116,9.770740969344283,4.2798544664315015e-08,0.016361323155216285,17.962652417507734,134.1140607346114,0.0010983884648006785,0.7143775454784841,18.73656738815707
UIEB_115.png,123.26517777777778,54.31228419132734,2949.8242140795064,7.674438478719721,229.0,54.31228419132734,123.13551330566406,123.3633804321289,123.08841705322266,11.666597366333008,0.499633252620697,23.063596296296296,128.1351740740741,228.70165089964755,0.9612268533492122,0.014165014060629236,0.1844710167691594,0.00020064762333782396,9.213081061027637,13.056401911834206,2.828809116749938e-09,0.17904074074074075,91.16473281840146,849.3421913731139,0.014566666666666667,0.7817358724954312,16.90858636603794
UIEB_116.png,121.29938255613126,47.34006429031142,2241.0816870108183,7.501439544384549,227.0,47.34006429031142,115.9178237915039,123.5677490234375,123.74006652832031,37.04222869873047,0.4687187969684601,54.16066062176166,134.46083333333334,221.73959621822215,0.9505518512444179,0.022829260381813456,0.33252356039510733,0.0005211751295806375,6.664592109474341,12.171703759795605,7.719670723238178e-09,0.10895941278065631,64.57241895833236,1438.8146759868273,0.007081174438687392,0.8161895050977336,17.56386366841496
UIEB_117.png,122.93624444444444,34.969664129116396,1222.87740930321,7.028751183302659,200.0,34.969664129116396,122.61508178710938,123.06546783447266,123.10258483886719,21.771421432495117,0.49809500575065613,35.27458148148148,132.25133333333332,65.61407531070302,0.9731735581965372,0.03319521404427564,0.38762056146000745,0.0011019222354452746,4.0213541086996845,11.090765041210714,1.6581168310284036e-08,0.07068148148148148,44.282175942356275,265.98746639780524,0.006207407407407407,0.683013759709885,16.52483287869236
UIEB_118.png,122.51702592592592,49.94593401802254,2494.596324932661,7.5645812601784295,224.0,49.94593401802254,122.32418060302734,122.62801361083984,122.44000244140625,14.200825691223145,0.4991437792778015,26.223974074074075,128.32322222222223,229.75591541457985,0.9539215619297338,0.016215888254552727,0.21285066640074912,0.0002629550318841411,8.540556483027267,12.789056584104301,3.779544720789202e-09,0.1602222222222222,86.46004398446273,922.6770740738547,0.013788888888888889,0.8071806078436868,18.546705869509704
UIEB_119.png,118.76367850098619,28.7548781605281,826.843018026816,6.862348644924784,181.0,28.7548781605281,101.0517349243164,126.68216705322266,124.41546630859375,83.52999877929688,0.40244001150131226,122.21302761341222,150.2693688362919,124.57337179322538,0.9247158210751245,0.04596423984639526,0.5527599203788381,0.00211271134465695,3.404510476039948,10.124151536065126,3.2004586114417285e-08,0.04481262327416174,33.066117677830995,749.0453789226714,0.003101577909270217,0.6772295843803539,11.258903708302233
UIEB_12.png,117.65074117647059,37.94126563363471,1439.53963788203,6.868889237529308,200.0,37.94126563363471,84.30924224853516,131.8408966064453,132.06817626953125,64.21192932128906,0.31946325302124023,140.66694901960784,148.04730588235293,142.42025729156438,0.9505537111756209,0.040543911506646775,0.37988542255414315,0.0016438087602588048,5.163488166552097,11.094519910345978,2.4849700488224865e-08,0.08640392156862745,54.25189022377013,1256.1652021597695,0.005592156862745098,0.7758434581203338,18.38930716317558
UIEB_120.png,117.76814086814086,49.208976900562966,2421.5234076001398,7.211335786025699,177.0,49.208976900562966,104.12598419189453,123.69528198242188,123.03810119628906,70.31572723388672,0.42201822996139526,130.23883292383292,145.5314086814087,204.7885870390044,0.9577327061153096,0.028038239398360473,0.32201729615333907,0.0007861428685597735,7.033105954641847,11.778479512114595,1.1762757560688373e-08,0.12482391482391482,72.84359085517731,1070.3870638317399,0.010524160524160523,0.6316211140340843,15.591563159281893
UIEB_121.png,123.34016296296296,50.90362222696235,2591.178755825295,7.59200709385962,220.0,50.90362222696235,123.2116470336914,123.3963851928711,123.38359832763672,12.858572959899902,0.4992773234844208,26.425737037037038,129.00324074074075,132.81123724726393,0.9743727233503021,0.017783742827858277,0.24970837874810525,0.0003162615089674007,6.5350881098126505,12.451983618463313,4.59293701026765e-09,0.13153333333333334,74.04995488142369,521.2653812863649,0.012685185185185185,0.7875167321769975,21.30141687292396
UIEB_122.png,124.15274074074074,46.26389348764853,2140.3478406364884,7.511672355596629,218.0,46.26389348764853,124.0263442993164,124.22017669677734,124.1214828491211,32.787086486816406,0.4994181990623474,49.97785185185185,137.4458888888889,121.65026896679652,0.9715531296211888,0.02450663824454843,0.3789365986918703,0.0006005753180491638,5.1552810239287705,11.85890498907953,8.931221450602169e-09,0.09084074074074074,55.30586985183195,547.3931126961728,0.008159259259259258,0.7224335613314027,14.352697322520765
UIEB_123.png,120.85424074074074,58.58610335301532,3432.3315060901923,7.7222628564032725,241.0,58.58610335301532,119.70436096191406,121.34603118896484,121.33724212646484,28.939807891845703,0.4932534396648407,53.13315185185185,132.5677,240.64349842329807,0.9649537883687291,0.0167621966378999,0.2290771808164276,0.0002809712361276227,8.440426636987572,12.819911822970436,4.054450181047405e-09,0.15346666666666667,92.40353864260767,1035.1183045253774,0.012885185185185185,0.7845369632550615,18.9970497354997
UIEB_124.png,121.67457537154989,60.6654979158798,3680.302637381616,7.771781648293631,239.0,60.6654979158798,119.3336410522461,122.88638305664062,121.5775375366211,70.70929718017578,0.4881441593170166,104.83621726822363,150.21016631280963,235.72724533812547,0.9679673934529934,0.01936015800947336,0.3198884061562628,0.00037481571815177543,7.268596989320488,12.544289054923343,5.486403336933523e-09,0.1118895966029724,79.04259495792802,655.3947534404145,0.009419674451521585,0.8125212434014563,18.072008834319483
UIEB_125.png,122.11203703703704,51.50305610779881,2652.5647884430728,7.600836816846196,234.0,51.50305610779881,121.32921600341797,122.43302154541016,122.50173950195312,21.102222442626953,0.49535322189331055,42.73824444444445,131.31747407407408,137.27682062697085,0.9741233749876799,0.019915640480703885,0.26421065980743735,0.00039663273575665125,6.694353552216658,12.422090699462426,5.819304606539174e-09,0.13695925925925925,70.79370129028977,575.8827115469823,0.011977777777777778,0.8983941590557265,23.650442291703328
UIEB_126.png,120.29325443786982,47.28984902043042,2236.3298203751037,7.528743819404825,225.0,47.28984902043042,119.98551940917969,120.35325622558594,120.77947998046875,17.737375259399414,0.49759116768836975,36.499866863905325,128.15155325443786,209.23579733480852,0.9531899872040085,0.018063520256556182,0.2545319629199948,0.0003262907640590155,7.6665250763106165,12.5163413895218,4.745971298164604e-09,0.1454783037475345,79.51545307879819,773.4007178783035,0.013880670611439843,0.8387486540545984,21.33253680360418
UIEB_127.png,124.16457777777778,35.34707410081342,1249.4156474883948,7.116357864578646,207.0,35.34707410081342,123.89080047607422,124.29986572265625,124.19392395019531,31.61784553527832,0.49856698513031006,46.50725555555555,136.72852592592594,77.68150250417364,0.9688843932687479,0.031683127327105126,0.41293790856018375,0.0010038205572255555,4.079321090706734,11.162798947880322,1.508425549565209e-08,0.0735,46.34167850788077,353.0335243587929,0.007022222222222222,0.7378244092966216,14.962313871091945
UIEB_128.png,121.52708148148149,52.4340697122907,2749.3316665933608,7.598536200405369,223.0,52.4340697122907,121.09764862060547,121.69659423828125,121.77312469482422,20.258834838867188,0.497382789850235,36.71256666666667,129.72006666666667,192.21719903542942,0.965026144801373,0.018224803378350193,0.2316687802369182,0.0003321434581795246,8.071111111111112,12.70148349847673,4.835276323196787e-09,0.16053333333333333,82.22560794230338,836.3065222220988,0.013762962962962963,0.8388397892392292,17.80080696302
UIEB_129.png,128.84213567839197,63.670463926992156,4053.9279766784093,7.793170260157117,232.0,63.670463926992156,127.95194244384766,129.2168731689453,129.2281036376953,26.48496437072754,0.49508386850357056,55.914560301507535,140.29662479061977,163.8089865017911,0.9798110395050807,0.0213350529688565,0.3413438544329177,0.0004551844851839125,5.980344124629827,12.27125522110585,6.7127334002901085e-09,0.10545226130653267,70.43973472438057,530.8061765582344,0.009003350083752094,0.8007893775217814,15.9042914145206
UIEB_13.png,118.20277925531914,37.12040515643475,1377.9244789778675,7.131862593415528,201.0,37.12040515643475,77.3150863647461,135.6259765625,135.73773193359375,60.1658935546875,0.28491315245628357,135.72676861702126,146.0122783687943,357.0820827265301,0.8705219960632132,0.03171982667963346,0.3941766921060843,0.0010061474045859867,8.368730685894931,11.712274699755763,1.5119760368705543e-08,0.10730053191489362,58.22189427696104,2917.9068340651093,0.0046631205673758865,0.603169384146974,13.331357982950628
UIEB_130.png,121.39411481481481,47.01281491365238,2210.2047661053357,7.4162745053002155,208.0,47.01281491365238,120.86448669433594,121.60585021972656,121.68656158447266,27.37932586669922,0.496786892414093,43.75035925925926,132.49378518518517,124.00424040066775,0.9719384229200234,0.023415621438398423,0.2947554056149565,0.0005482913273463838,5.96222964199592,12.06363431872531,8.133431065122738e-09,0.11182962962962963,62.36213094226363,510.46614009936906,0.009662962962962963,0.7882156315173928,17.175279536415022
UIEB_131.png,123.26912962962963,40.96845917312773,1678.4146470202331,7.324138887853622,219.0,40.96845917312773,123.03853607177734,123.37040710449219,123.34761810302734,34.73272705078125,0.4987010657787323,54.30450740740741,137.87699629629628,105.67610832869597,0.9685064875359806,0.03209179780078704,0.427859981127089,0.0010298834860865999,4.394565015767019,11.367470044275205,1.548194422949371e-08,0.07547777777777778,50.761101780305516,523.7187019109876,0.006707407407407408,0.8067420717975174,18.67610216480546
UIEB_132.png,117.5950375,55.49506780973358,3079.7025512069276,7.652336006038777,234.0,55.49506780973358,111.28491973876953,120.19754791259766,120.74418640136719,59.613426208496094,0.4618748128414154,97.30144166666666,142.30472916666668,247.56224540901505,0.9598068269658973,0.019306536246961402,0.27585995221577264,0.00037274234185523446,7.693272120200334,12.530955499248478,5.454766125377419e-09,0.127925,75.20840336700482,1546.0480403632641,0.00865,0.8102013575159268,22.208795877376104
UIEB_133.png,122.53571992110453,53.47806391173848,2859.9033197479857,7.70270160095509,234.0,53.47806391173848,120.23455810546875,123.58192443847656,123.18169403076172,53.41035842895508,0.4872458875179291,73.04162228796844,142.11017258382643,427.9837796722348,0.9251090857445049,0.013388782320364565,0.1975671526223441,0.00017925949202210673,11.701623020616214,13.287085800075406,2.5024521325623586e-09,0.20275147928994083,116.28995459359403,2501.961484217966,0.015108481262327417,0.8188567778140712,17.09786478018436
UIEB_134.png,125.21003472222222,48.0923068450388,2312.8699776773656,7.568870577918821,230.0,48.0923068450388,125.55642700195312,125.6120834350586,122.21997833251953,28.940797805786133,0.5066189765930176,48.17514384920635,136.06006944444445,280.48109448286823,0.9393830403716039,0.01632155099139968,0.22827858733451512,0.00026639302676485983,9.192905835122026,12.875479755505268,3.832004359472045e-09,0.1701140873015873,97.97651024229958,1127.5042452868126,0.016478174603174602,0.9088228904022326,23.466609724750715
UIEB_135.png,122.99386296296296,44.90181159551359,2016.1726845589988,7.444308503146388,235.0,44.90181159551359,121.43281555175781,123.6928482055664,123.49526977539062,53.19600296020508,0.4912567138671875,78.85964814814815,144.08815185185185,281.97145242070116,0.9300443683034804,0.026851994683859775,0.32187032858612574,0.0007210296185020336,8.261498794286775,12.357917958883409,1.0769208212883509e-08,0.1474814814814815,91.60641381754205,1577.1443362396572,0.013133333333333334,0.8513615204201846,18.924635596201373
UIEB_136.png,135.9709688195991,41.25897773879344,1702.3032440502527,7.309576418139356,230.0,41.25897773879344,136.079345703125,135.9111785888672,135.99696350097656,27.761140823364258,0.5004607439041138,47.3904862657758,148.8820007423905,61.039802789355676,0.9820541265372243,0.0293888754646337,0.3846320672321522,0.0008637060010757488,3.776836672851189,11.375150202783669,1.2946277038776377e-08,0.0646362286562732,44.898907090803135,212.00709520020015,0.006273199703043801,0.7651556737636015,18.605104868819616
UIEB_137.png,116.43830492424243,46.37312603995581,2150.4668187176276,7.21866610959002,210.0,46.37312603995581,91.4234848022461,127.10745239257812,127.10880279541016,63.09321975708008,0.3596287965774536,125.13435037878787,145.38814583333334,156.32128926999545,0.9636695084478192,0.054409708793286195,0.4812046871508193,0.002960416410970205,4.915537259068143,11.074499095038252,4.49395389085038e-08,0.07421780303030304,45.96464830325101,975.563381605831,0.0051818181818181815,0.5886554701706891,12.251343538485674
UIEB_138.png,119.30530516431925,38.07773970931177,1449.9142613700983,7.221787384910116,187.0,38.07773970931177,116.52161407470703,120.79702758789062,118.90038299560547,37.46940994262695,0.4861195981502533,70.80937010954617,135.54201486697966,71.39998197308503,0.975377233076642,0.02881642885857849,0.3921531461548061,0.0008303865721615152,4.189647064356087,11.39887939853065,1.2437862901291124e-08,0.06599765258215963,43.35881459801651,167.34162913730867,0.0070500782472613455,0.8744521546825594,18.005744337293393
UIEB_139.png,126.68911481481481,24.95105665456696,622.5552281794102,6.613236047566767,175.0,24.95105665456696,126.63893127441406,126.70512390136719,126.72722625732422,23.192668914794922,0.49969521164894104,38.60015555555555,137.28772962962964,36.21530328324986,0.9709175160121953,0.053039923695767086,0.5411383339992686,0.002813233505652795,2.4789426822481913,9.918687835936716,4.269370600265953e-08,0.04775555555555556,32.24626416376947,181.54638390101508,0.00395925925925926,0.5779795775106633,15.965217584867208
UIEB_14.png,121.38375739644971,54.3316176186708,2951.924673061459,7.7279181483237505,237.0,54.3316176186708,122.01659393310547,121.38707733154297,119.70305633544922,56.289764404296875,0.5061036348342896,86.77930966469428,144.8801479289941,85.98267823097667,0.9854448536164634,0.017972203303194,0.29057429124877987,0.0003230000915713373,4.9233189438017995,12.244887361497952,4.6957596208013505e-09,0.08266272189349112,61.791134631389404,216.6818779380585,0.006711045364891519,0.8926831074222165,21.31732808477644
UIEB_140.png,121.15713333333333,52.477650673659795,2753.9038202266665,7.596233756615109,236.0,52.477650673659795,121.02049255371094,121.19186401367188,121.33201599121094,16.682571411132812,0.49900442361831665,33.882525925925925,128.5401148148148,214.13193841587832,0.9611035184067042,0.018550223503891437,0.23905213699331207,0.0003441107920443263,8.160296790947875,12.660628711118632,5.017883346280307e-09,0.14635555555555554,80.83575515695424,914.6880743071466,0.01361111111111111,0.8282141214519047,21.43430281655459
UIEB_141.png,123.51622962962963,52.9664358739732,2805.443329191715,7.675345967409622,233.0,52.9664358739732,123.38118743896484,123.62596893310547,123.29620361328125,16.42049217224121,0.4996764063835144,30.21970740740741,130.14255925925926,271.65270636245594,0.9515873451151948,0.014996605108353262,0.2129558503906242,0.00022489816477588715,9.044403635689111,12.950645346559575,3.19884301320476e-09,0.16207037037037036,93.51690749669955,1141.1359202664473,0.014414814814814814,0.8518954539395037,18.644647746237688
UIEB_142.png,128.08963986599665,53.41447049406893,2853.1056581617604,7.666516048672621,229.0,53.41447049406893,128.2113800048828,128.0392303466797,128.0012664794922,16.262380599975586,0.500746488571167,32.22447236180904,134.61052345058627,129.30901586396084,0.9773504250533079,0.01745735266410123,0.27516934054238074,0.00030475916203880234,6.221860554861115,12.444474177527951,4.417425124760475e-09,0.12694723618090453,77.80326947539099,415.801193202034,0.011072026800670017,0.8851944154711905,21.54687409134688
UIEB_143.png,123.04813333333334,47.750745600508104,2280.1337054044443,7.530345633555039,227.0,47.750745600508104,122.87052154541016,123.14399719238281,123.01568603515625,17.07123374938965,0.4991496503353119,30.852525925925924,130.20082222222223,236.09011686143577,0.948213583943119,0.01824767027518031,0.2569486719005972,0.000332977470471699,8.007816731589687,12.577983548609065,4.848002340838607e-09,0.14204444444444445,81.15389179741157,1011.3911953366119,0.013514814814814815,0.8090473458396028,16.214826090287634
UIEB_144.png,123.2275037037037,41.38481083671553,1712.702567990727,7.306671465046791,218.0,41.38481083671553,122.7049331665039,123.45349884033203,123.42232513427734,31.704551696777344,0.49703097343444824,52.15047777777778,136.68361851851853,141.58974958263772,0.9586758948310322,0.025725982912035296,0.3157901773418907,0.0006618261967903321,5.950179929512149,11.93130624200814,9.86583568920642e-09,0.10574444444444445,62.205481282251135,576.4293249876544,0.009374074074074075,0.8249101315823614,17.29951073895444
UIEB_145.png,122.57322962962962,56.53256334983251,3195.930718902826,7.709052811812254,235.0,56.53256334983251,122.42320251464844,122.6997299194336,122.304443359375,12.991021156311035,0.49967801570892334,27.06667037037037,128.0000962962963,357.5377443887961,0.9440510082394706,0.015234301732677074,0.21227845891677535,0.0002320839492822477,10.216638842515302,13.086315429199026,3.3084893832358964e-09,0.16934444444444444,99.59512675462155,1370.1263947127022,0.01535925925925926,0.7976235959762779,17.031106402258704
UIEB_146.png,124.46504814814814,53.493470081225944,2861.551341331015,7.677661522899167,233.0,53.493470081225944,124.40242767333984,124.58653259277344,124.0089340209961,18.421466827392578,0.5004211664199829,34.429974074074075,132.15314074074075,526.7261138935262,0.9079513361719151,0.012396533750960522,0.16390433328033543,0.00015367404903870335,13.10545724355407,13.487208564821312,2.1120492550079857e-09,0.20624814814814815,122.08986616421825,1956.5835108422498,0.0196,0.787620826495855,16.15365038636359
UIEB_147.png,126.11028518518519,31.443300589994422,988.6811519927436,6.79846629801976,206.0,31.443300589994422,125.57007598876953,126.45648956298828,125.8140869140625,33.02213668823242,0.49775952100753784,54.58761111111111,141.2469851851852,133.85486922648857,0.9323068862040579,0.05538912619003551,0.4659699300076571,0.0030679553000956777,4.721046188091263,10.673846487964955,4.6580452133684976e-08,0.07793703703703704,47.503510417798786,663.3755918795061,0.006918518518518518,0.654444441615222,15.225870850893992
UIEB_148.png,126.13781851851851,30.634681546628826,938.4837134633607,6.867779131809465,209.0,30.634681546628826,126.24429321289062,126.03871154785156,126.36769104003906,29.225736618041992,0.5001627802848816,48.01937407407407,139.71983333333333,137.2142051567427,0.9268883430568265,0.04380191258573762,0.40919167783548777,0.0019186075461685994,5.075373771099981,11.03467356414223,2.9042797197053512e-08,0.08238148148148149,51.95520861687787,657.2669147248148,0.007333333333333333,0.6419238434038951,16.7800712153616
UIEB_149.png,124.11824814814815,48.21676209582191,2324.856147005089,7.52925003106849,222.0,48.21676209582191,124.09851837158203,124.14641571044922,124.0225830078125,17.945268630981445,0.5000564455986023,33.67491111111111,132.05360370370371,281.67376368020774,0.9394513474652139,0.016731842220143706,0.22986660891950558,0.00027995454407978346,9.168959376739009,12.782750119840975,4.0389366915479035e-09,0.16395185185185185,91.67349111004951,1137.3007246076818,0.015437037037037037,0.7566363374124645,17.09439830534378
UIEB_15.png,119.75346153846154,48.24822934534025,2327.891634960552,7.384524690518709,221.0,48.24822934534025,120.03546142578125,119.85306549072266,118.5316162109375,77.74959564208984,0.5035368204116821,117.95956114398422,155.05669132149902,65.40059863085418,0.9859603701585073,0.0447321565293102,0.5027764650433612,0.0020009658277627095,3.2426331854866595,10.913876056188116,3.029948484344802e-08,0.05062623274161736,41.46947115839631,196.36054703879418,0.00448224852071006,0.8688117023797983,17.710362490659858
UIEB_150.png,124.95375925925926,51.552922957845944,2657.7038654975995,7.631108624404726,228.0,51.552922957845944,124.95370483398438,124.98249053955078,124.81023406982422,11.793350219726562,0.50022953748703,23.657688888888888,130.21302222222224,375.42412910406233,0.9293904508495398,0.014117137324909958,0.19717065706620174,0.0001992935662503659,10.764822852902984,13.13534972394601,2.8081478452738326e-09,0.17455925925925925,103.0609091557818,1216.567262165583,0.016774074074074073,0.7790024411311262,17.092407790623735
UIEB_151.png,124.33048148148148,44.49318304578751,1979.6433375459535,7.42413136628808,211.0,44.49318304578751,124.64119720458984,124.21822357177734,124.08274841308594,11.33383560180664,0.5019763112068176,19.817851851851852,128.95467037037037,223.00314598404748,0.9436641063056702,0.015861736516874465,0.19091611875967904,0.00025159468533074886,8.814208866629567,12.747106994973683,3.6061995890540903e-09,0.16545555555555555,86.39971973324717,740.8762427795748,0.016344444444444446,0.7266373813522299,17.261654337906847
UIEB_152.png,123.5694,57.086095069698594,3258.8222503066663,7.759194928272532,238.0,57.086095069698594,123.73699951171875,123.83782196044922,121.75363159179688,24.329818725585938,0.5038326382637024,47.532803703703706,134.84744444444445,804.1272008903729,0.8765820208406558,0.010235591933682389,0.12823443184259328,0.00010476734223286398,17.431990354294193,13.95669039508447,1.3657921321161496e-09,0.2629148148148148,164.37907970923766,2942.544443800151,0.02790740740740741,0.8149128365892752,16.338792897476193
UIEB_153.png,122.55084444444445,49.742300651474984,2474.2964741017286,7.564338736463115,226.0,49.742300651474984,122.02661895751953,122.7990951538086,122.63414001464844,25.273326873779297,0.49718865752220154,41.83641851851852,132.53432222222222,417.10892227787053,0.9157525309858306,0.016343881352990815,0.21813950003362462,0.00026712245768064084,11.200556483027267,13.036526424072019,3.843134591951612e-09,0.1852111111111111,105.83734159311487,1869.4142720355417,0.01661851851851852,0.7735520957817696,17.427967556298753
UIEB_154.png,118.0042962962963,58.773284590380335,3454.2989815418387,7.624472903841223,220.0,58.773284590380335,113.98927307128906,119.43746948242188,121.15703582763672,51.670501708984375,0.47378167510032654,90.97044814814815,141.46476296296296,211.6506288258208,0.9693638799174109,0.025544754761121426,0.33081925538898493,0.0006525344958058357,7.359974030792062,12.234418125007775,9.724055583852168e-09,0.16062222222222222,92.51575712238154,2321.9476360783406,0.009925925925925927,0.6726746728380882,14.1144817219611
UIEB_155.png,119.2908740942029,39.391883751427265,1551.7205054859596,7.264734295876625,198.0,39.391883751427265,110.83038330078125,122.88943481445312,122.96450805664062,46.013362884521484,0.4507976770401001,71.6023097826087,136.42783061594204,63.76473016621905,0.9794590071232249,0.04169774086615169,0.5914927016063829,0.0017387015933407366,2.212378420555999,10.160770040122834,2.6297650211765082e-08,0.02655344202898551,21.718771841807346,422.6598182337613,0.0014266304347826087,0.6328327965560328,13.608042498620662
UIEB_156.png,124.68955555555556,39.81292310882405,1585.068846469136,7.246128712555548,221.0,39.81292310882405,124.20315551757812,124.96617889404297,124.5271987915039,38.24751281738281,0.4978214502334595,61.53642222222222,141.80602592592592,297.58971248376923,0.9061485508298757,0.033681612085226485,0.3705821636266708,0.001134450992659675,7.836902244481543,11.902840148403435,1.7077517755083846e-08,0.12358888888888889,75.78730207810369,1339.085300589506,0.011462962962962963,0.8167663691269077,15.82893854698175
UIEB_157.png,125.63052592592592,39.05183298231925,1525.0456592789576,7.211931529820187,217.0,39.05183298231925,125.4036865234375,125.72882843017578,125.7009506225586,36.19977951049805,0.4987622797489166,57.30632222222222,141.86485925925925,263.00119087367835,0.9138005595396039,0.03459462742733661,0.3837611743584825,0.0011967882468362308,7.200916342051567,11.750886537009738,1.8028708767299355e-08,0.11781111111111112,72.72382754018064,1093.6709801547188,0.011651851851851852,0.814084847253433,15.83440897006858
UIEB_158.png,118.08171130952381,52.85858205882781,2794.029697269833,7.6142079341741535,231.0,52.85858205882781,103.61146545410156,124.39251708984375,123.52833557128906,79.20006561279297,0.4179215431213379,113.76528273809524,147.66164186507936,757.7089295651483,0.8644100277324753,0.023949337016083937,0.32113001414203024,0.0005735707435099682,13.99940376818507,12.859249045518926,8.51916434398603e-09,0.18937996031746032,141.25036139976007,4635.2305798182,0.02021825396825397,0.7736241462084088,15.425225489536308
UIEB_159.png,126.25656666666667,28.37558273882279,805.1736957677778,6.728945738316201,196.0,28.37558273882279,125.95002746582031,126.36444091796875,126.45761108398438,32.0376091003418,0.49817657470703125,50.46257407407408,140.53542222222222,83.54739009460211,0.9481061209665385,0.0522643531882037,0.4510472008137616,0.0027315626141812986,3.9369059543683917,10.573404561058645,4.1447507097149637e-08,0.0711925925925926,44.05363628812203,402.9865534674349,0.006362962962962963,0.8345435572658527,17.101003023435204
UIEB_16.png,118.79877516778524,45.10753278732657,2034.6895141597415,6.66828292002859,208.0,45.10753278732657,110.84429168701172,121.96988677978516,123.45207214355469,48.8863639831543,0.4516477882862091,90.46185682326622,142.4442841163311,62.98637550279549,0.9845247523413517,0.07351338139085754,0.5227430606745591,0.00540421724351768,3.1073041198417943,9.956899782595034,8.222898032310763e-08,0.04967561521252797,38.066207829544,136.95895342549008,0.0038590604026845637,0.5821139975809229,12.583232906891661
UIEB_160.png,128.27959568733155,53.086021941964106,2818.1257256226945,7.6229799834452265,233.0,53.086021941964106,127.32689666748047,128.68299865722656,128.70301818847656,34.89950942993164,0.4946923553943634,61.14733153638814,144.6387331536388,198.5980992579727,0.9647444348154541,0.02124748733747654,0.3283177324756234,0.00045145571815622586,5.540091527208421,11.982461967140859,6.655836930751431e-09,0.047309074573225515,38.76736782660367,1683.889973764277,0.0016801437556154537,0.7490260412245027,17.021953758514236
UIEB_161.png,119.63034081463009,54.24026014792519,2942.005820914602,7.679125521618373,233.0,54.24026014792519,108.98848724365234,124.37242126464844,123.11479949951172,84.2181167602539,0.4403802752494812,112.44917705735661,151.3337323358271,504.26405605352227,0.9143473118572648,0.019405722044948084,0.31158144940742005,0.00037658204808578403,10.799736884832992,12.804872532275327,5.513355392811341e-09,0.16448462177888612,105.92436568201151,3018.272792254592,0.013557772236076475,0.6754769847807999,13.62276551782426
UIEB_162.png,119.56189415041783,40.01737661257399,1601.390430952584,7.066988031948213,201.0,40.01737661257399,119.20832061767578,119.53246307373047,120.63916778564453,20.201950073242188,0.4963463842868805,35.49040389972145,128.5560817084494,77.24148418208621,0.9759004667368525,0.045588082221706905,0.49919621648323287,0.0020782732406531093,3.518994052297004,10.589536392662428,3.147910234971022e-08,0.06150882079851439,37.40308335892609,347.53604562003363,0.005023212627669452,0.6262872308768233,12.884046795041007
UIEB_163.png,128.0765851851852,30.45055642449349,927.236386561262,6.928273579590881,195.0,30.45055642449349,127.81007385253906,128.2171630859375,128.07601928710938,30.630596160888672,0.4986869692802429,49.773803703703706,141.60964814814815,37.325256909664255,0.9798537023976465,0.04175534927466629,0.4629707418514285,0.0017435091930493743,2.8639324800593577,10.576323865631384,2.6371008361616127e-08,0.0477,37.80209705133358,94.7721833610974,0.004574074074074074,0.7336951067697051,17.27330559425779
UIEB_164.png,121.8228,52.407879604163,2746.5858446044444,7.619539374161522,226.0,52.407879604163,121.77873992919922,121.880615234375,121.63199615478516,13.164755821228027,0.5000921487808228,25.183651851851852,127.42004444444444,579.4858430717863,0.8945332483055256,0.013958754066300963,0.17329343828868898,0.00019484681508347368,14.104451864218142,13.403196215830054,2.7402958072047978e-09,0.22004074074074073,129.16951071518113,2347.1958156738547,0.02015185185185185,0.8216351514650199,16.061940877683554
UIEB_165.png,129.17672222222222,25.098547449423993,629.9370840709877,6.548507161336815,189.0,25.098547449423993,128.88687133789062,129.34852600097656,129.0154266357422,29.0073184967041,0.4988577961921692,46.89345925925926,142.30448148148147,50.28146169541829,0.9600852278884593,0.05696007824821076,0.4927408183555009,0.003244450514042293,2.7991170469300686,10.013221765004584,4.927355537383718e-08,0.03797777777777778,31.724356415890117,244.15357722851851,0.0034555555555555555,0.556661393596257,15.574875375710874
UIEB_166.png,125.16431111111112,31.41738740710938,987.052231488395,6.891323942161811,196.0,31.41738740710938,124.88594055175781,125.24044799804688,125.49372100830078,31.766578674316406,0.4980810880661011,49.97499259259259,138.94699259259258,81.81361157484696,0.9585452903042875,0.04245152000283009,0.3981235974534101,0.0018021315505506832,4.194394360971991,10.962344467244904,2.7265514549075067e-08,0.06941851851851852,45.40526026432136,368.79227802858713,0.006303703703703704,0.6366891838404056,18.305499928957623
UIEB_167.png,125.16788888888888,37.630063808208945,1416.0217022098766,7.210999701444519,216.0,37.630063808208945,125.019775390625,125.24177551269531,125.18084716796875,26.61854362487793,0.4992351531982422,40.37564074074074,135.67324074074074,131.4990057503246,0.9535606858930412,0.027307703704411407,0.33324472129153015,0.0007457106816079245,5.338723798924133,11.661109914405106,1.1145811348654549e-08,0.08283333333333333,56.35848306764322,604.0250275555419,0.0075,0.69225023416493,19.106446801033453
UIEB_168.png,123.42121851851851,47.77540015682592,2282.488860144842,7.524075562120422,222.0,47.77540015682592,123.42630767822266,123.47914123535156,123.13240051269531,11.890429496765137,0.5004887580871582,21.778137037037038,128.2785111111111,496.90930439621593,0.8911411280922076,0.01247617930959602,0.1462273109760962,0.0001556550501651918,13.71154516787238,13.420074706299147,2.142276933329648e-09,0.22256296296296296,118.32912006093092,2004.8218311495061,0.01924814814814815,0.7983710864684914,19.606088578645494
UIEB_169.png,125.29982962962963,37.17144601020375,1381.7163984894926,7.202969444928068,205.0,37.17144601020375,125.09229278564453,125.39543914794922,125.35231018066406,26.06456756591797,0.49887704849243164,40.96741111111111,135.72903333333332,138.55703209052123,0.9498885489110099,0.02342688311478312,0.28640516905522406,0.0005488188524737104,5.871823409386014,11.895183532241347,8.141480459765784e-09,0.09367777777777778,59.53959025292101,599.6725628957475,0.008248148148148149,0.693390532432112,19.707943917337897
UIEB_17.png,130.62813793103447,32.582833229841405,1061.6410212836572,6.8674548219058655,191.0,32.582833229841405,130.5277557373047,130.68569946289062,130.57774353027344,25.112628936767578,0.4996021091938019,33.95727586206897,140.0574521072797,20.217815132500526,0.9904765935351237,0.0557479769063987,0.5624642716562693,0.0031078369291563626,1.8450175579989638,9.870018944016106,4.718899749899084e-08,0.0211455938697318,21.920010464662553,91.29370873187416,0.001264367816091954,0.7355624661084499,18.42028779036951
UIEB_170.png,128.28817777777778,22.67211809147042,514.0249387535803,6.452590452410258,172.0,22.67211809147042,128.0909881591797,128.3668212890625,128.35227966308594,30.293283462524414,0.49895384907722473,49.49981481481481,142.4168,52.063817473567056,0.9492955501485751,0.0579298690022662,0.5186016579539146,0.0033558697226197228,2.9292969764422185,9.9063725955795,5.0973677575030865e-08,0.04625925925925926,31.14949814801812,243.90232565838136,0.004266666666666667,0.7204274328132808,13.36455096740908
UIEB_171.png,126.65745185185185,42.45506515202275,1802.4325570624965,7.429185423964363,239.0,42.45506515202275,126.65055084228516,126.61097717285156,126.90406036376953,34.611488342285156,0.499578058719635,54.92011851851852,140.89893333333333,78.5277796327212,0.9782014147109465,0.027952053029795438,0.38746704345009586,0.0007813172685804963,3.9655982192543133,11.523246493499075,1.1689124748504582e-08,0.05782222222222222,47.0489679921696,178.81631269617284,0.003937037037037037,0.8581059461862827,21.42716952119084
UIEB_172.png,115.5752705061082,52.53083684386443,2759.488819516704,7.385176496972301,233.0,52.53083684386443,101.58670043945312,121.49454498291016,121.78800201416016,82.59688568115234,0.4175667464733124,147.6280104712042,151.27399650959862,95.9454063928537,0.9826155878336287,0.043780135808247335,0.5045591748990579,0.0019167002913885805,3.762273946979695,10.944006796543182,2.901369479867676e-08,0.05543630017452007,39.22576372602831,505.64067139485087,0.004153577661431065,0.7740138553758537,17.291713463711904
UIEB_173.png,129.0408925925926,25.118310239292622,630.9295092773526,6.640478755636558,165.0,25.118310239292622,129.1021728515625,128.92945861816406,129.4239501953125,21.899578094482422,0.4997115433216095,38.09231851851852,139.78588888888888,47.453923205342235,0.9623987118017708,0.05016665708076635,0.5263252878398825,0.0025166934826592042,2.7003042107215727,10.03277361440971,3.816886434321142e-08,0.04014444444444445,29.30621149013325,210.90907032580245,0.003562962962962963,0.6115743499743082,15.968990423710906
UIEB_174.png,124.75714074074074,42.34330596588949,1792.9555601209327,7.330485519012572,203.0,42.34330596588949,124.72945404052734,124.78910827636719,124.67398834228516,12.142989158630371,0.49999159574508667,21.505596296296297,129.8927,375.76093489148576,0.8952216988294346,0.017541270505115607,0.2020135399402655,0.00030769617093363876,11.29925431274346,12.849550331808484,4.462240323961466e-09,0.20917037037037037,109.25444538096345,1581.3558858148149,0.01990740740740741,0.799325978047734,16.171841730612503
UIEB_175.png,126.8454111111111,33.35477713658101,1112.5411578309877,7.0753096075075765,205.0,33.35477713658101,126.73881530761719,126.9176025390625,126.77307891845703,23.151716232299805,0.49958011507987976,38.118996296296295,137.39514444444444,144.84281209423114,0.9348911807616928,0.028905518921452145,0.36405354961811387,0.000835529024118428,5.726685216100909,11.563851144803426,1.2516330490965694e-08,0.1029888888888889,58.05585304168901,686.5624684413579,0.008833333333333334,0.6562194185535658,16.563949008088585
UIEB_176.png,119.12517316017316,41.46530812097528,1719.3717775674183,7.281891852454536,222.0,41.46530812097528,110.70088958740234,122.922119140625,121.69035339355469,79.9502182006836,0.45255619287490845,123.58124458874458,152.42292207792207,384.8470069162891,0.8881327904599196,0.04115856124451542,0.45224362495104875,0.0016940271637185267,7.99166359516944,11.44828797710148,2.5615972513672275e-08,0.10606060606060606,74.2131152551716,1615.3112082043767,0.009567099567099568,0.8365411938502803,16.192350459874586
UIEB_177.png,126.16887037037037,31.83620006611754,1013.5436346498626,6.9813155208416084,198.0,31.83620006611754,126.05030822753906,126.24059295654297,126.1534194946289,18.920181274414062,0.4994187653064728,31.30178888888889,134.6719962962963,90.08623631979225,0.9555514816814418,0.029071733952222737,0.34337323910709416,0.0008451657149888203,4.7193878686700055,11.349030614952794,1.2663374724217533e-08,0.07271111111111112,47.66165619800206,422.5894955832099,0.006177777777777778,0.6083827569929277,17.109414008604936
UIEB_178.png,116.8813483642794,47.456973043901634,2252.164290489606,7.266123676212385,229.0,47.456973043901634,109.12870025634766,120.23320007324219,119.94763946533203,84.94363403320312,0.4543605446815491,149.6602696728559,158.58210875331565,389.8927035775807,0.9133751577379419,0.04058949552697868,0.40748509864423166,0.0016475071471346223,9.450410277075408,11.6943248383563,2.490613339343448e-08,0.14263483642793987,83.49203336087086,2271.1811278989903,0.011507515473032715,0.7731644605539597,17.277717208949067
UIEB_179.png,122.65695555555556,43.81894569693134,1920.100001990617,7.390481264643013,215.0,43.81894569693134,122.62100982666016,122.68518829345703,122.60191345214844,14.849181175231934,0.49990808963775635,26.18161111111111,129.0589185185185,214.98446670376555,0.9440234851153121,0.0208327885849656,0.26546672725107384,0.0004340050802258731,7.839847894639213,12.38202416267604,6.389561327566117e-09,0.15115185185185184,81.12236576839526,993.0752238468998,0.01437037037037037,0.791285396726383,20.855988061140806
UIEB_18.png,122.24318047337277,45.71313746858629,2089.6909372218674,7.06695837647379,221.0,45.71313746858629,119.44542694091797,123.44268035888672,123.38407135009766,59.49061584472656,0.48392415046691895,106.36106015779093,150.96688362919133,199.51657101085635,0.9522854886462132,0.07865939068885129,0.530469753649112,0.006187299743541345,5.683723365372268,10.697668569252372,9.417787100950384e-08,0.09449704142011835,61.76656098047455,568.0422325874639,0.008436883629191321,0.8939210837296496,20.002703660034417
UIEB_180.png,128.5548037037037,24.522739188247325,601.3647372948011,6.609068615126631,164.0,24.522739188247325,128.58871459960938,128.49075317382812,128.81005859375,18.46378517150879,0.499760240316391,32.00263703703704,137.04635185185185,17.487219439807085,0.98545793752813,0.05929060954254051,0.6449470317700892,0.0035153763799259954,1.4685883880541641,9.236515904601639,5.3407556012931746e-08,0.015303703703703703,16.518779708006257,76.54198472426611,0.0012962962962962963,0.6845856719772025,16.914123012215235
UIEB_181.png,128.8694888888889,36.126717877876125,1305.1397446276544,7.161496944060339,214.0,36.126717877876125,128.7399444580078,128.93807983398438,128.86666870117188,29.23459815979004,0.49936994910240173,44.306488888888886,140.83058888888888,35.89798924132814,0.9862348913710348,0.03465746956523648,0.427611637636937,0.0012011401966652928,2.8024522352068257,10.86451272835589,1.80951142517516e-08,0.024725925925925926,33.186945578385505,46.36624068278464,0.0020592592592592594,0.7707215553290414,17.728434338826737
UIEB_182.png,122.80108888888888,53.131471432589734,2822.953256592099,7.637547330013051,235.0,53.131471432589734,122.72795867919922,122.88041687011719,122.59112548828125,13.963698387145996,0.49996817111968994,25.671581481481482,128.5008962962963,326.55031348543866,0.9421668556799785,0.015021871509566985,0.19984806297543883,0.00022565662364994028,10.241584121684289,13.067872669054019,3.2104161771765184e-09,0.18602592592592593,105.97766693776846,1364.7391218106447,0.018925925925925926,0.7971985397037965,17.072968834529373
UIEB_183.png,125.31143703703704,35.07393523541217,1230.1809328978875,7.109583077140823,206.0,35.07393523541217,125.42169189453125,125.20844268798828,125.49781036376953,19.49129295349121,0.5002734661102295,32.17938888888889,134.12613333333334,107.71672416991281,0.9562207677996089,0.02924299829396246,0.39328900616675516,0.0008551529492206914,4.743286959747727,11.329955602762006,1.2815767824679436e-08,0.08307407407407408,50.9510304934464,525.7599036958026,0.007859259259259259,0.6703785832131895,15.648580041475658
UIEB_184.png,123.0497,55.65410191117659,3097.37905953963,7.681902246447428,231.0,55.65410191117659,122.9539566040039,123.16390991210938,122.7014389038086,15.630935668945312,0.5000865459442139,28.299918518518517,129.3518962962963,509.1226154702282,0.9177907154707701,0.01356584665877233,0.17451033627784807,0.00018403219556932437,12.966651827119275,13.401138124837066,2.575277809247197e-09,0.20613333333333334,123.6941690478156,1808.6081355140602,0.02037777777777778,0.8201602644670607,17.826709280807002
UIEB_185.png,119.48804240631164,50.42387308935655,2542.5669773315353,7.51872754477337,242.0,50.42387308935655,119.03208923339844,119.82392883300781,118.92315673828125,45.8724250793457,0.4985698163509369,86.37540927021696,141.22964990138067,385.7167962383064,0.9241624136919494,0.03396247655572198,0.3892908212238806,0.0011534498137979652,9.148936590570083,12.133536937150591,1.7367416759269186e-08,0.1439102564102564,94.73218048747343,1678.146494374589,0.01344181459566075,0.8621109205057934,17.608056080780607
UIEB_186.png,128.99052962962963,25.335251154326965,641.8749510528257,6.607062141825395,148.0,25.335251154326965,128.88107299804688,129.0537109375,128.9485626220703,14.954887390136719,0.4995346665382385,25.34565925925926,135.3082,11.522526432943796,0.9910233124169107,0.05711886699962056,0.6477897596414548,0.0032625649673203422,1.236019291411612,9.098314962888544,4.9549959995389445e-08,0.009403703703703704,13.940448090574566,54.219406089163236,0.0008703703703703704,0.6829430556271534,15.942183761357915
UIEB_187.png,123.20608888888889,47.731596119453386,2278.3052681106174,6.745383737266388,187.0,47.731596119453386,82.14781951904297,140.70040893554688,140.84776306152344,92.83477020263672,0.2917718291282654,178.85923703703705,163.7917148148148,12.190068632906694,0.9973259334083705,0.08688941930704674,0.8001831995254082,0.007549771187515788,0.7753478018920422,8.370150083750376,1.1496753537678964e-07,0.007351851851851852,9.326044846065118,37.88444798517147,0.00038888888888888887,0.6905392899072443,9.972352533561137
UIEB_188.png,121.99207777777778,38.320092885063275,1468.4295187198768,7.21807048944655,220.0,38.320092885063275,120.77505493164062,122.51887512207031,122.47380828857422,39.45534133911133,0.4929741322994232,65.94658888888888,139.41464074074074,64.06828788721946,0.9781909529346313,0.03400897982937245,0.4075587197438194,0.001156610709034662,3.9712446670376558,11.271788052533754,1.74156481929346e-08,0.08032592592592593,53.58297380433458,189.99629766023318,0.008777777777777778,0.8207167375507473,16.684810010738875
UIEB_189.png,119.93078055555556,42.61696115530711,1816.2053781129553,7.264826184673479,222.0,42.61696115530711,120.13656616210938,119.83295440673828,119.92471313476562,28.694089889526367,0.5010749697685242,46.140347222222225,132.65595277777777,205.54298553144127,0.943363941826345,0.04080193130559293,0.4319827267700237,0.0016647975982663245,6.047821368948247,11.415857399672163,2.516996474004859e-08,0.09529722222222223,61.031992558430034,1080.333212279969,0.00845,0.8825264643568337,23.759081709570534
UIEB_19.png,124.50538461538461,49.687160174367925,2468.813886193294,7.433990141493188,216.0,49.687160174367925,121.53366088867188,125.87548065185547,125.26043701171875,78.33928680419922,0.48393577337265015,127.01374753451677,162.89897928994083,115.1245270717468,0.9767040001973714,0.04720691601546614,0.4772122608856946,0.002228492919691273,4.343876875660618,11.189101321348298,3.377127274519002e-08,0.06757396449704142,48.93756168554567,305.7907142927759,0.005729783037475345,0.8921438288357822,19.331918160506877
UIEB_190.png,125.79712083333334,55.69772035320416,3102.236052543733,7.693280950938654,243.0,55.69772035320416,125.35828399658203,126.0633316040039,125.59535217285156,45.60143280029297,0.49812817573547363,72.89205416666667,146.67737083333333,381.1560100166945,0.9385963656850602,0.01957563618648294,0.28917158969452833,0.00038320553210554036,9.926636060100167,12.837943804697412,5.614421738327643e-09,0.16694583333333332,103.4811178308733,3067.923495462344,0.011666666666666667,0.8977715474481686,22.908988539008156
UIEB_191.png,130.97183333333334,41.81062113832109,1748.1280399722223,7.390001046718819,222.0,41.81062113832109,130.79843139648438,131.06185913085938,130.93836975097656,24.882659912109375,0.49923017621040344,38.15341111111111,140.9806851851852,57.97057688740493,0.9834249566075732,0.028038500028291686,0.4084068194178502,0.0007861574838365128,3.3980300500834724,11.325206253077377,1.1762980572113235e-08,0.043477777777777775,40.52344742497708,122.77556574978051,0.003051851851851852,0.8179993049545301,20.534177827592927
UIEB_192.png,116.38451481481482,42.65911847539666,1819.8003890979285,7.289596365536164,214.0,42.65911847539666,106.99823760986328,120.36343383789062,120.52688598632812,101.39585876464844,0.4441782236099243,149.84242962962963,158.95454074074075,91.21935818957522,0.9748849674024123,0.0353915226467874,0.4492439748825752,0.0012525598752580656,3.8429604897050638,11.12996856355353,1.8879716281060262e-08,0.05488518518518518,40.64320236220563,364.2712988701097,0.005114814814814815,0.7407726899582877,16.33757525065096
UIEB_193.png,124.04581851851852,38.561662701353924,1487.0018302929905,7.129378816674711,177.0,38.561662701353924,124.04991912841797,124.05641174316406,123.98262023925781,11.478036880493164,0.5001225471496582,19.271774074074074,128.95657037037037,204.018727508811,0.9313874247637149,0.026877844869144303,0.31860014436513595,0.0007224185448097868,6.870829159710629,11.8057239597774,1.079040154643687e-08,0.11992222222222222,69.91230237084804,911.6190851511111,0.011562962962962962,0.7067830586694089,18.449976768789902
UIEB_194.png,116.1485157790927,49.189183851278514,2419.575807954879,7.412105157496442,213.0,49.189183851278514,109.6603775024414,118.96612548828125,118.6723861694336,37.61262130737305,0.4614587724208832,78.37126725838264,130.50353550295858,114.90417954974265,0.9762671190745037,0.02957494563774087,0.39270306545662687,0.0008746774094753277,4.816805128863688,11.522620218677137,1.3113687445264093e-08,0.09216962524654833,62.350423406452286,436.6353065524229,0.009452662721893492,0.7094266084351636,15.080762865189781
UIEB_195.png,125.22436666666667,34.256997830219,1173.5419003396294,7.068052569385856,187.0,34.256997830219,125.18602752685547,125.26228332519531,125.14690399169922,13.466795921325684,0.4999258816242218,20.36574074074074,130.66209629629628,72.97367835281023,0.9689272345980405,0.03079449072215604,0.4088550250526611,0.0009483006588369545,3.8298237803746984,11.058734462361233,1.4237089077368991e-08,0.061625925925925924,42.47727564788625,331.8566695288889,0.0056407407407407404,0.6824474186394047,18.115972893390836
UIEB_196.png,120.49567956349206,50.2856944138493,2528.6510626830345,7.09117954329459,197.0,50.2856944138493,107.7964096069336,125.78443145751953,126.56334686279297,52.99839401245117,0.42717400193214417,101.17826388888889,143.82246031746033,38.70521305350187,0.9923480292816945,0.056919261615946716,0.5259580133039186,0.0032398023429045853,2.697809841799825,10.344858346753941,4.920262991092049e-08,0.049558531746031746,34.97783841677388,399.80539304453265,0.0029861111111111113,0.6033331948497421,12.018434043334372
UIEB_197.png,124.2486962962963,33.27905606195029,1107.4955723744306,7.0249836753674995,167.0,33.27905606195029,124.27368927001953,124.25357055664062,124.17623901367188,12.469705581665039,0.5002366304397583,19.76074814814815,129.45454444444445,46.154379521424595,0.9791627590934822,0.032247181891943096,0.4353013444719415,0.0010398807399720628,3.1017807456872566,10.785348382439295,1.5634490217736248e-08,0.0451,34.713968496717435,211.06471818469134,0.004077777777777777,0.6816381512944681,18.460848303037267
UIEB_198.png,122.63914444444444,42.46217552051109,1803.036349934691,7.277431432927753,211.0,42.46217552051109,122.55876159667969,122.6850357055664,122.5885009765625,13.296558380126953,0.4996819794178009,22.56516296296296,128.1933185185185,242.29634947134113,0.9328177719601526,0.02408484171641678,0.28341050271183615,0.00058007960050485,7.7005935818957525,12.15638229185154,8.618481619908907e-09,0.13647407407407408,80.36724186840294,1050.9139378145953,0.012951851851851852,0.7550491411738669,18.399501008020405
UIEB_199.png,119.54178994082841,36.61809458770325,1340.8848512339816,7.203086390872615,199.0,36.61809458770325,118.919189453125,119.88796997070312,119.37684631347656,34.49338912963867,0.49701911211013794,56.91103550295858,134.02184418145956,72.98291531250308,0.9727221104128405,0.024454033461621665,0.33534407565742086,0.0005979997525421121,4.408101273325364,11.562599551812255,8.891921439813416e-09,0.07697731755424063,51.49713280327188,268.89415336608977,0.00769723865877712,0.8282682933868891,17.257888451801932
UIEB_2.png,119.61665680473372,48.17905879914803,2321.2217067717634,7.514638556363585,215.0,48.17905879914803,117.62968444824219,120.67950439453125,119.35070037841797,56.40467834472656,0.49006199836730957,80.42705128205128,142.05041420118343,54.97452855350633,0.9881620276902278,0.03267179021647161,0.42820584950700047,0.00106744587594913,3.598932145291462,11.418452487893033,1.6055100813089448e-08,0.06109960552268245,42.66925950402377,153.58263862687656,0.006005917159763313,0.8400722507087549,18.66955432144741
UIEB_20.png,116.82794583333333,53.33627277188635,2844.7579931970654,7.49781987901436,213.0,53.33627277188635,91.1003646850586,127.81282806396484,127.74440002441406,59.680572509765625,0.35647737979888916,110.1953375,139.47484166666666,47.236252086811355,0.9916993931841712,0.036788460481238426,0.5325684023567385,0.0013533908245796414,2.575383973288815,10.7056041996118,2.0418274467729826e-08,0.031254166666666666,27.631931073276732,186.03932906901042,0.0019416666666666666,0.8342197238769732,16.480894207072595
UIEB_200.png,126.06085185185185,29.166933726020158,850.7100229780522,6.868396565571795,178.0,29.166933726020158,126.4299545288086,125.81610107421875,126.3632583618164,13.561735153198242,0.5013493299484253,22.842548148148147,132.48875185185184,38.089148580968285,0.9776215545147209,0.038038737251070764,0.4862250042734191,0.0014469455316559986,2.6097570024114267,10.364935329713951,2.184580600881192e-08,0.03325185185185185,28.415314571910447,166.80752960876544,0.0030074074074074074,0.6781035437476501,18.431409581240302
UIEB_201.png,118.27726618705036,34.1647761944134,1167.2319324143564,6.986575987670729,186.0,34.1647761944134,95.81053924560547,127.94561004638672,127.40132141113281,55.52934265136719,0.37521713972091675,101.65480815347722,138.6115867306155,329.2196026150699,0.8589465593900791,0.028006588396491335,0.3438044132760884,0.0007843689936104831,8.320526216756145,11.740587632771428,1.1735690377013902e-08,0.14511590727418067,84.8568390876144,1978.9480631755348,0.01567146282973621,0.44188914733633844,11.908905117533433
UIEB_202.png,130.55247777777777,29.640803360580787,878.5772238606172,6.855267323333933,208.0,29.640803360580787,130.4181671142578,130.6138916015625,130.5933380126953,26.29667091369629,0.4992900788784027,40.02148148148148,141.56803703703704,24.429356334631795,0.9861089627320866,0.05084045701154512,0.5471984831241193,0.002584752069142767,1.937135967352996,9.948889825174794,3.920735595825602e-08,0.023525925925925926,25.661563805759858,55.49548157518519,0.0018,0.726519035147941,17.320663738958427
UIEB_203.png,118.0270660749507,58.76628325414567,3453.476047506482,7.7459958425938025,237.0,58.76628325414567,118.78036499023438,117.84688568115234,116.9745864868164,64.58175659179688,0.5058326125144958,107.72362426035502,146.59698717948717,374.5445268741788,0.9457696568927653,0.01608494287307977,0.2423705579323674,0.0002587253872302397,9.381622230344458,12.881810187013134,3.715005465205988e-09,0.15701676528599606,106.65420360389538,1273.1301782906908,0.01242603550295858,0.8129254903461459,18.37710094951869
UIEB_204.png,123.3220925925926,39.5271309645378,1562.3940822877228,7.251872445715269,203.0,39.5271309645378,123.19052124023438,123.3934555053711,123.31645965576172,13.679916381835938,0.4993334710597992,23.06552222222222,128.9071037037037,75.22119087367835,0.9759192717863445,0.02659938033538066,0.3419248119173135,0.0007075270342262353,4.477833426080505,11.522700693749341,1.0563175127620468e-08,0.07709259259259259,49.74529863281758,258.94696416558304,0.0076851851851851855,0.6506936530623895,15.886950200177273
UIEB_205.png,121.56274074074074,51.22944491757074,2624.4560265624145,7.608079919603889,230.0,51.22944491757074,121.3953628540039,121.73983764648438,121.07661437988281,15.97075080871582,0.4999470114707947,28.67557777777778,127.95615185185186,280.60763123724723,0.9465350274752967,0.015362770895217537,0.19317753623061493,0.00023601472957894304,9.940437766648117,12.999750959308487,3.3684683306342013e-09,0.1886037037037037,96.68768359474517,1013.2122696539782,0.01707777777777778,0.7863687049105179,18.05056539316832
UIEB_206.png,127.06069259259259,32.60817725382103,1063.2932238166115,6.932935291621779,178.0,32.60817725382103,126.97686004638672,127.10565948486328,127.01060485839844,17.90033721923828,0.49968016147613525,29.15711851851852,134.7045037037037,17.336939343350025,0.9918465439063782,0.044264819294948354,0.5612346374488935,0.001959374227214432,1.8672231496939342,9.978667849951734,2.9664847383910095e-08,0.020607407407407408,21.30287851298827,60.244738589629634,0.0019444444444444444,0.6850025028683134,17.79088777287698
UIEB_207.png,122.79448888888889,34.73908422210663,1206.8039725906174,6.979019958030627,185.0,34.73908422210663,122.49581909179688,122.91152954101562,122.9841537475586,15.469359397888184,0.4981617033481598,24.51962222222222,129.16684074074075,34.84544611389353,0.9855669944823848,0.0368128060352055,0.4029293841955675,0.0013551826881856627,3.1235837506956043,10.720259045773746,2.044561613652286e-08,0.04422962962962963,34.69507710618294,90.75414386796982,0.004411111111111111,0.6810290860056166,16.7883100522075
UIEB_208.png,123.98919146825396,51.589105831724886,2661.435840516911,7.574174626107701,219.0,51.589105831724886,118.16641998291016,126.5316390991211,126.19646453857422,46.7453727722168,0.4675634205341339,78.05434027777778,142.13507936507938,76.46438508625488,0.9856257977043045,0.027092609270965417,0.39500161521278343,0.0007340094771092013,3.700582319739248,11.486523878007517,1.0967265137431354e-08,0.04881448412698413,40.39355123037298,250.23076237399908,0.0044295634920634925,0.8187249242278712,17.28482685873598
UIEB_209.png,121.13293703703704,51.896150841739974,2693.2104721886285,7.570299511709876,221.0,51.896150841739974,120.60848236083984,121.39464569091797,121.17646789550781,17.33894157409668,0.49720877408981323,32.87291851851852,128.39045185185185,287.2331738081989,0.9466697084179302,0.018129617682344185,0.23596051098765167,0.00032868303730796696,8.928733073641254,12.726103969927625,4.7824744910502144e-09,0.15935925925925926,95.35693339399444,1133.4667235906172,0.01592962962962963,0.7960857109512126,17.5769415604169
UIEB_21.png,123.79837771203155,50.354131944429916,2535.538603877057,7.503273768223177,231.0,50.354131944429916,118.22384643554688,126.14974975585938,126.31255340576172,45.18024826049805,0.46828314661979675,72.85675542406311,142.38481755424064,415.6596200768539,0.9180321287651785,0.027166413258391017,0.3670706485482056,0.0007380140093256833,8.42862364295522,12.085846484856301,1.1028369449816636e-08,0.1266715976331361,87.61854720747017,3036.8484862662126,0.009566074950690335,0.7142215369096107,16.664274142041897
UIEB_210.png,125.53076666666666,37.67526924484391,1419.4259126714817,7.1966615136900325,201.0,37.67526924484391,125.35128784179688,125.64456176757812,125.4524154663086,17.552671432495117,0.49921461939811707,27.156425925925927,132.8309037037037,23.811333704322017,0.9915972323240879,0.033978235021067435,0.47849442200230236,0.0011545204551468935,2.3409719903542943,10.652706922172438,1.7383753449774068e-08,0.02719259259259259,27.821849987582745,88.87200366517145,0.0026333333333333334,0.7693663384366927,19.85546190623264
UIEB_211.png,118.50056213017751,58.57014068921656,3430.461380354621,7.722617122026958,225.0,58.57014068921656,117.28936767578125,119.09008026123047,118.63631439208984,30.460268020629883,0.4933796525001526,52.683461538461536,129.58463510848125,89.52588633916488,0.9869489812285583,0.01932932018489948,0.2942648077519314,0.00037362261881036254,4.718989242425739,12.10028163682607,5.468198085752297e-09,0.05818540433925049,56.02928075104854,199.5168649975053,0.004176528599605523,0.868945263105973,20.617963853983603
UIEB_212.png,120.18221851851852,51.786468132096964,2681.8382815966943,7.394680792143098,212.0,51.786468132096964,102.5419921875,127.64781951904297,128.03929138183594,49.31576156616211,0.4010448455810547,103.44263333333333,141.73782592592593,51.93486922648859,0.9903168718839046,0.030541529524284797,0.4117458800399794,0.00093278502568276,3.328451122240772,11.18765025039243,1.4000339303898011e-08,0.045755555555555556,38.50475403943909,190.39001982545952,0.003648148148148148,0.712125049133709,16.85494768574173
UIEB_213.png,120.43834812623274,36.29456908956967,1317.2957453975462,7.073241343676223,192.0,36.29456908956967,113.3430404663086,123.3656234741211,123.9897232055664,43.23646545410156,0.4582194983959198,74.97680966469429,138.43068540433924,66.7580434847033,0.9746674995339607,0.042587614180086344,0.5383411233475601,0.0018137048815518916,2.724466813525501,10.326852992091892,2.7442109565572985e-08,0.037608481262327416,35.274328826245245,281.5391790082824,0.0035207100591715976,0.7341986042664846,14.07756198497072
UIEB_214.png,117.43674432497014,51.35237382444319,2637.0662974053585,7.498849405431543,231.0,51.35237382444319,107.27096557617188,121.79013061523438,121.68862915039062,83.58949279785156,0.4405762851238251,139.50192951015532,155.48364994026284,209.9465955804477,0.9601532489492683,0.033893397335581395,0.39932937016812575,0.001148762382947596,6.385726509535007,11.811293013761832,1.7295892240678344e-08,0.1059557945041816,71.18469062203353,723.5443308838601,0.008727598566308243,0.6788902729091811,13.90138570129671
UIEB_215.png,118.25094606542882,40.22067473252555,1617.7026759396197,7.028018185687797,199.0,40.22067473252555,113.00684356689453,120.37775421142578,121.03697967529297,52.390987396240234,0.46810251474380493,81.60980990274093,140.76813881520778,93.1709347586384,0.9712226213891634,0.046267121596996474,0.5066743024426865,0.0021406465408712575,3.671858048117331,10.604589373224979,3.243084338087094e-08,0.05886825817860301,38.521442501281015,545.3437709051284,0.004292661361626879,0.8112517466771578,18.813462959270584
UIEB_216.png,126.5909962962963,26.61118480472257,708.1551567110974,6.62384986028483,174.0,26.61118480472257,126.33873748779297,126.69802856445312,126.6804428100586,24.192934036254883,0.49861669540405273,39.83165185185185,137.1736962962963,24.24383231311445,0.9828772090199884,0.05346559598365315,0.5278619441409044,0.002858569953887228,2.1497941012799107,9.829766629356929,4.33854853031117e-08,0.03335925925925926,29.77325126103928,67.71249159998628,0.0028,0.6433260741305431,16.17372902980081
UIEB_217.png,129.6354037037037,22.974275773536476,527.817347318505,6.357657345814116,172.0,22.974275773536476,129.5458984375,129.6776580810547,129.58689880371094,34.58226776123047,0.49966683983802795,53.75582962962963,144.76157037037038,6.380181784455575,0.9939569949613689,0.07746546592248522,0.6083523295557716,0.006000898410587719,1.2685141903171955,8.934082206244867,9.133361238899563e-08,0.005629629629629629,17.928051769481876,12.19599992888889,0.0009407407407407408,0.6236735326488195,16.51375694433743
UIEB_218.png,127.09481851851852,38.23344422879914,1461.7962575966942,7.233238968925435,208.0,38.23344422879914,126.73848724365234,127.26678466796875,127.18360137939453,21.500019073486328,0.49808722734451294,35.01748888888889,136.3479111111111,80.85633834168058,0.9723575495562999,0.027292643112881432,0.38559646280288956,0.0007448883680871143,4.070933036542385,11.334749134277553,1.1133263840097265e-08,0.06537037037037037,44.50925258607469,298.6739257349245,0.006474074074074074,0.719972893437177,17.958449705889233
UIEB_219.png,128.3442311365807,45.518465093058126,2071.9306644279513,7.439565106781608,231.0,45.518465093058126,127.24773406982422,128.8187713623047,128.77565002441406,65.05216979980469,0.49398481845855713,92.5279799426934,157.35367239732568,189.57307546962224,0.9542613427597043,0.02552240451415423,0.33850073922891627,0.0006513931321841203,5.827587526488752,11.911677182710527,9.706639757104804e-09,0.09087870105062082,70.92556792249502,765.3875166848658,0.007516714422158548,0.796836549994092,14.733078551209049
UIEB_22.png,118.47335115864527,39.90077301686912,1592.0716873437107,6.960765118838986,217.0,39.90077301686912,97.56835174560547,127.17475891113281,128.50497436523438,64.03357696533203,0.38160377740859985,121.6507531194296,150.13383244206773,182.66089650308447,0.9426301492067275,0.04095048340055198,0.3795387686341816,0.0016769420907388835,5.738699972324641,11.150109372630332,2.5355274988958495e-08,0.07438502673796792,43.945420622252826,1502.6348108133077,0.003413547237076649,0.6326020092659255,13.106234294715666
UIEB_220.png,125.46492845117845,63.05484244297458,3975.913155508349,7.666274071834578,226.0,63.05484244297458,118.11068725585938,128.5872344970703,128.70751953125,73.9729232788086,0.45904821157455444,127.89990319865319,156.8762037037037,61.640870305728406,0.9922508518869031,0.031467365158977,0.5122836340639682,0.0009901950700483997,2.8251252086811354,11.046033586063608,1.4876347060942072e-08,0.03947811447811448,40.380947350197374,223.96864893631533,0.002457912457912458,0.8133320492340267,16.80055797170875
UIEB_221.png,119.72372592592592,34.64315033637367,1200.147865228587,7.029898386277459,200.0,34.64315033637367,111.9227294921875,123.0206069946289,123.1974105834961,37.9897575378418,0.4545675814151764,64.23985925925926,134.75263703703703,34.851875347801894,0.9854592775787856,0.03494725797200046,0.4434273603855715,0.0012213108397615498,2.613440920051939,10.625676611790642,1.8402893840012363e-08,0.026874074074074075,29.8517304125761,118.8024484948011,0.002062962962962963,0.7135638940994878,13.593613751319392
UIEB_222.png,116.45157568238213,53.114856234882275,2821.1879528522127,7.596035136579302,233.0,53.114856234882275,101.82685852050781,122.9212417602539,121.49715423583984,98.41290283203125,0.4166088104248047,125.96168320926385,153.30465674110835,313.5749740054765,0.9444501645735865,0.025659662385511296,0.3732354229939242,0.0006584182737384232,7.888126198751436,12.20282059086034,9.813834910216112e-09,0.12790736145574855,78.20237507016284,1842.8929670420396,0.009305210918114143,0.7897982067649197,16.666972847972225
UIEB_223.png,120.03913708086785,50.89242417208465,2590.038838111386,7.632296528823672,231.0,50.89242417208465,119.6406478881836,120.24629211425781,120.0103530883789,23.810251235961914,0.4979701638221741,49.62989644970414,130.55714990138068,199.30272841323307,0.9615122857373576,0.015865174092812805,0.23909667709868196,0.0002517037489952586,7.691749562880936,12.708652951677946,3.607863768505228e-09,0.1484861932938856,89.36500738521651,760.8332136844532,0.013570019723865878,0.8961000128968616,24.292884014896792
UIEB_224.png,120.50042316258352,51.02962733009377,2604.022865448253,7.5187961185886625,220.0,51.02962733009377,113.41328430175781,123.68839263916016,122.6645736694336,68.47777557373047,0.4603690505027771,116.6479435783222,148.5334521158129,70.4418500024168,0.9864715312850592,0.026446397179892354,0.4063517863149407,0.0006994119237966182,3.4922941353629473,11.390781893577543,1.0439348369356052e-08,0.047487008166295475,44.901805158290074,247.39907943131897,0.00404974016332591,0.8197329152860319,16.95230503844448
UIEB_225.png,125.27435185185185,54.02643380401768,2918.8555495799037,7.7001805571451225,231.0,54.02643380401768,118.2891845703125,128.3648223876953,127.68997192382812,74.87858581542969,0.46196821331977844,104.47058518518519,153.25424444444445,293.883353737711,0.9496287634700171,0.02005628993955931,0.33194682257295427,0.000402254766139668,7.694809868299018,12.46999718898757,5.905089982256592e-09,0.12585925925925925,80.6823489342658,1265.4610335305213,0.011403703703703704,0.6256944527027642,13.717729625289326
UIEB_226.png,116.17980952380952,56.22631806492687,3161.398843138322,7.599591489137299,229.0,56.22631806492687,113.6915054321289,117.05801391601562,118.17176818847656,40.067447662353516,0.48332104086875916,82.13652380952381,135.47443386243387,85.85788483451256,0.9864188489770184,0.028635086957380033,0.43122792618409644,0.0008199682050567161,3.9202109335665263,11.530897282929839,1.2278891235263309e-08,0.061592592592592595,49.76275812071772,299.88527495755994,0.004798941798941799,0.8094146959650107,17.835827812854316
UIEB_227.png,130.35082034149963,56.43326891520173,3184.7138404554735,7.683345446896144,229.0,56.43326891520173,129.72344970703125,130.62486267089844,130.5938262939453,46.905574798583984,0.4966086149215698,64.91788047512992,148.51829250185597,38.34626381757271,0.9939805204224392,0.030752481722115768,0.5209077055458784,0.0009457151320690644,2.230302174001956,10.914613095057645,1.4197637069802314e-08,0.021269487750556794,27.406059224401762,147.70574609892256,0.001562731997030438,0.9061789410660758,22.15433037915284
UIEB_228.png,120.34138455827765,49.023894458999244,2403.3422279270967,7.529403737564484,224.0,49.023894458999244,119.64163970947266,120.66559600830078,120.4988021850586,38.1970100402832,0.49609991908073425,65.66836302895322,135.39174832962138,111.76628828299577,0.9767224825692077,0.024570274674602283,0.38644647970998963,0.0006036983975854024,4.2124290298232765,11.611669101006168,8.978875862471043e-09,0.0635486265775798,53.62609989716994,462.6031438941137,0.00633630289532294,0.8218828120409691,14.611120032446292
UIEB_229.png,112.4729132791328,50.18201286677372,2518.234415361043,7.077866593702587,212.0,50.18201286677372,109.57498931884766,113.35718536376953,115.45781707763672,21.176881790161133,0.47888025641441345,44.941368563685636,122.67841011743451,186.8472702924024,0.9629076722428224,0.07251146787364252,0.5126641885632659,0.0052579129731902905,5.2542267826684945,10.622278336297551,7.999655432323899e-08,0.08509485094850948,56.78369507460327,812.3044489038507,0.007637759710930443,0.7378009237278332,14.896393825364322
UIEB_23.png,122.22706024096385,59.20112212887232,3504.772861317656,7.670744822730558,229.0,59.20112212887232,117.60858154296875,124.20933532714844,124.1365966796875,45.306976318359375,0.47356757521629333,87.07634538152611,140.25518875502007,485.45258563469235,0.9307369175139437,0.01732382236748295,0.2617210064326622,0.00030011482142010254,10.322943862260395,12.859852740136457,4.346558110925331e-09,0.14595180722891565,103.43893066869828,1943.0668683264948,0.010686746987951808,0.8261197280776482,17.673830608910567
UIEB_230.png,120.43735119047619,51.72339659846616,2675.309755682221,7.455217932333203,226.0,51.72339659846616,107.39653778076172,126.05628967285156,125.67073059082031,89.19506072998047,0.4266389012336731,138.5169841269841,159.03166666666667,497.3463212497019,0.9070545795203171,0.03922039080486842,0.45967975843639153,0.0015382390548866075,8.498400111296604,11.610082687663324,2.3238834622560234e-08,0.12056051587301587,101.28741914151048,2841.756934511901,0.009077380952380953,0.8400375634704487,18.217953260578923
UIEB_231.png,121.22874074074075,27.943707366368354,780.8507813772289,6.736665248651731,191.0,27.943707366368354,120.15232849121094,121.69700622558594,121.675537109375,31.94738006591797,0.4936971366405487,49.312325925925926,133.70096296296296,31.088532739751436,0.9800809680503977,0.049140093463208946,0.48823087559663786,0.0024147487855729105,2.4896605453533667,10.178172834807876,3.661331171433121e-08,0.03431481481481481,30.315854861263208,87.56023253661179,0.0028259259259259257,0.877414883720109,19.399840334014446
UIEB_232.png,119.28117357001972,53.23293722985613,2833.7456061178027,7.590025042678361,222.0,53.23293722985613,116.91749572753906,120.3299789428711,120.08412170410156,50.424720764160156,0.48631715774536133,86.67134615384616,140.88382642998027,358.54979699894295,0.9367355488416444,0.025001137348371658,0.3436510783022911,0.0006250568687121442,8.691828590056405,12.36045731432154,9.304780268091494e-09,0.1437869822485207,88.76141184498555,2262.793704892817,0.012233727810650888,0.8838911752046843,20.09493740208923
UIEB_233.png,120.06127401837928,58.95308267829699,3475.4659572741202,7.662143813834771,227.0,58.95308267829699,116.91847229003906,121.44116973876953,121.21932220458984,34.02509307861328,0.48181915283203125,65.20031328320802,133.53700083542188,107.76698842264258,0.9844980929826276,0.03182609623365674,0.47592444003486023,0.0010129004014739797,4.280157823607432,11.397054976503444,1.522280292375915e-08,0.06882623224728487,44.126869693142034,634.8553626390539,0.005547201336675021,0.8658750091299124,19.697491764148026
UIEB_234.png,118.73041194968553,35.86140001397565,1286.0400109623727,7.09035564000531,205.0,35.86140001397565,90.30598449707031,130.84751892089844,130.87857055664062,73.2899169921875,0.34504008293151855,125.21539308176101,147.6064245283019,42.68077928623177,0.9834120846258462,0.03768885210743241,0.5165235398038852,0.0014204495731759126,2.429461051437931,10.453088672986638,2.144150976735555e-08,0.030968553459119495,32.01326242470767,150.41095282899212,0.0029150943396226417,0.6456824651432097,13.946830203079678
UIEB_235.png,125.09354280510018,44.533387448619905,1983.2225976488967,7.467478379417305,238.0,44.533387448619905,125.2888412475586,125.0829849243164,124.622802734375,29.991985321044922,0.501745879650116,55.851001821493625,139.45609289617485,401.51139877938647,0.8987862272890157,0.025501848475077717,0.34550937370317947,0.0006503442756458237,9.444830637583587,12.364892636586008,9.690635476430109e-09,0.12459471766848816,72.36726811241759,3466.594781609799,0.005842440801457195,0.8662355390564964,18.91095308250225
UIEB_236.png,116.61819555555556,53.841526918557555,2898.910020921758,7.566604189800262,237.0,53.841526918557555,111.91049194335938,118.5988998413086,118.78177642822266,105.83979034423828,0.4714389443397522,164.75518666666667,168.7576,634.8987779632721,0.8904415599328664,0.03207478713566431,0.3396051300648143,0.0010287919697981765,12.572723427935449,12.638912817264377,1.5465289012690383e-08,0.17066666666666666,100.38814049953962,4295.899560177285,0.012373333333333333,0.7144140187727235,14.73471206144325
UIEB_237.png,117.14147435897436,45.68134580797985,2086.7853548282383,7.246749018278217,213.0,45.68134580797985,110.23920440673828,120.22593688964844,119.36483001708984,63.437713623046875,0.46011459827423096,103.51357495069034,143.84155818540435,171.43380486214696,0.9589666127262105,0.05121617487333233,0.482845053988067,0.0026230965686557584,5.11405103179856,11.058258415628792,3.979244658803189e-08,0.09304240631163709,61.60519925612045,943.1435510641696,0.009068047337278106,0.7835069062713481,14.852079760548612
UIEB_238.png,118.39057788944723,48.92303097519661,2393.462959800047,7.320499287851505,225.0,48.92303097519661,116.36790466308594,119.27289581298828,119.16338348388672,44.398109436035156,0.48804613947868347,87.487081239531,140.71679229480736,42.888990025251466,0.9910326479304764,0.04836821812071762,0.5351893784889636,0.0023394845241733165,2.6152339326012366,10.617714968917426,3.5464870225689955e-08,0.044342546063651594,35.69150090978641,171.38324085243357,0.0034380234505862646,0.8627495121158514,19.70076272343393
UIEB_239.png,121.92219921104537,53.704810574032024,2884.206678792662,7.553252857586229,237.0,53.704810574032024,120.69666290283203,122.51273345947266,122.13700103759766,43.84849166870117,0.4933447539806366,82.81305226824458,143.41548816568047,215.09455107625135,0.9627291015983214,0.04086790307860753,0.4539269652031862,0.0016701855020424586,6.275444280902095,11.67165391404461,2.525217762725767e-08,0.10959072978303748,72.35788635592331,868.9601379326265,0.01044871794871795,0.8798189503464154,18.693810791710625
UIEB_24.png,122.89301111111111,51.69831863488358,2672.716149673951,7.622892565823527,228.0,51.69831863488358,122.89921569824219,122.88079071044922,122.92472839355469,18.536632537841797,0.49998560547828674,34.12735185185185,130.64455185185184,170.71641253941755,0.9680607428398645,0.01709837988969865,0.23905901748669148,0.0002923545948524512,7.145668707104433,12.578250309824021,4.2281464506523306e-09,0.13592222222222222,76.85102805868912,649.2759972836077,0.01101111111111111,0.7734316116585739,17.48764424788854
UIEB_240.png,117.06079827400215,42.97095684353378,1846.5031320488426,7.0357014054118014,204.0,42.97095684353378,95.65787506103516,126.21534729003906,126.08065795898438,78.53268432617188,0.3791493773460388,141.62137540453074,151.2430151024811,96.08594150985192,0.9739912998990587,0.05487080669430395,0.5379845241795833,0.003010805427283671,3.4722649939759362,10.444232808116645,4.5708414279497825e-08,0.06689320388349515,49.38626649378792,555.3946263719715,0.0056634304207119745,0.7369416522000849,15.26915144985761
UIEB_241.png,117.07503472222223,45.177879250362146,2041.0407735603026,7.344625344679163,201.0,45.177879250362146,96.6877212524414,125.69686126708984,126.13345336914062,56.08992004394531,0.3839399516582489,113.16967757936509,142.69181051587302,173.01463252245804,0.9575894276054682,0.03390816022295665,0.4793524015824546,0.0011497633297056999,4.224595556085539,10.98550592636101,1.731116547612304e-08,0.0685763888888889,57.675527705799006,978.170654755606,0.005257936507936508,0.6734122469349955,14.850445987200168
UIEB_242.png,122.88947786131996,46.58425935094647,2170.0932192762434,7.519845432969901,219.0,46.58425935094647,121.54247283935547,123.45166015625,123.5329818725586,43.47274398803711,0.4921053647994995,67.908111946533,139.42776106934002,124.32745888092518,0.9713484154062929,0.030422408875154905,0.4669334484562676,0.0009255229617671039,4.078664942824507,11.304321712432621,1.3889529002450625e-08,0.06361319966583125,47.72298363039952,447.5188468748451,0.005129490392648288,0.8357167744343815,15.410829078324541
UIEB_243.png,121.9681143281366,53.31151994879228,2842.1181592504777,7.697161436051516,238.0,53.31151994879228,121.90752410888672,122.07949829101562,121.54944610595703,18.360958099365234,0.5003819465637207,41.171547884187085,130.20426132145508,162.12156861287,0.9714596048994708,0.01884301533501583,0.3095487059963943,0.0003550592269156417,5.696628753936592,12.255350180048826,5.184943204546228e-09,0.11243132887899035,81.48455393326088,828.8079321282991,0.007735708982925018,0.8381559312032927,18.84020244057804
UIEB_244.png,116.44565998329156,43.71340451028009,1910.861733879376,7.090543792976047,211.0,43.71340451028009,96.41375732421875,125.02497863769531,124.78330993652344,80.83082580566406,0.3859509825706482,143.53334168755222,150.84280284043442,116.72569989246907,0.9694471938345361,0.053222367254048844,0.5067306239220783,0.0028326203761248506,3.948213605800812,10.68751270816508,4.2989526169774636e-08,0.07518796992481203,55.752063086897,672.0001420172542,0.005973266499582289,0.7465013316553911,17.05539564335953
UIEB_245.png,118.03942956349206,46.40621064876744,2153.536386777777,7.327850537305748,213.0,46.40621064876744,115.42678833007812,118.905029296875,120.44363403320312,22.245683670043945,0.4822537302970886,44.0205753968254,128.51910714285714,95.62012580491296,0.9777984147157934,0.04115132498489999,0.5151842794220773,0.0016934315480128543,3.41738711344304,10.77144127664844,2.5606884139257115e-08,0.05396825396825397,43.96492003267072,516.5985450768604,0.004424603174603175,0.6367305705472964,13.02378229825875
UIEB_246.png,122.97926587301588,42.637720564510104,1817.975214937248,7.357577539540978,202.0,42.637720564510104,121.95166778564453,123.43086242675781,123.32349395751953,24.73786735534668,0.4942229390144348,35.114449404761906,131.9191021825397,58.32092177438588,0.9839699745593584,0.03239349926339092,0.468454278376193,0.001049338794527308,3.0158498290802136,10.939136855028362,1.577880867713636e-08,0.04484126984126984,40.63099729048026,299.8647370976385,0.003849206349206349,0.8659432441132644,20.284321353207492
UIEB_247.png,121.67524288107202,52.82361607804576,2790.3344155607742,7.416668827409797,223.0,52.82361607804576,101.26310729980469,130.31581115722656,130.7002716064453,98.29651641845703,0.3879573345184326,158.93564070351758,161.82770100502512,308.1191223227993,0.9447912535663321,0.033651120795305,0.3580469603310008,0.0011323979307802088,8.202636722846284,12.052294180669637,1.7046190516932813e-08,0.1363316582914573,87.39570314870396,1793.4449093759556,0.01154103852596315,0.8033761278016747,19.344528589676248
UIEB_248.png,119.48034023668639,58.355802644219565,3405.3997022511035,7.721730754003547,230.0,58.355802644219565,116.28975677490234,120.86492919921875,120.72339630126953,56.39741134643555,0.48135504126548767,86.95012820512821,141.6526972386588,239.5601742549219,0.9648235261421915,0.020311849422383933,0.30260746261157934,0.0004125712269575985,7.503768608430224,12.504527481515165,6.06250668174894e-09,0.13372781065088757,85.62594451344452,1068.1379577823682,0.010700197238658777,0.848982472729061,19.416671637177465
UIEB_249.png,127.02020050125313,49.57758896867043,2457.9373279464326,7.605460193151088,231.0,49.57758896867043,126.54642486572266,127.2199478149414,127.22264099121094,20.886255264282227,0.4973476529121399,35.43098997493734,135.6987552213868,96.4975711398697,0.9803800608670077,0.020295913849172776,0.312592983124254,0.0004119241189730433,4.877879172053673,12.065065876043723,6.0526325975119516e-09,0.11274436090225563,76.18787671169544,599.543934832626,0.00865079365079365,0.847389334997807,16.294338728793115
UIEB_25.png,123.89395555555555,41.173380277367215,1695.2472434646913,7.31039761658701,233.0,41.173380277367215,123.13475036621094,124.2243423461914,124.19255065917969,34.35437774658203,0.4956778287887573,53.30461851851852,138.75404444444445,81.95135596364311,0.9758252264627222,0.028194194621410117,0.3532315420154377,0.0007949126103499512,4.449185679836765,11.557845081009681,1.189657320079729e-08,0.07503703703703704,50.72280873676403,297.6533181760768,0.006603703703703704,0.7796825352183125,15.422776722209552
UIEB_250.png,120.24982222222222,53.65176583996255,2878.5119777461728,7.642238682213232,230.0,53.65176583996255,113.60250854492188,123.05361938476562,123.24739837646484,76.56867218017578,0.4612344205379486,123.14370555555556,154.18814444444445,162.36849749582638,0.9717828417432502,0.02572972348911273,0.418690648617928,0.0006620186708261993,4.906928213689483,11.709891351179966,9.868772609919728e-09,0.08322777777777778,64.54542605027254,856.2144971476544,0.007461111111111111,0.7885801008949743,15.812788038473682
UIEB_251.png,119.82670138888889,52.2781605810895,2733.00607374218,7.614250316363779,226.0,52.2781605810895,114.51569366455078,122.08539581298828,122.12837982177734,52.117244720458984,0.46891579031944275,91.80263392857142,141.94843253968253,332.37859229668493,0.9391632660382047,0.026881207327868282,0.4263319528004485,0.0007225993074038395,6.732495627633357,11.803119368889783,1.0793159764729911e-08,0.09026289682539683,74.29174809103333,1330.5711507911906,0.006319444444444444,0.8007144254375418,16.2139937372307
UIEB_252.png,120.20483695652175,41.165677298854405,1694.6129874734168,7.267335615571941,204.0,41.165677298854405,116.5179672241211,121.90049743652344,121.18768310546875,54.73360824584961,0.4793238639831543,87.53852807971015,145.09022192028985,55.41193202438847,0.9836599708985645,0.04202729112734747,0.5246586583410011,0.0017662931995028192,2.9428531247731726,10.723430407851664,2.6718664710087878e-08,0.05478713768115942,43.8556306498036,312.18929735003064,0.004479166666666667,0.834572441703572,16.90648898569827
UIEB_253.png,118.08489898989899,54.97226388665032,3021.9497968235187,7.638504965281157,232.0,54.97226388665032,110.5455322265625,121.22190856933594,121.70409393310547,48.24814224243164,0.4550584852695465,83.69771950271951,137.6247902097902,326.20882901183404,0.9459916425635624,0.01873341417094145,0.29234479478568776,0.0003509408065000299,7.595024341268081,12.44219354319469,5.122101096153715e-09,0.12037296037296037,93.27908463200214,1407.1177271832394,0.010318570318570319,0.7444705660982179,16.058173939663746
UIEB_254.png,120.18042188805347,50.69361092841509,2569.8421889615256,7.544007350322373,219.0,50.69361092841509,106.93254852294922,125.87879943847656,125.58001708984375,85.47635650634766,0.42524874210357666,136.95888053467002,156.0313408521303,294.70597194154,0.9426558367579443,0.027954735788181233,0.39194751381458304,0.0007814672529870206,6.926657210639286,11.95831575791409,1.1691413328926403e-08,0.105,78.84728102327479,1109.1138971940957,0.008788638262322472,0.7826472583514897,15.793718347315286
UIEB_255.png,116.84413133832086,46.88036996621242,2197.7690881689514,7.213767304556234,228.0,46.88036996621242,87.46917724609375,129.43052673339844,129.05616760253906,67.71367645263672,0.33838948607444763,139.3693931837074,148.3796965918537,158.63281695594068,0.9638951049258817,0.054801855320772114,0.5118107264691174,0.0030032433465988387,4.364772542766623,10.782501799654714,4.559302608545439e-08,0.06960931005818786,54.02436409725697,665.358246044628,0.00469243557772236,0.8068676385443503,18.385304652006333
UIEB_256.png,116.82704678362573,52.02635617783716,2706.7417371431748,7.433119275700536,212.0,52.02635617783716,112.98329162597656,118.43868255615234,118.64335632324219,70.43708038330078,0.47655779123306274,122.70221804511279,149.62809523809523,75.61330705729264,0.9860281022270024,0.04369356249892916,0.52137358950557,0.0019091274038478287,3.3109735942527436,10.89877535053256,2.8898141705098406e-08,0.06119047619047619,46.59925157057023,381.19546365663535,0.004995822890559732,0.797847304547339,17.178594732372442
UIEB_257.png,117.73701183431953,46.065370742059706,2122.0183816034105,7.459192291242982,225.0,46.065370742059706,114.58688354492188,119.35350799560547,117.69096374511719,58.74823760986328,0.4833982586860657,94.71839250493096,141.0826775147929,275.6245567069376,0.9350465292144207,0.023292409000293595,0.3057345806044611,0.000542536317036958,7.6215339174758725,12.301321227772446,8.045616576758698e-09,0.1247189349112426,83.04371698689009,970.0034993322042,0.011449704142011834,0.7148522953634545,13.069124809198374
UIEB_258.png,116.9486562731997,44.16051111228765,1950.1507416984812,7.401568548374297,220.0,44.16051111228765,91.25845336914062,127.99858856201172,127.44879150390625,70.981689453125,0.35724949836730957,130.3085486265776,147.24001484780996,188.03228469126344,0.9517815296961922,0.03127500931557509,0.4390313139701044,0.0009781262076893088,5.397217336987035,11.535985682680579,1.469219083598036e-08,0.09612100965107646,66.21484180504486,811.1630474354872,0.008726800296956199,0.7142907876811186,15.861076941063999
UIEB_259.png,115.25900887573964,46.03813219045404,2119.5096155857204,7.104319627827111,221.0,46.03813219045404,103.45624542236328,120.53289794921875,119.02295684814453,78.24209594726562,0.43186691403388977,137.16708579881657,147.3137771203156,101.75235846726792,0.9759972898837925,0.05715302603948303,0.48758100029965395,0.003266468385469825,4.15584159002677,10.788964931179446,4.960952142955514e-08,0.06303747534516765,47.23670792308505,233.87871129568197,0.0046351084812623275,0.7618687894877249,13.965176885419686
UIEB_26.png,118.69776737967915,43.581231307618346,1899.3237222881337,7.444978913639411,223.0,43.581231307618346,93.8490982055664,129.5360565185547,128.06497192382812,89.2439193725586,0.3643195927143097,142.83914438502674,157.16888146167557,249.15100479408636,0.9343968725968768,0.02552895812969433,0.3714238579167463,0.0006517277031876862,6.983729567103818,12.070928354005588,9.711744905474643e-09,0.103150623885918,61.26928466531135,1484.2597348901884,0.007598039215686274,0.6088424450536446,12.830044877015252
UIEB_260.png,119.13940685045948,54.6529697919832,2986.9471070834284,7.538859126265089,233.0,54.6529697919832,114.71883392333984,121.00652313232422,121.14102172851562,65.57459259033203,0.4737558960914612,117.88532999164578,150.75725981620718,402.92407563148265,0.9325037904663597,0.03707374420674207,0.41528145312603393,0.0013744625095069409,8.123827933774336,11.934389214719074,2.0739802863226946e-08,0.11913533834586466,93.82018207195702,1505.5472304382336,0.008926482873851295,0.87482985095214,18.76238282053408
UIEB_261.png,121.49083580613254,47.071679405678346,2215.743002070963,7.517399820418927,222.0,47.071679405678346,109.82400512695312,126.70709228515625,125.23140716552734,87.49532318115234,0.43591591715812683,115.77272007912957,153.2886399604352,504.67507170704886,0.8858807769343021,0.020179483159124906,0.2930429660449441,0.0004072115405694057,10.577659105432893,12.680899601852664,5.980724357710354e-09,0.17492087042532145,121.94769373070088,2221.7262458963028,0.01751236399604352,0.6499429388545627,12.353447254701926
UIEB_262.png,117.55576602564102,45.320737022393494,2053.969204252948,7.414086725040933,224.0,45.320737022393494,106.0207748413086,122.4092025756836,122.77738189697266,64.66226959228516,0.43240854144096375,105.26663141025641,143.02416025641025,219.06753563631693,0.9466773537137696,0.03138041320498608,0.4361781474414928,0.0009847303329156647,5.670437909336073,11.551130937197346,1.4792961789751656e-08,0.10383974358974359,75.6405131404903,1029.8968814048221,0.009689102564102565,0.5772048782705287,11.65985576589333
UIEB_263.png,116.31494047619047,50.489290855268365,2549.1684910678855,7.512241106354762,228.0,50.489290855268365,104.62994384765625,121.2716293334961,121.46406555175781,73.75420379638672,0.4310447573661804,126.45652777777778,147.9717261904762,299.88764011447654,0.9411622293422808,0.02708232662857528,0.3949978301870035,0.0007334524156168376,6.512371810159791,11.767276079583182,1.0958765053624534e-08,0.0877281746031746,73.22626084682611,1589.9613391435973,0.006393849206349206,0.7594029201524776,16.111333543616773
UIEB_264.png,122.28214444444444,47.42530905494358,2249.1599389569137,7.508833652787376,223.0,47.42530905494358,115.7231216430664,125.24475860595703,124.2236328125,60.16591262817383,0.46387889981269836,93.53797777777778,146.58905555555555,467.44160267111863,0.896126113768288,0.025520400514731565,0.3779427132746503,0.0006512908424323111,8.870840289371175,12.16653675683144,9.705078939358686e-09,0.13695,105.61740816763565,2501.6233087258024,0.013377777777777778,0.7114002554365241,13.609856041698311
UIEB_265.png,118.07764341085272,43.748467820222345,1913.9284366170302,7.4291792230961535,225.0,43.748467820222345,90.90790557861328,129.74154663085938,129.28213500976562,90.56405639648438,0.35096368193626404,149.64716279069768,156.370996124031,179.22972784097527,0.9531977401924224,0.030888676667391084,0.4039877928980814,0.0009541103462626303,5.2615250223240295,11.628631906433,1.4325737872316442e-08,0.08257364341085272,61.35001756039074,754.7545813904813,0.007375968992248062,0.7294511307263992,15.485635732105846
UIEB_266.png,118.57650375939849,44.58384752865106,1987.7194604580056,7.339818195094702,202.0,44.58384752865106,109.01250457763672,122.62947082519531,122.789794921875,65.61428833007812,0.4441888630390167,101.5034753550543,143.78895572263994,75.0550583470362,0.9811154487452283,0.034008583029578314,0.48721234231489097,0.0011565837196797222,3.223534629562219,10.93376826348382,1.741523636806064e-08,0.046294903926482875,39.47542040837393,299.8976691391525,0.004239766081871345,0.7195459654253553,13.913338426972988
UIEB_267.png,123.1353037037037,32.16506680449139,1034.5915225373938,6.980350588713413,205.0,32.16506680449139,122.65843200683594,123.34567260742188,123.2941665649414,24.235214233398438,0.4973180294036865,35.53602592592593,132.07281481481482,29.254487108143202,0.9858474578406531,0.04241235034344711,0.46821532137801614,0.0017988074616552983,2.535459098497496,10.507753045753155,2.7214792977795388e-08,0.029674074074074075,30.587304143188184,64.95164909871056,0.002477777777777778,0.8868364181182967,20.75374068600742
UIEB_268.png,117.53459111111111,44.93219824369366,2018.9024390105876,7.392046480686952,218.0,44.93219824369366,103.6015625,123.59600067138672,122.87344360351562,102.04031372070312,0.42034241557121277,147.57484888888888,159.60709777777777,252.86253533667224,0.9373825504052722,0.02578715996338641,0.36668177316430695,0.0006649776189772789,7.2815804117974405,12.044115996529834,9.913922575603926e-09,0.11700444444444444,65.86962790730657,1565.2333698913778,0.008088888888888889,0.7925285131263283,15.895465506086063
UIEB_269.png,120.98361111111112,28.175895206541977,793.8810706900352,6.441526470390724,190.0,28.175895206541977,115.89952087402344,123.13847351074219,123.33343505859375,23.43170928955078,0.470234215259552,43.7506994047619,131.53568948412698,25.258441648779716,0.9840951434394306,0.08752302718251105,0.7043592183638964,0.007660280287190568,1.1987588441052548,8.623553431629666,1.1665377041821392e-07,0.008874007936507937,14.786559378695651,155.39119047264742,0.000625,0.7540420883991171,13.521349965204813
UIEB_27.png,124.81346666666667,33.89253066599166,1148.703634945185,6.922674557109231,209.0,33.89253066599166,124.32598876953125,125.00968933105469,125.07121276855469,31.97452735900879,0.49714308977127075,51.22564444444444,139.36131481481482,52.04779818215545,0.9773440821684571,0.04578792163433198,0.42833178379329173,0.0020965337675917265,3.432691522908551,10.733881020311635,3.1757735878436684e-08,0.05714814814814815,39.952339966206445,183.63203575286695,0.005177777777777778,0.6826642799140226,15.922236403072747
UIEB_270.png,116.71320802005013,47.79499181319867,2284.361242423728,7.424729184381105,220.0,47.79499181319867,113.04778289794922,117.93373107910156,120.07010650634766,39.68054962158203,0.47498300671577454,77.95528404344194,136.1875187969925,71.8366408508751,0.9842815981395258,0.045337267381972794,0.566939736450462,0.0020554678136644943,3.081397148965904,10.587033926106571,3.113111914981071e-08,0.04974937343358396,34.03887822109412,232.7530525034216,0.004306599832915622,0.74417566930173,16.357404147519826
UIEB_271.png,116.71276627218936,38.56953410766909,1487.6089612826493,7.237546970818897,200.0,38.56953410766909,99.8175277709961,124.09078979492188,123.03326416015625,86.64591217041016,0.40391668677330017,134.85210552268245,151.69496055226824,38.72623010737817,0.9869920154047876,0.03515216739805729,0.4767466433149502,0.0012356748727810416,2.7182582410526424,10.803227778404557,1.8622071589943564e-08,0.04088757396449704,35.404010797862135,118.36646318345431,0.00361439842209073,0.5897407286454645,13.106795739464985
UIEB_272.png,123.26356725146199,52.07089126308666,2711.3777169321943,7.5760397745116865,233.0,52.07089126308666,111.74101257324219,128.23060607910156,127.9086685180664,96.5101318359375,0.4362509846687317,131.67574352548036,159.73188387635756,194.86561980912214,0.9640945941432244,0.03379231635979574,0.4284472813975759,0.0011419206449605186,5.5173995087886665,11.703901753494812,1.7191495603912638e-08,0.11046365914786968,81.44755382085265,1103.9994319096963,0.00793233082706767,0.7458445081719068,14.272701101444705
UIEB_273.png,124.20457837301588,56.64323839807396,3208.4564562210403,7.684144885709809,237.0,56.64323839807396,121.40036010742188,125.46087646484375,125.1163330078125,60.660579681396484,0.48448285460472107,87.94305555555556,147.72315476190477,286.7762689800461,0.955310084540465,0.03143341139346797,0.5116783612109589,0.000988059351831002,5.393726647587249,11.336242258809008,1.4843758587165856e-08,0.0690922619047619,62.32746228725432,1533.6222668443868,0.005347222222222222,0.8482796287708281,17.838768162512466
UIEB_274.png,114.19724036850921,52.354028735907676,2740.9443248802463,7.48932878595607,219.0,52.354028735907676,103.47919464111328,118.90859985351562,118.04035186767578,69.7092514038086,0.43671515583992004,104.85785594639866,139.9883500837521,69.95378394476558,0.9872322283601179,0.031186995204805185,0.4651200006369385,0.0009726286699045416,3.2143941745455153,11.109823588058607,1.4608305066559472e-08,0.043890284757118925,40.8736965382019,272.47991596950413,0.003626465661641541,0.7175626481338385,15.978772696136804
UIEB_275.png,114.80012419871795,51.9838268193662,2702.318250785857,7.547128444837729,226.0,51.9838268193662,110.20191955566406,116.90486907958984,116.02333068847656,54.00798797607422,0.4731154143810272,90.83580128205128,136.79867387820514,61.742828592526,0.9885767571033234,0.036394664054457085,0.4958980722036904,0.0013245715716367907,2.9479621484525493,10.972946643515169,1.9978527566136028e-08,0.04953125,40.988885300821806,311.0763140973635,0.0035056089743589745,0.7077230842645958,14.832176186133939
UIEB_276.png,117.9937251984127,42.70402202759377,1823.6334973332143,7.362330236280299,215.0,42.70402202759377,105.37371826171875,123.58037567138672,122.33051300048828,90.50692749023438,0.4285036623477936,139.8139236111111,154.8255853174603,106.89078523730026,0.9707002664574189,0.03608020769058162,0.5022960839907576,0.0013017813869955052,3.585176683361158,10.916331400984223,1.9630776945999218e-08,0.050416666666666665,42.63692946631703,517.375312498007,0.004399801587301588,0.7303298102636893,14.532677984117493
UIEB_277.png,116.85587719298246,45.72977182817482,2091.2120314569315,7.42824553107896,225.0,45.72977182817482,105.21903991699219,121.96733856201172,121.09015655517578,77.93599700927734,0.43289774656295776,117.99654970760234,147.24438178780284,70.19366027757206,0.9831863137600574,0.03796338832204398,0.5344595902008512,0.0014412188528903054,2.8296325119978585,10.73043123838261,2.175842382549751e-08,0.045810359231411864,40.096379956712504,374.98697993896957,0.003813700918964077,0.7764498571396342,15.579307418422676
UIEB_278.png,119.3607536907537,47.102528860698925,2218.6482250729755,7.432453209215978,202.0,47.102528860698925,114.21036529541016,121.64176940917969,121.11811828613281,54.6872673034668,0.47046637535095215,92.30207459207459,140.21153457653458,329.5505251565352,0.925752639879816,0.01989898941903056,0.29399149514110245,0.00039596977989869015,8.469959645251798,12.376136572175977,5.809188702944796e-09,0.17253690753690754,118.45204679883454,1684.8593860302867,0.013943278943278943,0.6470431139587779,15.345247885554585
UIEB_279.png,122.164375,48.98860763457929,2399.88367797476,7.51053742156472,227.0,48.98860763457929,120.53009796142578,122.85037231445312,122.92825317382812,35.465980529785156,0.4904010593891144,67.6786298076923,138.29353766025642,93.2307130473867,0.9805699601745619,0.03423737929841093,0.4558907768470096,0.0011721981412232574,3.985970206754849,11.38679330513802,1.7653493532726395e-08,0.07435096153846153,54.086011427380896,418.87909855639214,0.00593349358974359,0.8801775630004999,18.076340954965975
UIEB_28.png,120.15242083333334,59.93993525791381,3592.795838722899,7.721164370586581,239.0,59.93993525791381,116.0322494506836,121.72859954833984,122.82322692871094,50.91961669921875,0.47446897625923157,102.63235833333333,146.76246666666665,234.30105175292152,0.9673549055395629,0.03163145460175975,0.4660426755176712,0.001000548920223188,6.204524207011686,11.772599020888153,1.5034334276743896e-08,0.10421666666666667,73.80642913097556,1295.6204680499302,0.009370833333333333,0.8257028326527549,18.14650332330856
UIEB_280.png,117.19971631205674,36.80101982558648,1354.315060203209,6.911381182680712,201.0,36.80101982558648,83.35200500488281,131.65872192382812,131.5355682373047,72.67337799072266,0.31669384241104126,141.5094680851064,147.87774822695036,593.7075622491386,0.7807902771596704,0.030392094089475862,0.31048075984800283,0.0009236793831435536,11.65795829929315,11.946835206775116,1.3861398225113733e-08,0.13986702127659575,87.22098762061287,5286.789780031009,0.007504432624113475,0.5198698330930781,11.56182155561819
UIEB_281.png,122.07723893065999,58.051017834095646,3369.920671574491,7.7045238516921115,235.0,58.051017834095646,121.32913970947266,122.44718170166016,122.1494369506836,49.91348648071289,0.49603769183158875,80.35937343358395,142.34454887218044,195.74261613968142,0.9709458745917319,0.0242282669225698,0.3340362464519622,0.0005870089180712899,6.6991811749741625,12.36629221597791,8.724214615002288e-09,0.13441102756892231,83.34466529882471,899.5939389053077,0.010388471177944862,0.8126172249970723,17.716123049297384
UIEB_282.png,122.51759842519685,45.5073456619156,2070.9185091930685,7.504450088896197,228.0,45.5073456619156,122.04278564453125,122.7947998046875,122.31771850585938,48.93047332763672,0.4979051649570465,82.06786089238845,142.67678477690288,119.26129288096087,0.9711922521896105,0.024626943711068196,0.3760779925131793,0.0006064863565481214,4.835955814371285,11.794348027541698,9.021416740198077e-09,0.07580927384076991,54.46807043995063,415.7544005774431,0.006649168853893263,0.8110841628456429,16.55842840402756
UIEB_283.png,117.15600560897435,43.30478505019461,1875.3044082435583,7.282622594236484,203.0,43.30478505019461,93.14421844482422,127.6139907836914,126.3077392578125,87.50249481201172,0.36682257056236267,146.83717147435897,152.08117387820513,325.6922234172339,0.9131628865842114,0.03924207513974843,0.496640770377806,0.0015399404612736617,6.399403653525106,11.185097041559327,2.3264796023729887e-08,0.11085336538461539,86.69293727196532,1660.4352801430366,0.010653044871794871,0.5979063025138625,12.404678098516955
UIEB_284.png,121.4305818540434,57.72902569717827,3332.6404079454696,7.753571359861556,235.0,57.72902569717827,119.56646728515625,122.25621032714844,122.06803131103516,56.96805953979492,0.4893761873245239,88.54331854043393,144.025966469428,493.8244757040827,0.9259024695649094,0.015741262321525243,0.22910577693175044,0.00024778733947507025,11.871645049441376,13.200509301732154,3.5481041017543076e-09,0.19149901380670611,115.20065692178707,3131.0075364272957,0.013126232741617358,0.8167988848543034,17.85059924249728
UIEB_285.png,120.14831300813007,53.0584642182832,2815.2006252028386,7.524184745885328,233.0,53.0584642182832,115.47322082519531,122.20940399169922,121.78914642333984,73.29246520996094,0.4732537269592285,111.29392784552846,149.7624949186992,164.46542000895803,0.9707937866045451,0.036414322312131146,0.4261344452271697,0.0013260028694517723,5.093071786310517,11.584808508621869,2.000036743758045e-08,0.08355691056910569,60.624986378409375,706.2121087284511,0.005807926829268293,0.8202321050154149,16.78340912691302
UIEB_286.png,118.64349665924276,53.40425316881357,2852.0142565187343,7.65338832652167,230.0,53.40425316881357,117.32654571533203,119.21480560302734,119.14851379394531,58.87005615234375,0.4922173023223877,97.5159725315516,144.13038975501112,253.1390439150626,0.9556259278469659,0.019376773086429728,0.3048828079890812,0.0003754593352429874,6.944800353967823,12.375772856156992,5.496224154365348e-09,0.11852264291017076,85.22789455855322,1104.679903454789,0.010237564959168523,0.8072642736354331,16.647387488049453
UIEB_287.png,121.2478274509804,44.629858127228026,1991.8242364565012,7.4658065527347475,222.0,44.629858127228026,118.50498962402344,122.45281219482422,122.22955322265625,43.779388427734375,0.4843217134475708,65.82229411764706,137.99068235294118,147.47860944711778,0.9629838285563993,0.019370006864929613,0.2887953994097998,0.0003751971659474203,5.9742669154473145,12.185195226219754,5.492223768385624e-09,0.11001960784313726,73.83337329177971,525.973203911957,0.0086,0.7581872808749339,17.087488241805627
UIEB_288.png,117.51768888888888,43.95509297242267,1932.050198214321,7.400595863330701,214.0,43.95509297242267,109.96192169189453,120.60713195800781,121.43656921386719,50.301639556884766,0.45430606603622437,89.69058888888888,137.62435,22.482276015581526,0.9941749867929413,0.04070961009017462,0.5852626345334724,0.0016572723536940471,1.796867000556483,10.332765306178997,2.505513862047649e-08,0.014927777777777778,20.66532651488084,54.46502413222222,0.0013333333333333333,0.8344551463512423,17.450733088029082
UIEB_289.png,118.1954565701559,43.544527638967715,1896.1258873008235,7.323414896307203,213.0,43.544527638967715,76.9718017578125,135.842529296875,135.4625244140625,97.71369171142578,0.28370943665504456,170.02169265033407,158.64489606533036,200.15784287844252,0.9472074556449898,0.044453163249923176,0.5456034975276456,0.0019760837229243202,4.627757472550762,10.83054812447153,2.991981405428802e-08,0.08074239049740163,63.01853038312029,1044.5840533405092,0.007282850779510022,0.6964230714457716,13.668574054014599
UIEB_29.png,119.47209072978303,55.31874394920768,3060.163432118001,7.6905696349428725,243.0,55.31874394920768,118.09575653076172,120.22384643554688,119.20394134521484,56.06678009033203,0.49324163794517517,86.65886587771203,143.38652366863906,392.9888423506633,0.9358158472289362,0.025914569135859475,0.3240191649068326,0.0006715648934972405,9.72156256482698,12.606576972281507,1.00144364080008e-08,0.16157790927021695,99.6385831596615,1977.4795011888782,0.01363905325443787,0.8558929093477694,17.718324276680892
UIEB_290.png,112.50882623224729,52.64370765356958,2771.3599555145,7.365430497300648,229.0,52.64370765356958,82.99575805664062,125.01283264160156,125.53726959228516,75.14954376220703,0.33125412464141846,127.23344611528822,140.11499582289056,238.87991263634885,0.9568973167742911,0.06543477252992026,0.444597306360777,0.004281709456042408,5.620394893745216,11.315366657190637,6.510087077300883e-08,0.09081453634085213,68.92226259514494,1118.5015495566925,0.007589807852965748,0.5679581865889326,13.28534090160465
UIEB_291.png,119.72337416481069,35.698050600521206,1274.3508166773724,7.06550112963064,207.0,35.698050600521206,115.35458374023438,121.64360046386719,121.27713775634766,62.303585052490234,0.4748651087284088,86.38057906458798,142.41502598366742,153.56794732125925,0.9397259021757844,0.04584367150161106,0.5117758179662131,0.0021016422167476263,4.153511234388421,10.684264203241131,3.183568462654306e-08,0.06370081662954714,51.054469011693634,575.7420378260772,0.005144766146993319,0.6188271050912186,12.604899276048558
UIEB_292.png,119.37326992753623,35.58371405282311,1266.200705793081,7.146785807713423,211.0,35.58371405282311,109.8862075805664,123.65050506591797,122.2322998046875,41.126461029052734,0.4469048082828522,63.273220108695654,135.2925679347826,36.458454307904475,0.9856019834835058,0.03635458084992366,0.48312432636231084,0.0013216555487736358,2.63278471365319,10.668214050318912,1.993403258836572e-08,0.031231884057971015,30.158972184378385,102.74844178079383,0.003482789855072464,0.7055016793693613,14.861614162611732
UIEB_293.png,117.5397619047619,41.129249050143024,1691.6151274286908,7.217902060130687,207.0,41.129249050143024,107.008056640625,122.21906280517578,121.07892608642578,65.49772644042969,0.4398230314254761,106.56728070175438,145.37029657477026,220.89943975129813,0.9347132936412733,0.04140489574393072,0.4661913360941177,0.0017143653915657722,5.491989573265384,11.19051027684791,2.5926309242298466e-08,0.11492063492063492,83.04903700883871,1322.8637132353126,0.010263157894736842,0.5363011024619833,11.398107371048397
UIEB_294.png,118.23934722222222,37.525602950467075,1408.1708767961034,7.058596921615382,217.0,37.525602950467075,98.3687973022461,126.74050903320312,126.56871032714844,57.010986328125,0.38833484053611755,104.31008333333334,141.75740277777777,135.03745965498052,0.9520823505299133,0.053466901857196915,0.5928087702692746,0.0028587095942071267,3.525767946577629,10.252557608598012,4.3387616045297636e-08,0.06535277777777777,48.15592747349375,613.6589138703627,0.006575,0.5475182850538985,11.52199281415289
UIEB_295.png,116.15467261904762,41.586073902819415,1729.401542650758,6.788528464132858,201.0,41.586073902819415,86.25198364257812,128.43470764160156,131.34527587890625,67.00499725341797,0.3320193886756897,134.94189484126983,147.59238095238095,37.37200393512998,0.9892025902080486,0.06667157186256986,0.6730430227465111,0.0044450984946258175,1.614749781381668,9.242562414268619,6.759398964787778e-08,0.020307539682539684,22.055596285555527,190.72182043451497,0.0013740079365079365,0.5423858071570192,12.634361586735821
UIEB_296.png,122.36021696252466,46.115808868178156,2126.6678275663394,7.5203345467352305,232.0,46.115808868178156,122.89258575439453,122.23493957519531,121.58796691894531,35.46360397338867,0.5040239691734314,61.20227317554241,138.32389546351084,93.91252185595322,0.9779205643846064,0.025980799215498528,0.3940567201800649,0.0006750019278760489,4.293956396755934,11.674714935341898,1.00668813905876e-08,0.07962031558185405,55.504807109826935,401.0873594633465,0.00633629191321499,0.8116694388990346,16.579491746731044
UIEB_297.png,118.13068705673759,44.253572598573015,1958.3786877371726,7.363157282582771,215.0,44.253572598573015,108.3885498046875,122.45628356933594,121.42256927490234,70.33255767822266,0.44443604350090027,106.16562943262412,146.99244237588653,994.3995355734736,0.746166940652199,0.026678792828766316,0.28085513825291375,0.000711757986800233,17.56886033460022,12.985734207592717,1.0627734340480544e-08,0.2038962765957447,106.05666508738982,9524.089041075631,0.009680851063829788,0.7486711268483589,15.403000499714171
UIEB_298.png,116.0576,58.53039552136188,3425.8071998870587,7.70354226710014,235.0,58.53039552136188,110.91038513183594,118.27078247070312,118.15247344970703,66.02373504638672,0.4691179394721985,101.42377647058824,141.43209411764707,151.45931061573208,0.9778759602451587,0.022621355798254358,0.37056790002177264,0.000511725738151216,5.307913188647746,12.0090580247732,7.575484452647644e-09,0.09236470588235295,64.44848309705317,577.7561490156709,0.008305882352941177,0.8116161409075868,18.02682453971663
UIEB_299.png,120.15843726800297,56.44380444491341,3185.9030602156267,7.536068000592565,219.0,56.44380444491341,102.57392883300781,127.77955627441406,127.0461654663086,75.41205596923828,0.40252581238746643,114.90093170007424,147.19069413511508,334.96611278634396,0.9474596164211853,0.03093779028782157,0.38790332311026055,0.0009571468678932266,7.750263059070239,12.028641205911141,1.4372071515361428e-08,0.1384558277654046,98.16333367017911,1646.4694469022008,0.013934669636228657,0.7098935574653673,14.400640965854304
UIEB_3.png,128.10491582491582,42.33461834218067,1792.2199101780998,7.365837826794302,215.0,42.33461834218067,128.1970977783203,128.09027099609375,127.92730712890625,17.086992263793945,0.5007355213165283,32.88744528619529,136.28175084175083,27.531179912649026,0.9922851862711661,0.03750037369565906,0.5249668739204294,0.001406278027314078,2.305846444410718,10.621273916336383,2.122526913836026e-08,0.030715488215488217,30.653878594134508,67.81648827144552,0.003312289562289562,0.8904886605669703,17.93679522816367
UIEB_30.png,95.14223372781065,48.93389153712453,2394.5257409670676,7.086172022589585,220.0,48.93389153712453,94.47306060791016,95.2585220336914,96.47405242919922,8.968117713928223,0.4927334785461426,25.95328895463511,99.68908777120316,20.4018037952801,0.995742155689666,0.07068904455522279,0.6069154144215403,0.004996941020130273,1.802669142851498,9.826406185561138,7.601443834026752e-08,0.026918145956607496,27.207484139870818,80.16924764918362,0.0023175542406311637,0.782282897334404,17.837399121874622
UIEB_300.png,118.57995562130178,41.437853917356016,1717.0957372761372,7.297543822403292,222.0,41.437853917356016,115.6766357421875,119.9050064086914,119.40341186523438,64.73590087890625,0.48337888717651367,97.75938362919132,146.7829388560158,130.33347492368938,0.9620210715810246,0.037772585749199915,0.5159344364075232,0.0014267682341806605,4.151900109650206,10.907184974033573,2.153792488278443e-08,0.07039447731755424,46.38006562769806,619.7664455580209,0.006055226824457594,0.7158541219838757,14.51092598265978
UIEB_301.png,118.78669625246549,43.88480577648587,1925.8761780398872,7.344876484086428,215.0,43.88480577648587,119.07469177246094,118.6288833618164,118.84911346435547,12.73160457611084,0.5014135837554932,19.70120315581854,123.41365877712032,172.18548172002647,0.955269533096692,0.023906745390355203,0.30686006341749805,0.0005715324751592697,6.440206063360038,11.999267922718662,8.488062837169948e-09,0.12000493096646943,67.30766222193093,852.135104372999,0.009955621301775148,0.675825454876716,13.228191017974229
UIEB_302.png,120.09648915187377,33.11108178813928,1096.3437371808488,6.818478323651677,168.0,33.11108178813928,120.51138305664062,119.94441986083984,119.73989868164062,19.24764060974121,0.5027920603752136,30.083195266272188,128.0256903353057,21.537834260256247,0.9901683693618489,0.051263066443642556,0.5862571995560631,0.0026279019812053116,1.6466843160691882,9.666172233860877,3.986577136448381e-08,0.012554240631163708,19.347406544830367,75.88278552627611,0.001272189349112426,0.8293804440405834,16.238852187770703
UIEB_303.png,123.3964990138067,41.35944446580751,1710.603646520216,7.3089693993452505,231.0,41.35944446580751,123.38278198242188,123.40644836425781,123.39373016357422,37.011024475097656,0.49992987513542175,55.663984220907295,138.68650394477316,130.02615799508055,0.9619457374758372,0.03747197030179158,0.41503560431671865,0.00140414855829835,4.427665438452649,11.304609240884606,2.1192776019834128e-08,0.06765285996055227,51.80787660129956,591.5229329485574,0.005128205128205128,0.8786844575780522,21.184165813107647
UIEB_304.png,124.73768244575938,15.467793292611143,239.25262934294628,5.882646513845611,151.0,15.467793292611143,124.77881622314453,124.79644775390625,124.4103775024414,42.2100830078125,0.5007038712501526,75.14891025641026,146.405241617357,23.22226393100927,0.9514925319507265,0.08770157246204151,0.6397933148287386,0.007691565812314717,1.4648773597020672,8.457380752940018,1.1713114964679292e-07,0.012810650887573964,19.65278175192267,99.59155802191411,0.0010552268244575936,0.8995183133278234,20.98447494320491
UIEB_305.png,121.22704142011834,24.689673765667486,609.5799906550892,5.656906842330899,187.0,24.689673765667486,117.20382690429688,122.8991928100586,123.10416412353516,33.480445861816406,0.47643181681632996,50.747569033530574,134.4693096646943,237.00614436289277,0.8058122937128084,0.12813034947361926,0.5972239249724348,0.016417386456231805,5.090772589424189,8.78727614826515,2.502766062495316e-07,0.07486193293885601,46.625179990533596,1400.5042689082622,0.0067702169625246545,0.5800232043908531,10.980936241509035
UIEB_306.png,121.64833333333333,12.648182396387293,159.9765179322814,5.383997609615853,150.0,12.648182396387293,119.35309600830078,122.67402648925781,122.42778778076172,40.160552978515625,0.48695313930511475,59.652011834319524,137.33418145956608,40.23610850431192,0.8741951766818072,0.09182527147130841,0.5691446321528852,0.008431880480779487,2.2561912852782253,8.474309226473757,1.2842745501277138e-07,0.026331360946745562,24.76782511685825,191.92862607508684,0.0028007889546351086,0.7183712630214143,12.82282022772873
UIEB_307.png,119.6322090729783,47.9884368885011,2302.8900750016533,7.373855692722026,228.0,47.9884368885011,118.95632934570312,119.92352294921875,119.85079193115234,43.617801666259766,0.49611788988113403,72.07272189349112,139.15442800788955,134.59802333277355,0.9707728424914217,0.051466941112779246,0.5272308608907731,0.0026488460275062866,4.224323576769962,10.889122827726581,4.018535214910562e-08,0.0675,48.68860427386949,594.8450239250103,0.004990138067061144,0.8142379268720056,17.694496092431983
UIEB_308.png,122.82824950690335,42.35798786404294,1794.199135890409,7.276929662992588,226.0,42.35798786404294,122.20185089111328,123.10582733154297,122.95719909667969,43.24675369262695,0.4966282546520233,74.01005917159763,143.89573471400394,211.99124280111823,0.9409163920723891,0.04250403155872441,0.43177281728918915,0.0018065926987450407,6.081985755351621,11.453637616987503,2.7333586268349314e-08,0.11861932938856015,71.82200409685063,1155.1434777007253,0.010281065088757396,0.8117074442725252,17.26437261137655
UIEB_309.png,122.8798372781065,25.3358384085285,641.904707863068,6.538022233903891,194.0,25.3358384085285,122.40037536621094,123.10717010498047,122.99472045898438,26.730690002441406,0.49735647439956665,45.82282051282051,135.21350591715975,75.30384961128507,0.9413308463976802,0.04950579000023874,0.4638939074978137,0.002450823243547738,3.5041044739259712,10.254122590333356,3.716376425911313e-08,0.05394477317554241,38.20990129511788,374.09801728850823,0.004955621301775148,0.8743901972253592,23.04416820955703
UIEB_31.png,116.40450197238658,50.9271807979987,2593.5777440320476,7.496227073669227,220.0,50.9271807979987,115.76392364501953,116.56037139892578,117.31422424316406,11.194199562072754,0.49498286843299866,23.142544378698226,121.82071992110454,56.32015390542423,0.9891478835594996,0.035107223017011024,0.4109030336190279,0.0012325171079661486,3.535611620946153,11.342425586863616,1.8573887922724134e-08,0.055281065088757395,42.580438490808874,174.28253444586443,0.004935897435897436,0.8131521654827529,20.002515288839454
UIEB_310.png,122.65704635108482,56.50343159670022,3192.6377822029804,7.606259710479504,224.0,56.50343159670022,122.04256439208984,122.94593048095703,122.76716613769531,21.87609100341797,0.49668723344802856,42.97147928994083,132.3975788954635,341.4336270510022,0.9465153825275827,0.01881949698276673,0.24462343449218274,0.00035417346668436606,9.936210251800338,12.838932842091744,5.1714275760172426e-09,0.1891370808678501,111.48231927017852,1982.490856862991,0.015981262327416174,0.8265723211582832,17.465597045409822
UIEB_311.png,122.91782544378698,38.31477109713616,1468.0216842259406,7.015641362689984,209.0,38.31477109713616,122.4378433227539,123.13719940185547,123.08479309082031,33.078243255615234,0.49726608395576477,55.303259368836294,138.364516765286,63.60581244875581,0.9783389098767372,0.06429214040502192,0.5066675255023746,0.004133479317859051,3.4473530835416026,10.53707231966759,6.283905836176378e-08,0.07727810650887575,47.24992211393436,351.12549028101154,0.006479289940828402,0.9350397692055218,22.669434094871246
UIEB_312.png,123.00140740740741,58.60659681820637,3434.733190611797,7.780381581960966,237.0,58.60659681820637,122.4696273803711,123.33993530273438,122.6563949584961,18.502925872802734,0.4978514313697815,38.422474074074074,130.36544074074075,345.622374327583,0.9496897311634147,0.013202990582669515,0.1949496171474246,0.00017431896032605988,10.557310332034872,13.274653304809659,2.4270656015557847e-09,0.18557037037037036,113.01014378971132,1176.1099326327023,0.018307407407407408,0.8921758252841302,20.673568495507073
UIEB_313.png,125.72626296296296,25.73229627799,662.1510717382579,6.615297245025709,146.0,25.73229627799,125.24608612060547,125.92872619628906,125.93585205078125,35.357505798339844,0.4972755014896393,50.16692592592592,138.61548148148148,4.13971433871267,0.9968730450174845,0.05783208016292065,0.6595948950914519,0.00334454949597048,0.9634056761268782,8.948469310324526,5.080094462445036e-08,0.004207407407407407,13.855345041395159,19.459610044320986,0.00041851851851851853,0.871260767715997,21.87019248300771
UIEB_314.png,119.85983667409057,52.81501438035477,2789.425743997081,7.374429555815754,209.0,52.81501438035477,93.76704406738281,131.03697204589844,130.73431396484375,93.86843872070312,0.35820215940475464,157.67593170007424,157.40030438010393,634.9257745834743,0.8862168261739888,0.05242843176009925,0.37922846286465434,0.0027487404568233838,11.976739257336838,12.069729561520838,4.1709620174574045e-08,0.17095025983667408,109.61619835149342,3890.8004557878626,0.014717891610987379,0.6898127338949832,14.039043396037963
UIEB_315.png,127.31703114645461,30.932306242012725,956.8075694496595,6.898328133206061,184.0,30.932306242012725,126.9834213256836,127.47369384765625,127.41065979003906,33.842464447021484,0.4982001483440399,50.89682902584493,140.550563286945,44.20287623175803,0.9769270380083008,0.042011652395204345,0.476666612336474,0.001764978936975479,2.877400040491608,10.493512269274369,2.6698610655410442e-08,0.05306163021868787,37.93253570350582,187.64895912789225,0.004383697813121272,0.8963571348860411,23.9313856866902
UIEB_316.png,122.85641851851852,30.40355527314305,924.3761732470645,6.870253758950022,178.0,30.40355527314305,122.86219024658203,122.9187240600586,122.53943634033203,27.680049896240234,0.5005422830581665,45.64681481481482,135.23522962962963,22.684971248376925,0.9877236522833742,0.0451851827314891,0.5071322511817423,0.002041700738478061,2.137696160267112,10.160317495264152,3.092105025353334e-08,0.02378148148148148,27.193847819628424,81.24844814089164,0.0022518518518518517,0.6396250622487586,16.55451720054283
UIEB_317.png,126.1266791354946,40.31424958553955,1625.2387196451757,7.088136915243317,209.0,40.31424958553955,112.9583969116211,131.74205017089844,131.77145385742188,56.08702850341797,0.4286626875400543,96.3881587697423,149.47906068162925,108.12484648145912,0.966750845191153,0.05656678479467239,0.5300281719750267,0.0031998011420067795,3.815752771660165,10.549992827714078,4.859226002417418e-08,0.07295095594347464,46.8184633073037,600.2904202665958,0.005453034081463009,0.7980870210654607,15.563288943233433
UIEB_318.png,120.46516272189349,32.56806435681821,1060.678815949853,6.462430464737306,197.0,32.56806435681821,116.38201141357422,122.1360092163086,122.5830078125,37.49813461303711,0.4755740165710449,65.37802268244576,136.99871301775147,144.46629984886053,0.9318818130761195,0.0742398147911571,0.5368127449292438,0.0055115501002253086,4.568333810789184,9.82672178821755,8.386674974308487e-08,0.06965976331360947,41.49370809555773,904.1068881934718,0.003954635108481262,0.7768729139068647,18.79015377000624
UIEB_319.png,125.86662721893491,54.268115097520756,2945.02831623776,7.706484139579324,229.0,54.268115097520756,125.38935852050781,126.03045654296875,126.28501892089844,33.50742721557617,0.49695467948913574,57.169684418145955,140.12055719921105,450.33847833173627,0.9235192336670965,0.013100407147908789,0.18871670933042928,0.0001716206674409797,11.946088648734085,13.311817383066074,2.385892919593501e-09,0.2098027613412229,115.57654265914881,2495.288652031106,0.01502465483234714,0.8501588915309336,17.33142045770165
UIEB_32.png,124.50989629629629,35.44073276754244,1256.0455391003566,7.046174541632096,208.0,35.44073276754244,124.06529998779297,124.71330261230469,124.63699340820312,29.566951751708984,0.4975542426109314,47.42247777777778,137.7547851851852,55.88310517529216,0.9777364787258643,0.03828972472951909,0.4035096262453055,0.0014661030198623456,3.5920274531626784,10.971839996913204,2.2138126080319916e-08,0.05754074074074074,41.19914309237821,201.4619481081481,0.005096296296296297,0.8047305367235835,16.29873291117898
UIEB_320.png,121.6782100591716,25.026533977171315,626.3274029105103,6.524014873012659,189.0,25.026533977171315,121.23986053466797,121.87158966064453,121.78013610839844,22.01972007751465,0.4975948929786682,33.71854043392505,130.19239151873768,133.28286789619779,0.8937283529946106,0.061677129253474176,0.4575442329289891,0.00380406827294976,4.755341743141923,10.418208025753103,5.7812644712635204e-08,0.06123767258382643,45.14139018828433,799.5633676020672,0.005655818540433925,0.700156349331977,17.714328610715153
UIEB_321.png,119.58795364891519,43.947008005965,1931.3395126763523,7.177081708495577,199.0,43.947008005965,118.56869506835938,119.96724700927734,120.30254364013672,15.007627487182617,0.49348148703575134,22.281415187376727,124.9942406311637,325.6014511365096,0.9156347629215108,0.02696536483426918,0.3119468044735464,0.0007271309006452409,8.130172575594433,11.891761591558595,1.0862306390117504e-08,0.1344181459566075,81.86864188080317,1318.0401093141772,0.010054240631163709,0.7749366070037181,16.354003387947657
UIEB_322.png,117.85968518518519,38.05825929600081,1448.4311006416324,7.200276252585571,194.0,38.05825929600081,75.73014831542969,135.82186889648438,135.8670196533203,77.18753051757812,0.27873846888542175,163.8281814814815,153.1975888888889,149.52656278983488,0.9483978197995683,0.030098833635497244,0.42441942899369994,0.0009059397862173402,4.7294342422556115,11.221530809433505,1.359071345756287e-08,0.05837407407407407,40.48700837865903,909.6213586363649,0.004166666666666667,0.719356305015622,15.065970762327773
UIEB_323.png,129.753550295858,51.532570388704656,2655.6058108668,7.57614037595838,231.0,51.532570388704656,129.7581024169922,129.76528930664062,129.68072509765625,14.713470458984375,0.5001352429389954,26.489526627218936,135.79279585798815,51.973945728087244,0.990213028911618,0.02942333404767445,0.4571641180853666,0.0008657325864810386,2.6452815837045964,11.015683408368604,1.2977200277992837e-08,0.031592702169625245,37.795195965289516,208.22607422298375,0.0017110453648915187,0.9084063017041589,19.13259606712244
UIEB_324.png,118.19435737976782,40.48809192298177,1639.2855875638218,7.291677948347135,207.0,40.48809192298177,116.92221069335938,118.80738067626953,118.363525390625,55.286773681640625,0.49298718571662903,78.26825456053068,140.58379353233832,559.7190965041239,0.8293103900052194,0.018696385346722338,0.25606600840813465,0.00034955482503313374,12.456203955182353,12.775601021139451,5.1009526973058135e-09,0.1827943615257048,102.78160491481233,4119.522277541243,0.012276119402985074,0.5263282553357684,12.08075146251298
UIEB_325.png,123.91905925925926,51.69643361583551,2672.521248596488,7.50648703893963,215.0,51.69643361583551,116.4386978149414,127.11640167236328,127.11044311523438,57.97697830200195,0.45801103115081787,102.03610740740741,149.10216666666668,131.05685401595252,0.9754690390372577,0.027542798865251114,0.3850644797590813,0.0007586057693316781,5.171118530884808,11.74697956925978,1.1342574772173731e-08,0.09416296296296296,68.74372152915006,422.2060365624691,0.008874074074074074,0.7879911922327456,16.709495787882584
UIEB_326.png,123.19329881656805,51.424091022981635,2644.4371375399,7.493136427153085,216.0,51.424091022981635,122.57191467285156,123.44364929199219,123.51834106445312,38.35097885131836,0.4963189363479614,69.36724852071006,140.67505424063117,66.81153500409954,0.9873641142749348,0.04084281898042936,0.5963996310725619,0.0016681358622681207,2.276550661358675,10.42412690638798,2.5220902606286933e-08,0.02863905325443787,31.282165680089285,239.97757869703347,0.0016469428007889547,0.8903859106165516,21.293907302735697
UIEB_327.png,122.90115925925926,39.147096729640396,1532.4951823598217,7.218428594477952,228.0,39.147096729640396,120.72917175292969,123.86844635009766,123.60858917236328,51.93995666503906,0.4878399074077606,81.16325925925926,145.07441111111112,90.74785383045815,0.9703702555604545,0.030975712848845847,0.3820067722042927,0.0009594947864941537,3.945138193285105,11.25467540396038,1.4407897910028898e-08,0.05385555555555555,43.10505942291882,495.0431072602332,0.004033333333333333,0.7973440944429182,17.817464625142904
UIEB_328.png,118.675,47.981300969206686,2302.2052426975947,7.517825084092597,234.0,47.981300969206686,114.1139144897461,120.6956558227539,120.25247955322266,78.8578109741211,0.47360363602638245,117.86182345360825,151.83199742268042,107.94185326058894,0.9764912619327346,0.036160345406920966,0.46620849375022,0.00130757057994783,3.95323391219042,11.32684012357345,1.9719113020100862e-08,0.058346219931271474,41.94799845729054,418.3569656255489,0.004987113402061856,0.7965300317040015,17.949904415498224
UIEB_329.png,119.95907111111111,51.24141120816084,2625.6822226038316,7.626632345987062,230.0,51.24141120816084,112.27880859375,123.40957641601562,122.35295867919922,90.4911117553711,0.45685890316963196,132.30121333333332,159.56309777777778,823.195040623261,0.8432489766465796,0.021302557085424945,0.29050310168939536,0.0004537989383777885,14.556020033388982,13.120279049510463,6.691591633839241e-09,0.18159555555555557,106.16661848135831,6118.740772324425,0.011062222222222222,0.8182054333148603,16.763505335576255
UIEB_33.png,114.35945759368836,51.73487345554466,2676.497131461219,7.442099798377676,222.0,51.73487345554466,114.78733825683594,113.8817138671875,115.61316680908203,13.884016036987305,0.5001738667488098,27.508742603550296,120.77020710059172,69.31204374154161,0.987047203839572,0.04130271254046088,0.46233772877614826,0.0017059140631999446,3.7076537819442663,11.092961673626705,2.5797352205466382e-08,0.07143984220907298,43.48573786309475,305.0457047109452,0.0060798816568047335,0.8080640135318755,19.672573848230456
UIEB_330.png,124.5667111111111,45.924372356019425,2109.047976294321,7.4742232099924735,243.0,45.924372356019425,124.73806762695312,124.49407958984375,124.4747543334961,46.097957611083984,0.501018762588501,79.74436444444444,146.63931555555556,504.22391096271565,0.8804623702954472,0.030694004267336112,0.3540860263803449,0.0009421218979632475,10.643419031719533,12.357741504483728,1.414280866852947e-08,0.13413333333333333,75.66125452943523,4669.2155870177785,0.0056,0.8714456848651889,20.881057976008798
UIEB_331.png,121.43756903353058,47.24253860091812,2231.857453459238,7.498192514800151,237.0,47.24253860091812,121.22994232177734,121.5698013305664,121.25157928466797,46.10768508911133,0.49925562739372253,81.25709072978304,143.20796351084812,153.7253953828373,0.9655699034137978,0.0413814488262746,0.5657905325881453,0.0017124243069615833,4.862201301972716,11.052931280453485,2.5896690641770686e-08,0.0844378698224852,49.713424310305136,819.3993363790561,0.006232741617357002,0.9334883658982985,23.356736986790253
UIEB_332.png,111.85600909842846,45.919797456704494,2108.6277984647645,7.131839060254514,208.0,45.919797456704494,104.0416488647461,114.9540786743164,116.3904037475586,28.757400512695312,0.44972607493400574,62.080938792390405,124.73549214226634,120.43336495482546,0.9714484787883146,0.03961608811914798,0.3994755364848499,0.0015694344378640974,4.789400862479649,11.192461917346943,2.371483839113766e-08,0.08095947063688999,51.4512271081569,550.4627786265266,0.006542597187758478,0.4559058549338886,10.871769828987308
UIEB_333.png,120.84969086021505,27.933443384463626,780.2772593130347,6.74169803160906,176.0,27.933443384463626,117.06066131591797,122.5859146118164,121.8237075805664,52.7388801574707,0.4789527654647827,75.18910842293907,140.5420788530466,195.781252804854,0.8746198569343016,0.04490808786142422,0.47758144846906353,0.002016736355369398,5.662811675372933,10.730451766264402,3.0540123997602805e-08,0.08114247311827957,43.960379143260816,1450.3243761690298,0.004211469534050179,0.7824946776948413,14.455913894656373
UIEB_334.png,121.88183831672204,42.35487582622741,1793.935506255143,7.2774219654490455,204.0,42.35487582622741,120.88872528076172,122.37702178955078,121.93882751464844,35.15937042236328,0.49480506777763367,51.95325027685493,136.01755813953488,100.10399946755112,0.9721089198431133,0.04046622408785079,0.48750645655324426,0.0016375152919281557,4.109035546508855,11.036195726922022,2.4753669782495967e-08,0.0800609080841639,51.70606141397894,418.8326535627827,0.008471760797342192,0.8044566998879962,15.840721870003641
UIEB_335.png,116.21541963578781,50.34503944379685,2534.6229965974608,7.395300436313441,217.0,50.34503944379685,71.52079010009766,135.18650817871094,135.76266479492188,81.86494445800781,0.26396387815475464,180.0538796516231,157.05697149643706,385.37796961681977,0.9239794529333026,0.030230519124814424,0.3910422799086948,0.0009138842865557707,7.706069894796949,11.837630448793277,1.3711936912433941e-08,0.11734362628661917,88.49138316242669,2378.4515553071656,0.009948535233570864,0.6909601397228958,15.528336339816162
UIEB_336.png,121.29455014749263,24.33123582292501,592.0090366707892,6.513132502871008,200.0,24.33123582292501,120.16055297851562,121.7228012084961,122.0735092163086,67.54124450683594,0.4928727149963379,94.72699115044247,149.07965339233039,55.51193360615776,0.9531278618855089,0.03473172194083073,0.3153496611743175,0.0012062925089751828,4.013137677840649,10.804121974899843,1.8173732298472327e-08,0.050291297935103244,44.35810454688796,219.83713783510794,0.0065597345132743365,0.7818322889722814,15.423018999240213
UIEB_337.png,120.29111851851852,49.365307862693875,2436.933620378546,7.326860787987217,202.0,49.365307862693875,112.88681030273438,123.49954223632812,123.17709350585938,62.87919998168945,0.4576307237148285,108.13841481481481,144.91704814814815,548.6441587831571,0.8874298486851065,0.022296390792424483,0.3055701233451271,0.0004971290423685113,11.801576701910593,12.509921786668023,7.352756550689868e-09,0.21376666666666666,129.61702628305576,2928.3398029615914,0.023514814814814815,0.43817852816814745,14.064122414710242
UIEB_338.png,126.287,35.6240153922416,1269.0704726666665,7.052127304748805,191.0,35.6240153922416,115.95647430419922,130.71803283691406,130.5541534423828,115.16597747802734,0.44381484389305115,143.40516666666667,170.75417083333335,25.50488731218698,0.989939215293072,0.04367556223016639,0.560805722405906,0.0019075547361211366,1.9922913188647748,10.167196004023417,2.8874144699991406e-08,0.029116666666666666,26.796319725005677,109.63004573248263,0.002820833333333333,0.6796098979995323,12.455276243655009
UIEB_339.png,119.68063609467455,37.46892813691773,1403.9205757295056,7.004794688732901,194.0,37.46892813691773,118.30331420898438,120.25907135009766,120.29499053955078,28.751779556274414,0.4917951226234436,54.59736193293885,132.82942307692306,32.527121138781595,0.9884143494379047,0.060407689484625486,0.6796292556666332,0.0036490889488709323,1.5021189161422885,9.451534879676942,5.544784789746754e-08,0.01960552268244576,22.72519201081291,111.68536033788791,0.0010502958579881657,0.8641552457294104,17.746314540375604
UIEB_34.png,118.77570019723866,43.490566721307424,1891.4293937404927,7.442371578596046,235.0,43.490566721307424,118.11400604248047,119.03057861328125,119.13123321533203,17.480329513549805,0.4959401786327362,22.294191321499014,124.43628698224852,87.90933113374362,0.9767578139795126,0.022072266378755763,0.3232699301890849,0.000487184943094752,4.748076182197153,11.842245951051869,7.201021637455016e-09,0.08511341222879684,54.52035127571518,316.6374898165087,0.007978303747534516,0.7554692143898175,17.251576899929347
UIEB_340.png,120.42746666666666,47.531562126389396,2259.249398174815,7.423568711294592,214.0,47.531562126389396,115.82958221435547,122.50029754638672,121.81417083740234,57.48313522338867,0.47410038113594055,89.53783333333334,141.67125555555555,455.0809200519384,0.8993393697000627,0.018628949771432993,0.28436016323424573,0.00034703776958657336,11.024841402337229,12.702521502745427,5.062545479188131e-09,0.1886962962962963,114.83393604994227,2330.005970526077,0.023037037037037036,0.457546661377235,12.929200661346222
UIEB_341.png,122.5094982547993,42.45354566818427,1802.3035398006075,7.307750289607495,223.0,42.45354566818427,121.15010833740234,123.27635192871094,122.19245147705078,61.51789855957031,0.4935458302497864,96.2925872600349,150.60941972076787,200.8858350304609,0.94425957225347,0.03889736156691954,0.42141522901904094,0.0015130047368676692,6.0395729356956185,11.563367356346241,2.285378948677321e-08,0.09672338568935428,66.9752850783244,778.5343921717051,0.009445898778359512,0.8513455937711817,14.589204472244326
UIEB_342.png,122.12265185185186,48.40962470346827,2343.491763930645,7.581494712533644,228.0,48.40962470346827,118.20506286621094,123.82311248779297,123.6343765258789,48.248870849609375,0.4776782691478729,74.44441851851852,142.11521851851853,346.4560192914116,0.9260709708291893,0.013829513500863677,0.1862165990225407,0.0001912554436705707,10.282589501020219,13.088792560477483,2.6854958283702194e-09,0.1729037037037037,99.06126449680067,2509.6918026192593,0.013103703703703704,0.7976336772702636,16.95142098394482
UIEB_343.png,118.28025555555556,41.032712439673226,1683.6834901569136,7.323723123532817,229.0,41.032712439673226,115.30928802490234,119.51029968261719,119.76577758789062,41.00102233886719,0.48190897703170776,58.838596296296295,133.19240740740742,112.03692450380262,0.9667629567365131,0.021752493741587657,0.29515953778477233,0.00047317098397781017,5.38996475607494,11.951087305376095,6.9871855913591005e-09,0.0898111111111111,58.99304753750861,891.5194157980246,0.006181481481481481,0.732780992578269,17.090898983980445
UIEB_344.png,116.26317333333333,45.77130874511965,2095.0127042410663,7.313558707866347,226.0,45.77130874511965,92.3289794921875,126.49952697753906,126.31649780273438,96.89791107177734,0.36520224809646606,162.94113777777778,157.54248444444445,361.2924652198109,0.9137416410629555,0.033733812301106336,0.3715513219194174,0.0011379700923662731,8.40617918753478,11.908789752939471,1.7131214955196734e-08,0.12012888888888888,69.47170548478569,2975.795382028622,0.007497777777777778,0.7601295846250995,16.645706936024922
UIEB_345.png,124.68677109440267,47.29675326355306,2236.982869273417,7.494541841916057,216.0,47.29675326355306,121.77455139160156,125.91014099121094,126.041259765625,72.08451843261719,0.4833255708217621,101.46215956558062,153.00585213032582,211.7827875197175,0.9526755469798045,0.026584639663810573,0.3500046226375166,0.0007067430660546503,6.419445943740822,12.022064825194093,1.0551212722658546e-08,0.10776524644945698,69.85600064406148,752.7165697866045,0.009381787802840434,0.82495993339708,16.79087595373832
UIEB_346.png,115.67206666666667,52.16561355439679,2721.2512375066663,7.576175155944608,230.0,52.16561355439679,108.60253143310547,118.75801849365234,118.32524108886719,70.30511474609375,0.458077609539032,113.16854814814815,146.38371481481482,486.3942088666296,0.9106438305910822,0.02558002089832383,0.31888248834742505,0.0006543374691586839,10.841465405305138,12.653915514942373,9.751566773928585e-09,0.15941851851851851,100.74336445391752,2021.0335011239506,0.014792592592592593,0.8128273644417293,19.616608003358394
UIEB_347.png,133.4363458110517,35.350798711409674,1249.6789695346038,7.133768374041973,216.0,35.350798711409674,133.84854125976562,133.255615234375,133.23379516601562,42.613895416259766,0.5022658705711365,66.38726381461676,153.92314171122996,209.29681822645585,0.9162678520894743,0.04545502172461197,0.5123749771119273,0.002066158999984946,6.27519573620919,11.09118978054293,3.129425370670237e-08,0.07274509803921568,41.19852139500291,1605.1523395967977,0.002945632798573975,0.8652316687498917,17.367253225138477
UIEB_348.png,120.60545495495495,36.3038599686293,1317.9702486218448,7.152967912199334,205.0,36.3038599686293,118.84657287597656,121.38360595703125,121.19027709960938,53.90214157104492,0.48993968963623047,74.87304504504505,141.85215315315315,154.21559355682894,0.9414888676502674,0.024800342400808893,0.3396592069763883,0.0006150569831973594,5.825222217208862,11.71686896865932,9.152194124372244e-09,0.09423873873873874,55.05544819377614,928.2386306240564,0.006698198198198198,0.7014139742340814,13.331299993720192
UIEB_349.png,120.46086387434555,43.69349010366089,1909.1210774387123,7.359436457837114,196.0,43.69349010366089,116.21269989013672,122.2845230102539,122.2096176147461,46.71489334106445,0.475318968296051,82.00648778359512,139.16384380453752,74.44165231756244,0.9805093470711584,0.030106394429513225,0.46553960445258974,0.0009063949855454249,3.250050258283877,11.00750873276246,1.3597659248091504e-08,0.04536212914485166,38.60139413221384,274.42609575753283,0.004027050610820244,0.825602393035796,16.195986501632973
UIEB_35.png,106.332258382643,52.73770867229865,2781.2659160042444,7.289457885935127,218.0,52.73770867229865,106.66230773925781,106.22010040283203,106.0658187866211,9.638747215270996,0.5024464726448059,21.59767258382643,110.53983234714003,23.431315506119667,0.9957876257067138,0.0580534799320643,0.5489104263200465,0.003370206532222592,2.204537147711669,10.330060919852563,5.119243992859028e-08,0.03620808678500986,32.3264383030491,85.66261338733082,0.003219921104536489,0.8256383688588311,20.542102009567976
UIEB_350.png,118.48351481481481,44.014643044249986,1937.2888023127437,7.404889330500472,214.0,44.014643044249986,107.87483215332031,123.12833404541016,122.3837890625,49.295494079589844,0.4393869936466217,88.85605185185184,139.11252222222222,633.6060990539788,0.8364629847993145,0.013414171857999884,0.1692047675881417,0.00017994000663595604,14.66069374884066,13.340272378260927,2.5128359615090334e-09,0.2680666666666667,148.76942581630007,4530.939018723936,0.022144444444444446,0.565654011560358,13.94029535519133
UIEB_351.png,119.09755036630037,48.52489753531152,2354.6656808124817,7.544304724522156,218.0,48.52489753531152,108.608642578125,123.65234375,123.15939331054688,63.553958892822266,0.4400465190410614,109.30432692307693,145.91608974358974,948.7486653580143,0.7987075241776598,0.014326598430907314,0.21456407346570144,0.00020525142260047593,16.519923315415802,13.39737365783293,2.8990575185848377e-09,0.2546886446886447,161.72443807677953,6049.210843672932,0.025659340659340658,0.4419629664659526,11.251601902069382
UIEB_352.png,123.12974074074074,57.81942013820244,3343.08534511797,7.724145610235954,230.0,57.81942013820244,121.60231018066406,123.8250732421875,123.55474090576172,36.55693817138672,0.4915611445903778,63.646233333333335,138.11255925925926,219.96061955110372,0.9671098005068328,0.01470895772053943,0.2159208184937227,0.0002163534372246165,8.505468373214617,12.96603063506532,3.0684608179033895e-09,0.16255555555555556,93.01081915300213,623.0144918395063,0.016085185185185185,0.8045205871071394,17.272361466421035
UIEB_353.png,118.76372083333334,45.10639932044454,2034.5872596553993,7.454032906783148,223.0,45.10639932044454,103.11460876464844,125.64183044433594,124.3953857421875,76.83910369873047,0.4123970568180084,121.4242125,149.68894583333332,956.8731260434056,0.7650445795593935,0.017870884167379922,0.23464360627699088,0.00031936850092391037,15.965947412353923,13.153074131167813,4.640345945150917e-09,0.21241666666666667,138.1725047885667,6340.76153993665,0.019366666666666667,0.5305386186760304,11.878928561504603
UIEB_354.png,118.23046770601336,52.16293454044105,2720.9717398703383,7.652186753153132,233.0,52.16293454044105,114.56442260742188,120.02294158935547,118.61827850341797,51.1566276550293,0.48006972670555115,82.70580920564217,139.9727728285078,142.89370926302558,0.9737489683129119,0.024571166610289557,0.40888364863578486,0.0006037422285906084,4.797431502392628,11.780586368905803,8.97954467053388e-09,0.08340014847809948,59.40847979689436,601.935627165154,0.007048997772828508,0.673351423905526,13.122371375961201
UIEB_355.png,117.6124625,52.97718630554817,2806.5822688527605,7.623461180049053,232.0,52.97718630554817,107.02278137207031,122.29676818847656,121.25285339355469,88.46095275878906,0.43942907452583313,126.93649583333334,151.73574166666666,192.16893989983305,0.9657901815757544,0.03148706329372433,0.4576613445099033,0.0009914351548630021,5.616585976627713,11.70507249343235,1.4895269253547698e-08,0.08995833333333333,56.52882392000367,987.5694991155556,0.006925,0.7290143474718253,14.95138168504787
UIEB_356.png,118.06333333333333,49.26286652762422,2426.8300185185185,7.5359250227983035,220.0,49.26286652762422,94.33740997314453,128.09954833984375,128.62681579589844,77.34671020507812,0.3674628734588623,136.06478518518517,150.4379962962963,356.63549990725284,0.9265431023037779,0.019025718947444547,0.266931589912602,0.0003619779814671504,9.382589501020218,12.679256101647713,5.290515020822913e-09,0.15960740740740742,95.16793538038422,2391.480913365912,0.01192962962962963,0.6237803025303088,13.053450939854518
UIEB_357.png,126.89998670212766,46.09578027563566,2124.8209592196818,7.360236920781609,235.0,46.09578027563566,125.85157775878906,127.3388442993164,127.36748504638672,37.837730407714844,0.49410462379455566,64.85755319148936,144.45567375886526,394.03823304798783,0.9072260904277085,0.03999825250920434,0.4148868737070211,0.0015998602037900714,8.154410719994317,11.738467794648617,2.41790987354671e-08,0.11745567375886524,77.52814141996713,2226.1564186226606,0.010017730496453901,0.8672960230795285,16.914351558210015
UIEB_358.png,123.90366666666667,58.15028149895242,3381.4552384074077,7.436293536216468,211.0,58.15028149895242,103.71009063720703,132.5346221923828,132.44078063964844,77.74442291259766,0.3913951516151428,146.74024444444444,157.35056296296295,94.93995919124467,0.9859684834517799,0.03905320273704055,0.4792579524363054,0.0015251526440203914,4.051611945835653,11.167072194774388,2.3039151839567434e-08,0.07375185185185185,47.191188001131586,446.5903978185871,0.006118518518518519,0.7832706429913617,14.204933084142336
UIEB_359.png,123.04005416666666,55.9479786631927,3130.1763164970657,7.6282482835815975,230.0,55.9479786631927,114.28196716308594,126.75430297851562,126.87944793701172,60.04353332519531,0.4505786895751953,98.45705833333334,147.8555625,93.2150792988314,0.9851107032900794,0.031441568434492695,0.46754491576521073,0.0009885722256208875,3.9511727879799667,11.442065902543607,1.4851584420141409e-08,0.05996666666666667,42.19630095460088,294.92371903826387,0.0056791666666666666,0.8143974932215841,14.952143908300432
UIEB_36.png,124.60595925925927,49.77922490250965,2477.9712318946367,7.541412040427829,216.0,49.77922490250965,124.50407409667969,124.64539337158203,124.67808532714844,20.153472900390625,0.4993676245212555,34.19192592592593,133.2890888888889,192.07938786867,0.9612330836463017,0.01916784064617747,0.2557135745105659,0.0003674061150372532,7.446377295492487,12.45041323846269,5.373341765972187e-09,0.13497777777777778,75.68031709585742,821.9635767413444,0.011318518518518518,0.7612330749047184,16.651300956456048
UIEB_360.png,123.84734074074075,43.824675092947516,1920.6021470024143,7.384502596280206,215.0,43.824675092947516,121.70462036132812,124.78257751464844,124.64176177978516,47.396644592285156,0.48794201016426086,73.02302962962963,145.0339185185185,95.14272305694678,0.9752411406070947,0.03202683090293773,0.4206573889538973,0.0010257178976853672,4.4659877573734015,11.480945479511107,1.5418382394758106e-08,0.08263703703703704,52.4270445253081,403.9881219629629,0.007566666666666667,0.7541456142083961,17.54502448953977
UIEB_361.png,115.34249777777778,52.71673419476121,2779.0540641611055,7.4767625647861315,225.0,52.71673419476121,110.85613250732422,117.08846282958984,118.08695983886719,41.22137451171875,0.47137635946273804,74.35056888888889,133.27853777777779,225.04235948803566,0.959519359711869,0.023613658490839524,0.2734506488083024,0.0005576048673219976,7.883770728992767,12.39818870558527,8.27554440703579e-09,0.13986666666666667,77.56369207004214,1527.7482622217285,0.010293333333333333,0.7110518046764401,19.719855759419257
UIEB_362.png,123.74711481481482,31.39762802154663,985.8110453794102,6.898413850103438,192.0,31.39762802154663,123.44673919677734,123.88561248779297,123.80524444580078,17.229494094848633,0.4983903765678406,26.48196666666667,130.29873703703703,9.4149693934335,0.9952236090373894,0.04259191601376037,0.47269939233613334,0.001814071309723217,1.839120756816917,10.109865887207729,2.7447700815745806e-08,0.01022962962962963,23.082702109845588,15.856351217764061,0.0012296296296296296,0.866665871757241,20.22845658463952
UIEB_363.png,123.14274134790529,52.854020515497105,2793.547484652589,7.607879471829886,216.0,52.854020515497105,121.80952453613281,123.79627227783203,123.27214813232422,32.76556396484375,0.4930194020271301,63.58779143897996,136.8904189435337,214.14695713256157,0.9616632479920266,0.017875262074509804,0.2754447313844038,0.00031952499423240855,7.131877354789859,12.472680383688703,4.642733843534982e-09,0.11312386156648452,73.8094896687627,1623.8116820733837,0.007317850637522769,0.7778615192496767,17.107411698876653
UIEB_364.png,119.36678500986193,37.992753322817414,1443.4493050484539,7.007602964691091,187.0,37.992753322817414,117.51780700683594,119.99636840820312,120.97930908203125,23.085317611694336,0.4876749813556671,43.5539990138067,130.09823471400395,113.81431577283638,0.9606031554828787,0.048057798400231444,0.5013126604257607,0.002309551987077288,4.372425442799143,10.747650924067925,3.50081359560362e-08,0.10739151873767258,61.194489657099176,967.8620975447287,0.008205128205128205,0.8550090474369364,18.024872680196594
UIEB_365.png,123.58450819672132,52.001395862626524,2704.1451716615907,7.644231624104432,233.0,52.001395862626524,122.9458999633789,124.17404174804688,122.22444152832031,45.50796890258789,0.4989718198776245,79.16291438979964,144.00357923497268,97.911874982895,0.9818964919881377,0.019343989400284874,0.30338618448664595,0.0003741899259183335,4.788746271107583,12.068679693222048,5.476854505246483e-09,0.07450819672131148,64.9118734786667,441.2454160118911,0.006366120218579235,0.808866754338521,17.431430384304903
UIEB_366.png,127.09160740740741,39.20881742208586,1537.3313636384637,7.2741039109631505,204.0,39.20881742208586,127.02017974853516,127.15001678466797,126.97440338134766,20.01772689819336,0.4998345971107483,35.12207037037037,134.95524444444445,27.679985160452603,0.990993294732448,0.03482131050802374,0.5134362019334009,0.0012125236654962047,2.2256798367649786,10.569927255236982,1.8268812201442027e-08,0.027025925925925925,25.296655466524573,104.2348383094513,0.0024111111111111113,0.7409910198176336,15.486183131457675
UIEB_367.png,128.88156666666666,59.61309431900257,3553.7210142862964,7.751048392998769,235.0,59.61309431900257,118.815185546875,133.19570922851562,133.053955078125,62.37470245361328,0.44625478982925415,98.30994814814815,151.44504814814815,111.87815247634947,0.9842680601946122,0.022435087135964097,0.3702691582732708,0.0005033331347983017,4.9884696716750145,12.040865938706855,7.447423488400294e-09,0.0774,59.73531240553848,367.57919848801095,0.00422962962962963,0.7206489600965288,16.289966408609693
UIEB_368.png,117.4485257985258,37.451415481631045,1402.6085215777537,7.034872037468276,193.0,37.451415481631045,103.19425201416016,123.4541015625,123.9023208618164,68.35223388671875,0.41718849539756775,117.6434357084357,145.5071171171171,10.151698367057298,0.996381525820939,0.051798755733142965,0.6136326529531745,0.002683111095501811,1.3382295636051897,9.709645331915265,4.070819559386157e-08,0.008243243243243244,14.683552919700311,41.26797100011001,0.0006224406224406224,0.7533914044019823,15.79793260722333
UIEB_369.png,120.39554020100502,57.92749758035978,3355.5949759225878,7.702237160059307,229.0,57.92749758035978,106.1755142211914,126.50639343261719,126.23822784423828,86.53424835205078,0.42009007930755615,131.18077470686768,155.73878140703516,279.1044915730573,0.9584098936760755,0.024102675857741913,0.37527524314167165,0.0005809389835033748,7.093401062071627,12.256534095754288,8.631594763807297e-09,0.10626884422110552,71.04988535259263,1810.5151736789583,0.006809045226130653,0.7668314548824228,15.862552650795951
UIEB_37.png,118.90182938856016,51.79209807189548,2682.42142268884,7.484136643877182,209.0,51.79209807189548,119.66165924072266,118.58045196533203,118.53724670410156,15.767862319946289,0.504650890827179,31.35836785009862,125.34055719921105,52.534934950756195,0.9902083705175535,0.027899957392068547,0.4010842987335939,0.0007784076224792404,3.3416443579535917,11.300556293508912,1.1644727072398991e-08,0.051518737672583824,43.09757851147959,151.343889608207,0.0043195266272189345,0.8839406366173064,20.823411148602446
UIEB_370.png,123.94496548323471,51.711497733378245,2674.0789978291837,7.4692478716610875,205.0,51.711497733378245,112.08252716064453,129.01345825195312,128.95498657226562,52.434059143066406,0.43448153138160706,90.25961045364892,143.55171597633137,77.14434313599588,0.9855714522331795,0.028781899952271185,0.4288949038974889,0.000828397764862548,3.6803251968270585,11.292442572768469,1.2407516110230226e-08,0.04999506903353057,40.71483828468339,204.7492200661158,0.0027909270216962523,0.804247733153126,17.066210194240508
UIEB_371.png,121.4303925925926,36.05184280482273,1299.7353696236487,7.140872942315429,183.0,36.05184280482273,119.53880310058594,122.2957763671875,121.945556640625,45.714271545410156,0.4894290566444397,76.82485555555556,140.94735555555556,63.08528658875904,0.9757174528600537,0.02828557227696022,0.3822327392576012,0.0008000735990351406,4.1470636245594505,11.318999021068551,1.1975323638498541e-08,0.06973333333333333,42.56872597921702,248.155171801797,0.007262962962962963,0.7286694128626493,17.40004841896152
UIEB_372.png,124.76845020325203,51.9925706811376,2703.227406033089,7.5237522022200745,222.0,51.9925706811376,122.1917953491211,125.90443420410156,125.6705093383789,77.56273651123047,0.4857073128223419,119.21473069105691,156.84331808943088,281.18325766521434,0.9479955080413153,0.023272287352475662,0.30458620766390465,0.0005415993586161987,8.3543354778289,12.426204637639245,8.031319725855997e-09,0.13601117886178862,87.49279937484205,1185.7111172214784,0.012505081300813008,0.8430423652287734,20.588762008319982
UIEB_373.png,122.9592,55.915761792552566,3126.5724168414813,7.699731720468817,238.0,55.915761792552566,121.0239028930664,123.82379150390625,123.59014892578125,38.120723724365234,0.4891555607318878,75.24075555555555,139.65962222222223,236.95039881283617,0.9621055580629178,0.015095606856464527,0.22750726039014654,0.00022787734636493885,8.638337970691893,12.931120498436517,3.2443017166509838e-09,0.15802222222222223,89.67915285009005,868.2568437683951,0.014955555555555555,0.8091891781102483,17.885109645735692
UIEB_374.png,127.95097407407407,38.28879238608229,1466.0316223845132,7.270553449723065,212.0,38.28879238608229,128.23472595214844,127.88534545898438,127.54918670654297,54.118385314941406,0.5020257830619812,77.37137777777778,151.67905555555555,31.91877202745316,0.9891097048204728,0.02896607405454828,0.40713432171328146,0.0008390334461335751,2.8456501576701907,11.056723950652673,1.2569803727280805e-08,0.03663333333333333,36.49363863686696,77.29873498259259,0.003125925925925926,0.6631573249296119,15.988388548361577
UIEB_375.png,127.17961965811966,41.056568303755995,1685.6418008809812,7.234626549652866,224.0,41.056568303755995,125.22300720214844,128.01258850097656,128.0334930419922,37.73640823364258,0.4890643358230591,61.8035641025641,142.7599700854701,142.07311758914432,0.9578872935628608,0.019881489096629366,0.20564213045874047,0.0003952736086993924,6.686156414537049,12.207764228444631,5.798565973463323e-09,0.07321367521367521,60.719867156347235,750.8614714518226,0.0065128205128205125,0.8454050059304458,16.38002804211093
UIEB_376.png,122.41248888888889,43.40464031719064,1883.9628010646913,7.326241084284416,221.0,43.40464031719064,116.15469360351562,125.08129119873047,125.0970687866211,41.074378967285156,0.46428751945495605,67.33225925925926,139.32673333333332,365.17597477276945,0.9031490161055241,0.03613468069821926,0.3667129588651934,0.0013057151491622596,8.676089779261732,12.021752419519096,1.9690801393123774e-08,0.13754814814814814,85.95094876706267,2837.0507490617147,0.0094,0.7373302124501867,14.859726463591292
UIEB_377.png,123.05825555555556,37.31777040193758,1392.6159877717282,7.208398604797295,199.0,37.31777040193758,121.81016540527344,123.59455108642578,123.5615005493164,43.4505500793457,0.492847204208374,66.61605555555556,140.53272222222222,30.96905212391022,0.9888811984894385,0.037357425752331024,0.48845314353228203,0.001395577258840925,2.4514487108143204,10.66216875899876,2.1061988369421763e-08,0.03068888888888889,29.512160362580577,90.9968445017284,0.0024185185185185186,0.686889615562464,15.42301644597492
UIEB_378.png,117.09699911347518,52.05887361972946,2710.1263225549637,7.458867749457571,224.0,52.05887361972946,104.33396911621094,122.47787475585938,122.90139770507812,72.731201171875,0.42519471049308777,115.7380585106383,146.261679964539,296.99168383476007,0.9452326828454694,0.035700282372822204,0.4396735247439352,0.0012745101614992397,6.714732888146912,11.593906526475173,1.9214651068675835e-08,0.10037677304964539,62.218215661556016,1955.3885288441031,0.006059397163120568,0.7584814362687919,16.962293052276898
UIEB_379.png,125.37157960199005,55.60269151957731,3091.659304221275,7.232236051368786,212.0,55.60269151957731,123.38159942626953,126.14486694335938,126.62646484375,48.394859313964844,0.48811548948287964,76.80726368159203,147.33078772802654,93.97449729648918,0.9848116183713767,0.04220847483481869,0.47538364302676883,0.0017815553478815226,3.950252909077318,10.945090726924093,2.6951546612839094e-08,0.06334577114427861,41.77729510212218,550.4130761546056,0.0046849087893864015,0.7332224594306446,13.748686695664391
UIEB_38.png,118.65144970414201,50.123296518825825,2512.344853914137,7.505973885906055,219.0,50.123296518825825,117.08108520507812,119.27061462402344,119.5736312866211,23.266620635986328,0.4901984930038452,42.48033530571992,128.1812721893491,135.88139996641345,0.972928836699487,0.026417759076648784,0.3783128345993408,0.0006978979946318591,5.024666357143563,11.707964566744899,1.0416247643575428e-08,0.0742258382642998,53.51205382321574,759.4810530995794,0.005567061143984221,0.8407577239680712,20.774237733244796
UIEB_380.png,118.85333703703704,55.955286490836514,3130.994086271591,7.651447089898254,224.0,55.955286490836514,112.49384307861328,121.54143524169922,121.68788146972656,80.02812957763672,0.4625011682510376,111.55358148148149,150.4927962962963,325.2626859580783,0.9480588170324076,0.022022637671801727,0.34539266616284825,0.0004849965700234606,8.39372658133927,12.448916871616268,7.167629714370125e-09,0.14162222222222223,91.03941388069403,1670.2898923643208,0.011292592592592592,0.7333021028258457,15.626242254841307
UIEB_381.png,120.78547118380062,49.445882749172995,2444.895320844964,7.550744338184928,227.0,49.445882749172995,115.49126434326172,123.05255126953125,123.02428436279297,74.15985870361328,0.4693300724029541,110.17377336448598,152.92022975077882,94.59421075624482,0.9806576299343674,0.03418018428082964,0.4539485820856371,0.0011682849974714736,3.9322819964738738,11.35076928525691,1.7593783697646692e-08,0.05769470404984424,40.76065071771625,421.9670695300293,0.0038862928348909658,0.7891336560512331,17.5920536321218
UIEB_382.png,123.58745,60.79092363948704,3695.536396941944,7.548639967026785,229.0,60.79092363948704,120.89224243164062,124.66151428222656,125.14657592773438,56.62335205078125,0.483940452337265,106.32196666666667,150.01077222222222,54.78087924318308,0.9925909207602005,0.029911872486843637,0.4554606801915133,0.0008947201156691934,3.0590762381747356,11.184981398882613,1.3419514871317952e-08,0.04558888888888889,38.392480862344094,273.25609752777774,0.004066666666666666,0.7971262190046793,19.297864284819774
UIEB_383.png,118.73155806182122,45.46417354285698,2066.991075935017,7.464400234340482,222.0,45.46417354285698,113.50188446044922,121.08501434326172,120.33129119873047,94.11442565917969,0.47015002369880676,136.12362573099415,159.9877485380117,978.8348835360522,0.7633363996755778,0.022086591709775064,0.29619086415299306,0.0004878175333543046,15.778444441655056,13.019805155925958,7.210674198788524e-09,0.17325814536340853,108.4567784624966,5779.046203749349,0.009745196324143692,0.8011864471418363,18.827544025424736
UIEB_384.png,128.25580833333333,44.551091592648966,1984.7997620965973,7.47548332068555,221.0,44.551091592648966,128.33041381835938,128.25245666503906,128.11293029785156,18.415325164794922,0.5005761981010437,34.08134583333333,136.48029166666666,59.58325542570952,0.9850016970405421,0.04065768591447653,0.5850482461787854,0.001653047423920223,3.009507512520868,10.702414515152576,2.499067130825383e-08,0.057341666666666666,36.607099530981756,229.93691090609374,0.0053,0.8958003567151644,19.670713670685373
UIEB_385.png,107.99755925925926,29.299414947486696,858.4557162650069,6.783824075782443,142.0,29.299414947486696,105.41566467285156,108.97441101074219,109.70819091796875,30.156030654907227,0.4820486903190613,63.15821481481481,122.01837037037038,1.8190428491930994,0.9989389593595965,0.06045205671084692,0.7089398144810456,0.003654451160571452,0.7454535336672232,8.868809654070265,5.552966875471423e-08,0.0001,9.676388018314402,4.599947901838134,0.00017407407407407408,0.7204951140864763,15.318311598699738
UIEB_386.png,121.99872406639004,32.04940194510126,1027.1641650386603,6.865832634802214,171.0,32.04940194510126,121.50255584716797,122.13457489013672,122.67488098144531,16.775856018066406,0.4963148236274719,27.348589211618258,129.26980636237897,11.74428334915038,0.9942864821539336,0.04633244669225081,0.5397218241323124,0.002146695616490263,1.77585741103776,9.959561689086389,3.252314494976445e-08,0.0140283540802213,20.75431724052011,69.56464123827787,0.0018568464730290457,0.7184507727745325,15.512267327472728
UIEB_387.png,126.47814363143631,56.740313939939185,3219.463226002857,7.684491340801058,229.0,56.740313939939185,126.5045166015625,126.49795532226562,126.31698608398438,16.46666717529297,0.5003838539123535,31.24694218608853,133.68008130081301,143.57935312241267,0.9776991622880672,0.017080867556835112,0.2513777347071736,0.0002917560364941423,6.647366206550213,12.531816111790432,4.2190131749213005e-09,0.12100271002710027,77.75856768035563,331.0938120430756,0.011454381210478771,0.8873301031309703,22.33557838211357
UIEB_388.png,122.26406666666666,40.60030389298783,1648.384676202963,7.334114730030717,210.0,40.60030389298783,120.01866912841797,123.23140716552734,123.17955017089844,47.648738861083984,0.4870671033859253,70.83871851851852,141.10487777777777,43.00654053051382,0.9869597599974735,0.030523389335865334,0.4181728620355291,0.0009316772965488175,3.1370395102949358,11.169167271505252,1.3983436698704801e-08,0.04324074074074074,36.63020687783242,126.39976660389574,0.0034925925925925927,0.8201811266642179,17.89732687061234
UIEB_389.png,119.55110286844709,52.70162122828214,2777.4608800893193,7.617682126880107,222.0,52.70162122828214,110.48421478271484,123.99409484863281,120.44822692871094,64.80670166015625,0.45198479294776917,120.27709198813056,149.32084075173097,598.6984687634683,0.892183317267357,0.020133861434978702,0.303972699452443,0.0004053723762829226,11.869173647473781,12.7972356976818,5.952660937811626e-09,0.16518793273986151,112.60893631658925,3676.8400588011596,0.013130563798219584,0.823351819792337,17.724653640345963
UIEB_39.png,118.84658174097665,47.105009267401265,2218.881898081959,7.4196615135710635,210.0,47.105009267401265,119.14102172851562,118.6886978149414,118.87828826904297,11.768661499023438,0.5015049576759338,22.54297770700637,124.2814331210191,177.3339855172634,0.9600177473887354,0.029407577073954576,0.387999351061763,0.0008648055893605787,5.834809608370639,11.688648584024353,1.2963055424470197e-08,0.103328025477707,63.32481563057377,1065.5683935341078,0.007898089171974522,0.895879575069948,21.897544668337574
UIEB_390.png,123.4797827903091,42.28583397554224,1788.0917550071222,7.340023715455582,198.0,42.28583397554224,123.29192352294922,123.56509399414062,123.50445556640625,39.458988189697266,0.49901705980300903,59.00159147869674,139.24541353383458,47.21730453010657,0.9867943934115346,0.030214761226452037,0.43924531488536245,0.0009129317959715095,3.008133857180514,11.07259864890143,1.3697403059524682e-08,0.044632414369256475,41.352674961733456,191.81995649760367,0.002919799498746867,0.7499577613661427,15.719352470945756
UIEB_391.png,119.36977272727273,50.2078838132735,2520.831597007171,7.58778982419095,229.0,50.2078838132735,113.19505310058594,122.1186294555664,121.40838623046875,81.80685424804688,0.4648151993751526,127.81704099821746,154.67914438502675,116.696847687322,0.9768518329996634,0.027431861966773573,0.3989714020068229,0.0007525070509641185,4.621570710542526,11.723525739310547,1.124951571505155e-08,0.08056595365418895,58.85657525028528,554.8011942803308,0.0064572192513368985,0.8279358739172825,17.317913488233636
UIEB_392.png,118.29540888888889,46.61716250754685,2173.159840255032,7.460756693968149,214.0,46.61716250754685,104.030517578125,124.4039306640625,124.25254821777344,66.5698013305664,0.41837042570114136,113.29514666666667,146.00594222222222,258.2109872008904,0.9406162987423605,0.02810991358178212,0.38809552927306085,0.0007901672415752589,6.788447412353923,11.925862864893295,1.1824164619640486e-08,0.10145333333333334,65.95827146312058,1382.6677328197336,0.00807111111111111,0.7522843068999583,15.251988859398027
UIEB_393.png,121.84323552425666,58.97023225883779,3477.4882926612727,7.7276391330664875,228.0,58.97023225883779,118.73247528076172,123.05333709716797,123.77510070800781,51.381370544433594,0.4810324013233185,90.62442097026604,144.87598982785602,41.12089789712118,0.9940845990769795,0.021905622957222013,0.3645161962119649,0.0004798563171439721,3.4322854209284643,11.700170769777378,7.089195679954103e-09,0.061694053208137714,51.60728085531853,138.62804569160966,0.0047339593114241,0.8438418995404023,18.913389202009483
UIEB_394.png,122.5213923013923,50.41577248907344,2541.7501156700146,7.632338787914371,236.0,50.41577248907344,121.93647766113281,122.8353500366211,122.44525909423828,65.797119140625,0.49713051319122314,101.62206797706797,153.2018018018018,281.946368435517,0.9445232389397372,0.019883258970901464,0.3099421134987148,0.0003953439873039336,8.183356372004118,12.58287695142538,5.799639865744529e-09,0.13992628992628992,86.37783277314568,1285.128428774078,0.013198198198198199,0.8678908642382451,20.134093237458227
UIEB_395.png,118.3619060283688,53.05477481254264,2814.809130409609,7.554298730658194,225.0,53.05477481254264,115.83946990966797,119.1792221069336,120.75929260253906,38.34095764160156,0.4827881455421448,62.92371453900709,133.98513741134752,242.96922175256637,0.9568492319024746,0.019222295028876187,0.2506911341222646,0.00036949662617715817,7.669768763542075,12.46718234328138,5.405240434488802e-09,0.11839539007092198,75.7633044590167,1266.0923089840608,0.010403368794326242,0.7884267395294015,18.60680171326479
UIEB_396.png,121.0741125,38.62698855511964,1492.0442448373437,6.857920123057381,220.0,38.62698855511964,117.68820190429688,122.44671630859375,122.89309692382812,45.59973907470703,0.479694664478302,73.93837083333334,140.422675,254.87690734557597,0.9145872195728375,0.0493538097269474,0.42881149477140745,0.0024357985345637274,5.890329716193657,10.846262709708048,3.693450539400066e-08,0.07644583333333334,59.34573958561393,1196.9632526041667,0.006654166666666667,0.6415250399319008,15.569618947851104
UIEB_397.png,122.8760273466371,54.43879867808368,2963.5828015129255,7.553797572726445,221.0,54.43879867808368,104.0793228149414,130.908935546875,130.8309326171875,83.64627075195312,0.39764413237571716,141.12026607538803,155.48,313.36069354319284,0.9471160852864791,0.03192566279474598,0.44975009957814777,0.0010192479448838275,6.862449981306612,11.765135925159573,1.531965874971508e-08,0.11949741315594974,96.49170814308323,1840.9207649536165,0.01188839615668884,0.7563245612117178,14.107860657450129
UIEB_398.png,122.74405185185185,43.533198249206535,1895.1393498047187,7.405153694339912,214.0,43.533198249206535,119.61438751220703,124.08428192138672,124.03541564941406,50.80458068847656,0.48208341002464294,77.44455555555555,143.27118518518517,57.83308477091448,0.984740319764513,0.028817766081391596,0.3996199455552515,0.0008304636419218039,3.534498237803747,11.373610716849822,1.243903889250647e-08,0.05449259259259259,42.936389539542276,186.6887799420439,0.004192592592592592,0.8166895173496155,17.8034416619094
UIEB_399.png,117.96707111111111,51.38413655031687,2640.32948902161,7.627513855704964,225.0,51.38413655031687,111.09275817871094,120.96590423583984,120.55797576904297,91.77710723876953,0.45996594429016113,140.8084311111111,159.0879422222222,538.4068380634391,0.8980311583899759,0.015485009612799803,0.22920217153087868,0.0002397855227085023,12.527394546466333,13.199672808615428,3.4260060675964707e-09,0.18125333333333332,98.18063520875232,3675.3651851788445,0.011288888888888888,0.7377640586397801,15.500413962733084
UIEB_4.png,116.68137407407407,57.576695193204515,3315.0758293711797,7.476605493655608,208.0,57.576695193204515,109.9339370727539,119.58658599853516,119.40216827392578,35.326839447021484,0.4599962830543518,58.63703703703704,129.56004444444446,33.209452791689856,0.9949855052715795,0.03708353383686807,0.49418452452315553,0.001375188481830139,2.5477425338527175,10.796722872031474,2.075088032177184e-08,0.03503703703703704,29.411652483029574,170.49132197957474,0.0034407407407407407,0.7678699223634871,17.49788149162849
UIEB_40.png,124.82331481481482,35.43906560893254,1255.927371234225,7.084322750817092,219.0,35.43906560893254,124.05767822265625,125.16886138916016,125.05474090576172,37.73048782348633,0.49578726291656494,59.7765,142.03412962962963,94.05989612316824,0.9625631471298646,0.03541538897915516,0.3986618691932916,0.0012542497765448647,4.400226303097755,11.189636567945701,1.8905502128331984e-08,0.07802222222222223,49.501705567517696,371.8746555538957,0.0066629629629629625,0.7688730498062283,14.54928708587974
UIEB_400.png,149.49175416666668,42.79640423376205,1831.532215339566,7.263003158272736,234.0,42.79640423376205,149.02096557617188,149.61993408203125,150.02346801757812,32.880775451660156,0.4973277151584625,43.52384166666667,161.86724166666667,65.83724540901503,0.9820068785726698,0.03954881524108956,0.473963394821456,0.0015641087869738377,3.4281051752921536,10.971031028088074,2.363357540758267e-08,0.06194583333333333,42.298857418306916,252.8454446866493,0.0056875,0.8114561967137712,19.251177218605232
UIEB_401.png,116.23943781094528,44.94422887686121,2019.9837093356848,7.336515315595884,220.0,44.94422887686121,91.42218780517578,126.70391845703125,127.44406127929688,59.48629379272461,0.35972028970718384,119.99469651741293,143.8827960199005,99.07617671243116,0.9754465028093324,0.03855690572659346,0.4886509410148014,0.0014866349792094157,3.849485460842698,10.985441258008608,2.245141891703667e-08,0.05901990049751244,42.743507123565756,302.41291023083585,0.004845771144278607,0.5935281822492778,13.779479811124421
UIEB_402.png,121.860241617357,41.24283273028357,1700.9712516181496,7.304839128549571,187.0,41.24283273028357,120.50302124023438,122.45741271972656,122.34648895263672,37.95096969604492,0.49224308133125305,66.84275147928994,136.41585798816567,67.52817318805505,0.9801334640031085,0.020479992309759377,0.28217819008384093,0.0004194300850078032,4.822144402406378,11.81924926334835,6.167164549946642e-09,0.08849605522682445,52.061878289906346,387.7875493209466,0.0069625246548323475,0.8501607288221655,17.552543071230435
UIEB_403.png,126.74877819548873,19.98463731112147,399.3857284570684,6.299472701285815,169.0,19.98463731112147,126.64032745361328,126.80059051513672,126.7291488647461,14.233719825744629,0.4995087683200836,26.090695488721803,133.45242481203007,15.120576901351878,0.9810814080377555,0.05859380331773921,0.5404936259261977,0.0034332337872379063,1.833168062058318,9.370996727876893,5.2154159518057354e-08,0.01949248120300752,23.206547560972886,39.57418356354545,0.002800751879699248,0.5784233093763574,15.659839094434378
UIEB_404.png,120.94276854928017,30.44646759499164,926.9873890128758,6.896737724557032,180.0,30.44646759499164,120.50755310058594,121.05731964111328,121.45597076416016,16.61309051513672,0.4969111382961273,26.559606866002216,127.83534330011074,29.47279241704058,0.9841144665230143,0.02999665421889915,0.3622866057168578,0.0008997992643282001,3.1668450740159404,10.8691212776573,1.3497016529322817e-08,0.035503875968992245,35.140733502082846,125.53225623457064,0.004014396456256921,0.7599804796542199,26.504970895765318
UIEB_405.png,116.6303619047619,45.28542681662902,2050.769881964263,7.152533713987476,224.0,45.28542681662902,93.92897033691406,126.29954528808594,126.38706970214844,63.31300354003906,0.37172120809555054,120.30816666666666,144.0663857142857,43.009835440019074,0.9895051997390258,0.04456128850120683,0.5155515226317462,0.001985708432887788,2.390345814452659,10.386300298390772,3.0066675473408335e-08,0.026590476190476192,27.10320027702704,144.76164283535147,0.0015571428571428572,0.6538043881736332,15.284153735219164
UIEB_406.png,124.35079881656804,39.550498608618,1564.2419401902946,7.226584628135577,206.0,39.550498608618,124.33751678466797,124.37568664550781,124.22933197021484,19.953428268432617,0.5001408457756042,36.61578895463511,133.2700197238659,27.468132291491735,0.9912265620981994,0.033410524861918534,0.4788417881288667,0.0011162631715488764,2.4603579931048793,10.71692019690223,1.679999362924769e-08,0.03419625246548323,33.01503080008356,73.94209424854307,0.0027662721893491125,0.7907148277681078,19.38198101187677
UIEB_407.png,120.2707962962963,38.09383568917759,1451.1403175140601,7.141080038129005,176.0,38.09383568917759,118.66091918945312,120.94752502441406,121.02022552490234,31.090351104736328,0.4903997480869293,48.00412962962963,131.82697037037036,76.15703951029494,0.9737487189421923,0.026063537507304002,0.31012045963265344,0.0006793079873946425,4.79705434984233,11.507549015312648,1.0132586644472392e-08,0.08492592592592593,53.94837845700076,292.017577164321,0.008922222222222222,0.6690250942701477,18.751061898732402
UIEB_408.png,120.94379738562091,50.86564872633696,2587.3142203511043,7.472497131189442,218.0,50.86564872633696,117.06222534179688,122.67879486083984,122.1728744506836,64.81703186035156,0.4780944585800171,96.3241274509804,147.64638562091503,93.863029886412,0.9818677485215955,0.027212743482028234,0.37482007461409206,0.0007405334078186701,4.780140102785689,11.714920449636555,1.1066812419985505e-08,0.09395751633986928,55.969018434559295,444.80188978767785,0.007624183006535948,0.7683733673987768,16.406080090844554
UIEB_409.png,158.51895925925925,42.98116697602058,1847.3807146205625,7.14128209172618,225.0,42.98116697602058,157.7095184326172,158.7257537841797,159.5441131591797,29.628875732421875,0.4955213665962219,41.42107407407408,172.16994444444444,11.994824707846409,0.9967536039762243,0.052741634662149074,0.5811847295646978,0.002781680026835605,1.6430235577814876,10.046703725429714,4.221223812519998e-08,0.026559259259259258,28.566476015817837,70.50679255829904,0.0017666666666666666,0.7953683358537992,18.870603300244277
UIEB_41.png,124.10193333333333,52.66321734804481,2773.4144614474076,7.616459119589401,221.0,52.66321734804481,124.06477355957031,124.16851806640625,123.83936309814453,15.807190895080566,0.5002452731132507,29.540111111111113,131.06191481481483,290.42851048043036,0.9476380571553071,0.016536589563699543,0.2227951318401466,0.0002734587943982566,9.36648859209794,12.861453197054065,3.9398194173546856e-09,0.16520740740740741,91.01754997915778,1237.0219101032098,0.013674074074074075,0.7847243665407971,17.277454796087987
UIEB_410.png,121.93576866223208,32.75940066358199,1073.1783318370965,6.943445901000555,206.0,32.75940066358199,118.97930908203125,123.24937438964844,122.92094421386719,43.46806335449219,0.48332110047340393,65.49042128603104,138.9161603843311,26.447912078149468,0.987648665431239,0.04380138173976061,0.5090644247381984,0.001918561042312234,2.389151912463122,10.363227522097525,2.9042087604518647e-08,0.03277161862527716,29.723130131689107,78.29690164091566,0.00401330376940133,0.8322078826836301,15.847194392361112
UIEB_411.png,127.74212676056338,28.145299126048204,792.1578628947299,6.825421414763274,191.0,28.145299126048204,127.63360595703125,127.81614685058594,127.6544189453125,40.60651397705078,0.49960198998451233,60.18454460093897,144.95250704225353,63.51236567988903,0.959907806207843,0.022956573912482084,0.2214586656345242,0.0005270042857992529,5.315342472195445,11.60276247642377,7.808616588390394e-09,0.05753051643192488,46.73711280805864,387.0805022706914,0.004342723004694835,0.7868903106312719,16.319264452666037
UIEB_412.png,122.051223893066,59.62332322046572,3554.9406718521273,7.765282228471031,235.0,59.62332322046572,116.7706069946289,124.3943099975586,123.83629608154297,66.2862777709961,0.4704118072986603,104.04888888888888,147.91381370091895,482.6290894180358,0.9320760319475586,0.014215374125328166,0.21341870233497656,0.00020207686152304952,11.901552713168561,13.287247145379173,2.8506175607383668e-09,0.20192982456140351,127.33290689429263,2518.4063334622933,0.01705096073517126,0.8413652365441123,18.79004041703787
UIEB_413.png,119.40682222222222,52.712080906157404,2778.563473457284,7.602840346773179,226.0,52.712080906157404,116.56771850585938,120.53341674804688,121.0464859008789,78.08841705322266,0.4825224280357361,116.88551851851852,152.3713148148148,389.3492710072343,0.92991599836682,0.018660106683842104,0.24239530438928444,0.0003481995814523688,10.486477462437396,12.913422725056954,5.080273321378614e-09,0.16641111111111112,102.88559449364732,1983.307373538752,0.014777777777777779,0.8111640486498141,16.893339505954167
UIEB_414.png,124.78897037037036,52.390426109900076,2744.7567479768995,7.648624599298734,227.0,52.390426109900076,123.81341552734375,125.22480010986328,125.11097717285156,22.305387496948242,0.49458935856819153,42.78202592592593,133.6956925925926,343.36655166017437,0.9374228833548075,0.012560984395992136,0.16289495178582197,0.00015777832899635793,11.1437135967353,13.28837737468934,2.1746755971352837e-09,0.1685074074074074,91.35167842311468,1856.8541648062414,0.01101111111111111,0.8180625942844183,17.211928345700944
UIEB_415.png,123.01867357001973,29.15018770455857,849.7334432109976,6.846790222239114,179.0,29.15018770455857,123.39497375488281,122.81194305419922,123.09086608886719,22.434986114501953,0.5018038749694824,33.83096153846154,132.25040433925048,34.54936728867639,0.9796688697041345,0.06071354149251244,0.6999416537539316,0.0036861341205630302,1.7290355721073585,9.34280445586084,5.601311235810137e-08,0.035187376725838264,23.77367776235108,232.15163014746213,0.0028747534516765285,0.8133965282228351,17.050454684567804
UIEB_416.png,122.10795185185185,34.1838990975107,1168.5389575087927,6.920114185729031,161.0,34.1838990975107,121.89910888671875,122.24223327636719,121.94222259521484,45.3177375793457,0.49920913577079773,70.0971962962963,141.51873703703703,43.68033759970321,0.9813006955453962,0.0388167855193495,0.45067766771609824,0.001506742838055181,3.2851233537377107,10.718545660665022,2.2758240493662734e-08,0.052033333333333334,35.20604346596608,177.46171405727026,0.005440740740740741,0.6964884384737667,15.874227352188138
UIEB_417.png,118.27204411764706,42.93394752222524,1843.3238498411906,6.974998095032278,195.0,42.93394752222524,109.74534606933594,121.89033508300781,121.9637680053711,27.80769157409668,0.450045108795166,52.01911764705882,128.1775980392157,244.3128891289404,0.9337915751316351,0.053961949461353506,0.44072353848953966,0.00291189198966967,6.8169056270254345,11.126113510549606,4.4199114999499044e-08,0.10756372549019608,65.7783164404313,878.5287309557863,0.011534313725490197,0.7705067690045416,15.168351202578902
UIEB_418.png,117.92255701754387,36.89380026777539,1361.1524981985035,7.090639061337681,222.0,36.89380026777539,118.02684020996094,117.89237213134766,117.79161071777344,72.66929626464844,0.5007842779159546,114.63438157894737,149.13775,126.21613654336176,0.9536718000737444,0.029967725743499977,0.34887745544118137,0.0008980645862376313,5.107543273877516,11.459460372285758,1.347054744224748e-08,0.07467105263157894,50.09342590236066,833.1357226900393,0.005557017543859649,0.7274719428131252,14.315194679073208
UIEB_419.png,120.07461481481481,48.93645202027946,2394.7763363331137,7.554999406598634,227.0,48.93645202027946,113.33450317382812,123.08500671386719,122.2602767944336,82.94902801513672,0.4619387984275818,122.9247925925926,152.9850888888889,247.05465034316452,0.948414366858614,0.019029946225269972,0.28096703624530345,0.00036213885333666687,7.625045446113893,12.480495583585174,5.292969730745953e-09,0.1228962962962963,84.65712258684707,1276.926014797037,0.0118,0.7768996790583359,15.056397763627867
UIEB_42.png,119.88202169625247,42.308671273703155,1790.0236649462745,7.401814522378544,235.0,42.308671273703155,120.24295806884766,119.7332534790039,119.69696044921875,19.927730560302734,0.5022046566009521,33.107721893491124,127.85568540433925,99.87652497752664,0.972071050564381,0.02429775620948347,0.364287445122226,0.0005903809568154924,4.57363357074414,11.656920780100556,8.775667842910651e-09,0.07812130177514792,54.64358268536892,333.97865330634914,0.00812130177514793,0.8673096914876329,23.1592542358582
UIEB_420.png,130.21053402239448,42.91388718496354,1841.6017133237779,7.431292052834092,230.0,42.91388718496354,128.38275146484375,131.00625610351562,130.88723754882812,43.263755798339844,0.49020978808403015,71.1109216192937,149.8033548664944,60.096366467799484,0.9836534611658065,0.03647588210390089,0.5367335356986083,0.0013304899752576772,2.35169295941125,10.539832103740963,2.0068835238573867e-08,0.021869078380706286,25.041944951565334,425.12337164416533,0.0012618432385874247,0.8400841545975611,17.106932139480342
UIEB_421.png,122.00884976525822,36.552381753074584,1336.0766118225,7.0299818053073375,213.0,36.552381753074584,99.87135314941406,131.51446533203125,131.1313018798828,73.25373077392578,0.3802511692047119,123.74063849765258,153.7831924882629,405.48520774060046,0.8482177244760422,0.031862730279290284,0.3110825138864071,0.0010152335808508019,9.693630228785064,12.00957839991138,1.525840441571506e-08,0.14017840375586854,87.93805854375087,2417.036544935176,0.011915492957746479,0.7356494757783781,14.45040469101874
UIEB_422.png,118.96597037037037,48.884812809969816,2389.724923465789,7.323935934797789,214.0,48.884812809969816,116.2273178100586,120.00640106201172,120.79835510253906,49.918582916259766,0.4826620817184448,84.18398888888889,140.52765925925925,109.30595065850491,0.9771256596590422,0.03128202274171356,0.3408515615402489,0.0009785649468130842,5.443557781487664,11.689479976475237,1.4698885463723517e-08,0.10664074074074074,57.155737905109554,439.5147145865433,0.010092592592592592,0.7274845025532852,16.724856006630905
UIEB_423.png,120.35426666666666,43.051472796452664,1853.4293099437036,7.331700108114047,207.0,43.051472796452664,118.29060363769531,121.27386474609375,120.98624420166016,51.723793029785156,0.4882793426513672,84.09987037037037,142.60644814814816,123.59528102392878,0.9666428721965855,0.03431167458090919,0.40075239262571016,0.0011772910125462097,5.380181784455575,11.603230966594504,1.7731204581965786e-08,0.11285185185185186,64.57126855465494,500.4126149522085,0.011522222222222222,0.7798216618719586,19.046840150298237
UIEB_424.png,124.21857988165681,36.00046000082821,1296.0331202712323,7.053431231386744,206.0,36.00046000082821,124.34256744384766,124.20570373535156,124.03546142578125,22.466876983642578,0.5008942484855652,41.405714990138065,135.157258382643,186.40065296203733,0.9280684361886206,0.053578378199094084,0.4212886507437408,0.00287064261044516,6.3303780462506545,11.342992737397392,4.356969942295317e-08,0.14151873767258383,82.20964552150282,1424.0181230125143,0.010749506903353058,0.8174443184255594,18.467998098972988
UIEB_425.png,123.78304240631164,49.6619770837215,2466.3119678640796,7.493743607394897,212.0,49.6619770837215,124.04036712646484,123.73329162597656,123.40270233154297,24.50962257385254,0.5019114017486572,41.54029585798816,134.61297830374752,112.5573589117958,0.9771874442237093,0.035840843331347495,0.5331104825454386,0.0012845660507021961,3.783406268830694,10.996912276694458,1.936809176085962e-08,0.0668145956607495,46.143628276947084,611.5363312138687,0.0055769230769230765,0.8666894176490102,21.043822840219335
UIEB_426.png,120.55408306364617,35.25881925136818,1243.1843350006516,7.074762669865348,189.0,35.25881925136818,119.72882080078125,120.95741271972656,120.64937591552734,30.65963363647461,0.4955523908138275,53.00759978425027,133.76797195253505,20.490380407475243,0.9917629587259381,0.0345867430275306,0.45744184418282163,0.0011962427932524365,2.2935150817705887,10.548192803496665,1.802038580612085e-08,0.022653721682847898,29.57731315588303,64.40221142065495,0.0026267529665587918,0.8402046139312382,17.568531886923036
UIEB_427.png,119.18202791461412,52.86167998338577,2794.3572106658876,7.556301532407715,217.0,52.86167998338577,106.54119873046875,124.65265655517578,124.15502166748047,67.90206909179688,0.42820703983306885,115.95920771756978,144.776539408867,309.4311372813474,0.944668078480358,0.023295289069534857,0.36060817904750275,0.0005426704928331901,8.031974473054433,12.25459534655508,8.047663936930697e-09,0.13594417077175697,82.38340125494888,1859.8494545095157,0.010816912972085386,0.7534678475654834,15.595094839844865
UIEB_428.png,122.49976985894581,62.41397369812621,3895.5041127903905,7.785271928901155,238.0,62.41397369812621,120.21636199951172,123.5240707397461,123.20947265625,40.13356399536133,0.4872315227985382,75.43809205642168,139.35023385300667,579.1975378414655,0.925655535786987,0.012723354867430701,0.1761240211300289,0.00016188375908257252,13.990492691977348,13.58911064764749,2.2373194888316726e-09,0.23346696362286562,154.556312822918,2777.235973719487,0.022947290274684486,0.8466131622330598,17.680028493005043
UIEB_429.png,117.89935235507247,37.20848761109747,1384.4715503051937,7.134392882038355,206.0,37.20848761109747,94.13957977294922,128.13134765625,127.536865234375,91.92652893066406,0.36820995807647705,142.4288722826087,154.21652173913043,464.4660348769689,0.8323578239818135,0.03991838121329544,0.4129470176616313,0.0015934771586899783,9.414989656674168,11.632312101614595,2.4081701196708345e-08,0.11971014492753623,65.71963146535087,3679.4397347318827,0.005289855072463768,0.6973668368943066,14.099256856743663
UIEB_43.png,119.48641176470588,48.23605847214809,2326.717336928489,7.468651998488225,200.0,48.23605847214809,113.79706573486328,122.05264282226562,121.20426177978516,48.62239456176758,0.4678061306476593,77.50182352941177,139.13196078431372,1316.6621152901898,0.7171060961662249,0.010324249949235646,0.1137867347736061,0.00010659013701429223,23.390765000491015,14.008718053913762,1.3936057731901884e-09,0.2831490196078431,140.42152944724057,12371.674610602076,0.011647058823529411,0.5442861907494737,14.49045527819419
UIEB_430.png,117.3816574074074,41.22907330721271,1699.8364857715192,7.262306042903813,226.0,41.22907330721271,88.09153747558594,130.0089874267578,129.18203735351562,82.44649505615234,0.3398710787296295,137.74089814814815,150.24245370370372,650.8842329808941,0.808497272637603,0.03592552518268569,0.4063803782781231,0.0012906433596517838,11.211713967723984,11.824386571385347,1.9460824136189023e-08,0.13262037037037036,85.6540889169064,5003.656396368634,0.007972222222222223,0.5575987667434245,12.093833990124526
UIEB_431.png,118.4073883161512,45.35152037957763,2056.7604007392447,7.429183845398744,210.0,45.35152037957763,107.39640808105469,123.25183868408203,122.33210754394531,73.82110595703125,0.4373103678226471,121.00657216494845,151.25736254295532,558.6318348450166,0.8642280867856437,0.014974721372114344,0.20788185784793675,0.0002242422801724581,12.978701616095556,13.133032636618836,3.1888350083916948e-09,0.2123926116838488,117.45011921505105,4605.675747009346,0.012242268041237113,0.6245067190662428,13.477910722249975
UIEB_432.png,120.27753703703704,60.64484057203784,3677.7966880078875,7.750464115837657,239.0,60.64484057203784,118.69932556152344,120.9151382446289,121.12834167480469,38.47447204589844,0.49040496349334717,63.69465185185185,134.94833703703705,228.11488406603598,0.9689999120311981,0.01710699888269289,0.23813574394103576,0.0002926494107724558,8.04488592097941,12.790956743158272,4.232644984587948e-09,0.1365074074074074,85.55734637688066,827.9963916936077,0.011525925925925926,0.7714841012623848,15.800308911245516
UIEB_433.png,129.69160740740742,41.7977123856737,1747.0487606755007,7.2925427106826275,190.0,41.7977123856737,129.45323181152344,129.82562255859375,129.6560516357422,26.472156524658203,0.49889159202575684,41.02241111111111,140.55906296296297,58.64153218326842,0.9832184429795239,0.033328548020316366,0.4738167973318058,0.001110792113142534,3.21652754590985,10.9776865851954,1.671651190307669e-08,0.052896296296296295,35.89318898077498,255.46037795506174,0.0037851851851851853,0.7711788885744366,18.78637523577223
UIEB_434.png,125.93783530571991,53.33636172166818,2844.7674817046313,7.594602281265112,226.0,53.33636172166818,126.15398406982422,125.87274932861328,125.68108367919922,20.5887393951416,0.5014989376068115,32.463925049309665,133.99273668639054,110.80210113502781,0.980529526281496,0.028505335859854878,0.47231919299901165,0.0008125541724831284,4.030874929616422,11.359516970850342,1.216576207612043e-08,0.0779240631163708,50.37533574519951,643.6506357908414,0.0057692307692307696,0.8894294466011107,20.71796828350856
UIEB_435.png,123.06830867850098,42.95316050807587,1844.9739976325284,7.337094432742925,202.0,42.95316050807587,122.88675689697266,123.12782287597656,123.24504852294922,12.40323257446289,0.4987836480140686,21.258836291913216,128.50849112426036,128.296104948089,0.9652450961753754,0.0323758727194591,0.4848764248841214,0.0010481971343466161,4.344084321996227,11.117347580649207,1.576138832525812e-08,0.0913560157790927,57.58491724971078,759.1298601215137,0.007692307692307693,0.8371631311004192,18.953150550257128
UIEB_436.png,123.11105522682446,24.117305040920147,581.6444024367923,6.418927056999986,205.0,24.117305040920147,122.92657470703125,123.2234115600586,122.99749755859375,34.69976043701172,0.49925318360328674,54.779220907297834,138.4345956607495,119.03898015430055,0.8977526792780824,0.06943203198976537,0.5448295144817908,0.004820807066227802,3.2572927265363374,9.681812931954518,7.332684749092564e-08,0.043422090729783036,38.33069470836932,487.2078273782188,0.0042554240631163705,0.6720028356586344,16.132763065504193
UIEB_437.png,122.71303747534517,32.592682738481315,1062.2829680912978,6.972805080477347,176.0,32.592682738481315,122.50262451171875,122.81378936767578,122.77037811279297,23.060623168945312,0.49882134795188904,41.54302761341223,133.947741617357,41.74092422281712,0.9803730602633604,0.05085279805487976,0.5814205583733812,0.0025860070700103824,2.398845215398445,10.096090854535017,3.922650575176823e-08,0.04818540433925049,33.4605034586758,279.2982372932544,0.004151873767258383,0.7393387911693255,16.265635500781567
UIEB_438.png,116.00891111111112,53.26180566610863,2836.819942814321,7.382940886419181,229.0,53.26180566610863,100.26841735839844,122.64099884033203,123.13882446289062,74.77783203125,0.40796035528182983,132.05257333333333,148.47179555555556,207.54489927657207,0.9634067318325034,0.03806845137799385,0.41033114681826066,0.0014492069903186816,6.20069449081803,11.593797740533187,2.1880313129519376e-08,0.10256,65.87539980890016,1347.0398100808688,0.007168888888888889,0.7449673677108848,16.800735108443195
UIEB_439.png,129.97876679670568,49.54704377643293,2454.9095469837607,7.253277868065488,240.0,49.54704377643293,129.23117065429688,130.25048828125,130.4998321533203,38.84132766723633,0.4956127405166626,66.63923710446467,148.60205461638492,199.14712644177226,0.959465252383515,0.05259097701705051,0.47498269740744914,0.0027658108636079352,6.042163901257188,11.182668312708852,4.197009391091057e-08,0.10258344169917642,64.90151532762494,1177.7853011726997,0.009128738621586476,0.8478428898035228,15.783280260990287
UIEB_44.png,123.68134444444445,41.70011638814767,1738.8997067850619,7.35147470004505,210.0,41.70011638814767,123.48667907714844,123.74527740478516,123.84095001220703,29.16888427734375,0.498762309551239,48.97726296296296,136.89311111111112,101.91933593025414,0.9707024387884527,0.023374962527181936,0.30372480409954167,0.0005463888731471597,5.270751252086811,11.873110261048208,8.10440191779571e-09,0.09687407407407407,58.182447494343116,363.70141480932784,0.00834074074074074,0.7456885525583764,18.816544629234283
UIEB_440.png,123.31831854043392,50.09184207767592,2509.192642734824,7.578636262457553,230.0,50.09184207767592,123.2239761352539,123.49115753173828,122.65766143798828,52.37721252441406,0.5006076097488403,83.09523668639054,146.53628698224853,239.65445367525757,0.9522296738318464,0.022457057259637713,0.28188148620536874,0.0005043194207626469,8.072438284715158,12.554309011836652,7.462473017885544e-09,0.15074457593688362,88.10926041147414,1167.697376574019,0.011454635108481262,0.7795829512979883,14.991758811840617
UIEB_441.png,124.56251972386588,49.13264055002794,2414.01636741825,7.545794335416619,229.0,49.13264055002794,124.4244613647461,124.63082885742188,124.57656860351562,39.583927154541016,0.49928078055381775,59.403071992110455,141.54581360946744,369.80409163200994,0.9233659319919036,0.02690070318068751,0.2888150275201526,0.0007236478316154512,9.896158291432467,12.67827054595477,1.0809158974501817e-08,0.18396942800788954,106.79292332525274,1915.2744070142026,0.01584319526627219,0.8280932333422527,17.277138944803156
UIEB_442.png,116.53787037037037,45.64920407303631,2083.8498325017144,7.311672626555682,209.0,45.64920407303631,108.27217102050781,119.96741485595703,120.52803802490234,59.056209564208984,0.45020464062690735,100.25220740740741,140.83898148148148,97.8887293637544,0.9765157844701888,0.04090015455640724,0.4197453528268894,0.001672822642738,4.487950287516231,11.281296795690231,2.5292417200859067e-08,0.08746666666666666,51.979701225609446,325.5781740734019,0.008377777777777777,0.7806454653347127,17.111230063526786
UIEB_443.png,118.95275147928994,47.99721018687698,2303.7321857232473,7.494643171469982,210.0,47.99721018687698,107.74065399169922,123.8547134399414,123.12081146240234,68.61107635498047,0.43624019622802734,106.67527120315582,145.3266814595661,888.4887139315031,0.8072712987108343,0.016023503201292005,0.2381525824109542,0.00025675265484181517,16.371328940739495,13.242679485923308,3.6849039578142565e-09,0.2033826429980276,121.69197800314363,4002.515999035592,0.014970414201183432,0.8176973516607986,17.415382868250713
UIEB_444.png,121.50267037037037,53.918739890576454,2907.2305113876405,7.428101383002753,220.0,53.918739890576454,109.09789276123047,126.73383331298828,127.10751342773438,97.58613586425781,0.4297877252101898,156.89934074074074,168.10405925925926,168.83952884437025,0.9709513430897663,0.0367394471103676,0.4026122897336763,0.001349786973975498,6.029259877573734,11.627248971538666,2.0363284071548436e-08,0.09371481481481482,55.8905636872037,1039.1400987851714,0.006474074074074074,0.7777276804436396,16.243798758717272
UIEB_445.png,122.60576296296296,51.234373076734684,2624.960984566036,7.622951606899621,234.0,51.234373076734684,121.65658569335938,122.93386840820312,123.39576721191406,42.58707046508789,0.4938771724700928,78.40813703703704,141.5009851851852,314.3959154145798,0.9401326950528166,0.01698429492837949,0.27400345646040886,0.0002884662742141772,8.69873121869783,12.731736496232692,4.1688153862255435e-09,0.13785925925925926,79.64442169875787,2703.518907404321,0.00834074074074074,0.8411889903705427,18.391939066240344
UIEB_446.png,127.85582716049383,65.00548672787035,4225.713304727328,7.835005269183459,244.0,65.00548672787035,126.91766357421875,128.30960083007812,127.98023223876953,47.56066131591797,0.49521148204803467,88.65629629629629,149.05237037037037,745.6993425256086,0.9117611561880076,0.01247556199626812,0.16364053294925077,0.0001556396471227294,16.0038335497434,13.737996775620532,2.142041901553793e-09,0.22571604938271606,131.69317063075337,4973.471052189181,0.015547325102880658,0.7458700289696637,16.94660160397826
UIEB_447.png,119.89096296296296,37.195968118304,1383.5400442578875,7.047080675494791,183.0,37.195968118304,118.49759674072266,120.5486068725586,120.1760025024414,31.250911712646484,0.49225378036499023,52.95642222222222,132.89276296296296,22.742103505843076,0.9917773436591355,0.03644238270552217,0.4459373641367149,0.0013280472572557414,2.3310628825820814,10.512998562968207,2.003156231984316e-08,0.02328888888888889,28.764190072027848,69.21274704175583,0.0022407407407407406,0.6553998736182121,17.6289553013326
UIEB_448.png,124.1578962962963,45.203983459552184,2043.4001206114676,7.433867853109889,227.0,45.203983459552184,122.89866638183594,124.72844696044922,124.51176452636719,45.13849639892578,0.49309325218200684,67.66899259259259,142.42776666666666,211.52449638286032,0.9481291777090592,0.02568158660142607,0.317322797876033,0.0006595438903665472,7.098452977184197,12.210278972325447,9.831010456909896e-09,0.13090740740740742,76.010307508111,1040.6076600414815,0.012444444444444444,0.7503936894096701,18.681202961162338
UIEB_449.png,120.54438157894737,58.296149360617726,3398.4410302754504,7.658012031755187,241.0,58.296149360617726,117.6612548828125,121.88020324707031,121.20878601074219,82.47158813476562,0.4840254485607147,127.05437280701754,158.8787236842105,282.21043845004834,0.9584748842633612,0.0240985306979465,0.32204009943056777,0.0005807391817998698,8.494745628679379,12.516693764051286,8.628546031759181e-09,0.14609649122807017,88.49587999387782,1476.008344251135,0.011973684210526315,0.8297395839239142,19.872314987698157
UIEB_45.png,124.59986666666667,29.348718389281213,861.3472710933333,6.70709607965749,197.0,29.348718389281213,124.15583801269531,124.78479766845703,124.79000091552734,28.675168991088867,0.4974694550037384,48.570455555555554,138.35781481481482,47.81577072899277,0.972241573168649,0.054922974146189386,0.48374615362502293,0.003016533089062988,3.011927286217771,10.235168467543517,4.5795811462409776e-08,0.048992592592592595,34.88543382184871,186.72952650851852,0.004540740740740741,0.6501284871219144,14.812473277596148
UIEB_450.png,124.37223697148475,52.20979028575283,2725.8622016822906,7.507804088607534,221.0,52.20979028575283,113.07242584228516,129.2013702392578,129.1441650390625,69.45144653320312,0.4376790523529053,117.77581612586037,152.53398230088496,412.50697081172655,0.9243590372409468,0.020337252521879377,0.29028350956098026,0.00041360384013868905,10.305612599169706,12.630879488415976,6.0782631084623565e-09,0.2031661750245821,130.7956241701681,2539.379021161179,0.020467059980334316,0.6339596524967611,12.773183902597475
UIEB_451.png,119.01131481481481,47.51613053336577,2257.7826608638543,7.412856061565972,208.0,47.51613053336577,100.25012969970703,126.90962982177734,127.55763244628906,66.4363021850586,0.3939608335494995,121.14863703703703,148.61546296296297,591.8168948247078,0.8688576574574193,0.020469706046707486,0.28993578913223245,0.000419008865638613,11.802003338898164,12.64064875764852,6.160737252443131e-09,0.1923111111111111,121.96876662325732,3696.0632054248417,0.021296296296296296,0.5179232059828194,13.090549432304968
UIEB_452.png,118.1398037037037,47.45187378065066,2251.680325294801,7.379977200141529,224.0,47.45187378065066,113.5631103515625,120.11546325683594,119.94532775878906,53.37830352783203,0.4730598032474518,90.79075185185185,139.38966296296297,133.35352253756258,0.970391826628249,0.0318282685645921,0.3320649400652176,0.0010130386798198018,5.932732331663885,11.918149382904485,1.522491288386996e-08,0.1328074074074074,74.42501549986352,547.8024503473114,0.013455555555555556,0.8321385251918961,17.0948068423452
UIEB_453.png,118.97764,51.70113209621623,2673.0070600303998,7.396413326053436,211.0,51.70113209621623,89.3822250366211,131.52438354492188,131.98426818847656,88.13475799560547,0.33920031785964966,154.12032444444444,155.9596711111111,490.75787200890375,0.9081778833463829,0.0384111520769736,0.4807833664640897,0.0014754166038803932,7.831171953255426,11.425578954202926,2.228024009426717e-08,0.08968888888888889,56.809375399688896,3724.0308959051063,0.0041333333333333335,0.8189312330792494,16.333349148228468
UIEB_454.png,125.89633333333333,45.7381839981043,2091.981475444444,7.447131378781327,214.0,45.7381839981043,106.78936767578125,134.13414001464844,133.59642028808594,85.49490356445312,0.3988687992095947,125.77576666666667,158.17202592592594,471.50826562789837,0.887260320907097,0.025082425498605614,0.35366159500575356,0.000629128068893101,9.719499165275458,12.270381221748691,9.366901852883929e-09,0.13677407407407408,89.35879113707135,2739.72330090358,0.012992592592592592,0.6755655415579808,12.54172905547578
UIEB_455.png,128.74777638190955,50.58099013773335,2558.4365633134785,7.609224099758449,225.0,50.58099013773335,126.5981216430664,129.6637420654297,129.66368103027344,45.238094329833984,0.48817870020866394,71.88554438860972,147.74894891122278,490.60969706629976,0.9041670988750918,0.01658690557920622,0.24539629348774647,0.0002751254366935024,10.850391355777218,12.963883866642394,3.965250360580481e-09,0.144250418760469,95.55869425869466,1762.2734981807419,0.009120603015075376,0.8805461533406924,18.59658041367125
UIEB_456.png,122.53916666666667,53.42212705052128,2853.923658602038,7.658816319092767,226.0,53.42212705052128,101.32833862304688,131.65274047851562,131.2469482421875,80.43891906738281,0.385425865650177,133.1594095477387,153.15172529313233,1080.3586924606336,0.810784761304524,0.014212955595588734,0.22987170932413126,0.0002020081067621771,17.139919128195235,13.418866518958072,2.8495684463451703e-09,0.2225251256281407,149.80133199280755,6894.156255780421,0.018496649916247908,0.6644937729803729,14.072812030293193
UIEB_457.png,122.07161111111111,52.50873593628533,2757.167349626543,7.665115385877586,231.0,52.50873593628533,121.35204315185547,122.44359588623047,122.0394287109375,26.601593017578125,0.4963618218898773,47.658003703703706,132.19448888888888,212.94772769430534,0.9613753552526875,0.014429826301055798,0.207040436280575,0.00020821988707864166,8.329719903542943,12.923739040704213,2.9443526918966927e-09,0.17314814814814813,100.33790213547975,700.6526147105624,0.015996296296296297,0.8135601884831578,18.22679583867093
UIEB_458.png,119.19980049875312,42.73514243526858,1826.2923989626931,7.353529059627043,205.0,42.73514243526858,118.44164276123047,119.76854705810547,118.26702117919922,58.967002868652344,0.4975796043872833,91.13380714879467,144.9533208645054,81.13662421575444,0.9778025057638132,0.031951647757487156,0.4732991129191968,0.001020907794418534,3.7399739382761794,11.173180924772716,1.534498604364066e-08,0.06000831255195345,40.10745786130687,253.87760428182796,0.005885286783042394,0.7428183103944778,15.157046141456949
UIEB_459.png,129.81291873963517,50.504811362396694,2550.735970751274,7.476006831711383,215.0,50.504811362396694,129.7402801513672,129.81956481933594,129.93443298339844,27.1303653717041,0.4994736611843109,50.68530265339967,142.13015339966833,15.355497138680555,0.9969917401229255,0.03854263854279209,0.6076019587320547,0.0014855349858403225,1.4274163406672815,10.155312716131425,2.243463435024754e-08,0.015004145936981758,19.13234025756044,56.8756460922997,0.0013598673300165838,0.7341811227046843,14.870569141762717
UIEB_46.png,124.82886666666667,40.89525285378261,1672.4217059748148,7.301681432054414,207.0,40.89525285378261,124.73078155517578,124.87869262695312,124.82942199707031,17.09515953063965,0.4995063245296478,28.928155555555556,132.0800148148148,107.5746466332777,0.9678407239526061,0.02206347077304048,0.2723508007014951,0.0004867967425528115,5.666280838434428,11.956922599521356,7.1950981672716e-09,0.1066037037037037,62.70298507229322,389.90445148113855,0.009092592592592593,0.7004335460100392,15.635339289919191
UIEB_460.png,119.17847345132743,37.537981528801865,1409.10005725667,7.131528456403805,207.0,37.537981528801865,115.89381408691406,120.66060638427734,120.15435791015625,30.623165130615234,0.4812566936016083,51.02900073746313,130.84934734513274,48.01986348929632,0.9829602040472154,0.03053142128290483,0.3841358749126481,0.0009321676855542141,3.4028617016561524,11.040873072491255,1.3990919441096709e-08,0.04090339233038348,35.685005313636815,136.6043481739086,0.0034992625368731566,0.6325522521048114,16.161046529919982
UIEB_461.png,117.9822270531401,44.37905779845807,1969.5007710788818,7.426582056594037,220.0,44.37905779845807,116.26644134521484,118.948486328125,117.5163345336914,35.55592346191406,0.49168601632118225,66.52995169082125,132.53623188405797,61.17762454332099,0.9844599068863414,0.025044812649340397,0.36922834565229623,0.0006272426406405608,3.8566015823473907,11.536808831207392,9.338132500885938e-09,0.0558792270531401,43.37897570463579,242.92483272888515,0.004975845410628019,0.6877284235472717,19.78358186629856
UIEB_462.png,126.65264299802762,35.085226804986775,1230.9731399573623,6.805288275092531,188.0,35.085226804986775,126.5957260131836,126.67613220214844,126.70325469970703,23.7755069732666,0.4996291399002075,45.932810650887575,137.92716962524653,28.615750116071162,0.9883785949721045,0.06449801799584806,0.5591128678308686,0.004159994325392741,2.3262044235461468,9.89940871486521,6.324364526871091e-08,0.040936883629191324,30.385750833936843,173.05118456926013,0.0034960552268244577,0.8658422884759619,19.8530267143369
UIEB_463.png,120.75579120879121,33.750487927234026,1139.0954353263696,6.880919172413438,185.0,33.750487927234026,116.33960723876953,122.8067855834961,121.74751281738281,24.585899353027344,0.47572097182273865,42.11225274725275,129.5020402930403,31.278379717110937,0.9862568218881707,0.04044363528451828,0.48776597186356874,0.0016356876350271323,2.1969583004641438,10.126984475291529,2.472578195136463e-08,0.017564102564102565,23.876126671442403,145.3580050433925,0.0015054945054945054,0.8083184243690921,23.464240147260433
UIEB_464.png,119.47838763575605,55.20969141196702,3048.1100258046254,7.672866297037903,232.0,55.20969141196702,115.89086151123047,120.99851989746094,121.05998229980469,56.032798767089844,0.4787721037864685,97.73212614870509,142.1609649122807,204.39356739093142,0.9664558449135099,0.016427634012386002,0.22795884155958213,0.0002698671592449014,8.035577256998923,12.765345243954464,3.885015414160178e-09,0.1631829573934837,96.17151267682367,796.8866361022997,0.014302422723475355,0.823117434916404,17.00677714052987
UIEB_465.png,117.90215,57.19664588398082,3271.4563003775,7.595306390536086,216.0,57.19664588398082,112.65255737304688,120.08454895019531,120.41108703613281,42.66486358642578,0.46841830015182495,86.72657083333333,135.1873125,175.79871869782974,0.9731368703268982,0.02261080814106298,0.2827116199084262,0.0005112486447919599,7.0618823038397345,12.37147871279814,7.568204585715636e-09,0.1411625,88.44057565919483,596.3910241827083,0.013104166666666667,0.7428544807183824,14.832071070999607
UIEB_466.png,119.07835421888053,55.0128904250067,3026.4181129137937,7.626423464373197,212.0,55.0128904250067,112.5757064819336,121.87213134765625,121.74471282958984,53.028141021728516,0.4621014893054962,100.451328320802,140.19263157894736,155.42667603901236,0.9743194663900622,0.017852877499445932,0.24885940079361007,0.0003187252350102228,6.892795427634193,12.486110935527442,4.630530486262861e-09,0.1416499582289056,84.83699178317404,563.9824096571141,0.013141186299081035,0.7819524515192877,16.618046152345663
UIEB_467.png,118.47130177514794,48.96788500855134,2397.853762210707,7.529265926364244,216.0,48.96788500855134,115.78520965576172,119.72859954833984,119.03797149658203,39.180057525634766,0.4849305748939514,67.85415187376726,134.49298323471402,340.3044077407118,0.9290641846713492,0.022933706936826406,0.3334463613390639,0.0005259549138642396,8.43031778802936,12.32666735598464,7.79260444338592e-09,0.14942307692307694,93.47613670709312,1455.1533074621716,0.015251479289940828,0.8646085006152514,18.422862181991558
UIEB_468.png,117.99259583333334,52.05636207687122,2709.864832678316,7.553324856711773,224.0,52.05636207687122,112.27771759033203,120.6983413696289,119.05426025390625,81.4619140625,0.4683065712451935,119.74019583333333,150.33386666666667,387.03753756260437,0.9285784440564551,0.016464986267715573,0.22516277386275946,0.0002710957727960624,10.772303839732887,12.994008109002273,3.903762569176673e-09,0.18777916666666666,116.80898205305188,1509.6691894415972,0.020104166666666666,0.7207489896131314,13.78142819168119
UIEB_469.png,114.89198148148148,56.144500757714376,3152.20496533299,7.5875827748374,234.0,56.144500757714376,114.22836303710938,115.23877716064453,114.76004028320312,11.96424388885498,0.4966476261615753,23.167033333333332,119.5896037037037,135.01531812279723,0.9785886535106224,0.021156043594360355,0.2590271089467835,0.00044757818056647585,6.244069745872751,12.309885298864137,6.596670402587522e-09,0.09274074074074073,62.6638216046037,355.15440369973936,0.007448148148148148,0.7746451151166593,20.59943258825235
UIEB_47.png,124.31292592592592,32.39937258700468,1049.71934403155,6.880777229737017,189.0,32.39937258700468,123.37672424316406,124.7044448852539,124.76647186279297,43.286048889160156,0.4945535361766815,65.33868148148149,143.3528851851852,71.57150435911703,0.9658985258656569,0.04434793842913414,0.42257034402520677,0.001966739642914273,3.914156928213689,10.800656655888403,2.9777234708431587e-08,0.06916296296296297,42.3360033268052,296.8555574838958,0.005833333333333334,0.7578106844795349,14.682227031140256
UIEB_470.png,119.51966666666667,44.543596770155666,1984.1320132222222,7.453262371674226,204.0,44.543596770155666,116.70149230957031,120.77176666259766,120.45780944824219,43.00716018676758,0.4837777018547058,70.65346666666667,135.950575,86.313785475793,0.9782287617365041,0.018134966015950698,0.25211779171246396,0.0003288769923996867,5.5489607679465776,12.189405784522906,4.7854340108823655e-09,0.11135,63.89654422440523,258.4436454478993,0.012179166666666666,0.8306762844704405,18.78785739894843
UIEB_471.png,118.005,52.60488982341217,2767.2744333333335,7.563301513268679,211.0,52.60488982341217,108.61103820800781,122.07726287841797,121.6734619140625,50.66181564331055,0.44558241963386536,95.59022083333333,136.87827083333335,155.97985809682802,0.9717952385952859,0.01824904655710293,0.26605658856955566,0.00033302770024331034,6.672863105175292,12.395463519618971,4.848768786328283e-09,0.13294583333333335,84.393669822534,485.1722270762327,0.012379166666666667,0.7071625075025191,14.364892643803667
UIEB_472.png,116.210975,51.80516051723073,2683.774656216042,7.414858484497595,200.0,51.80516051723073,107.1468505859375,120.07274627685547,120.10289764404297,43.0650634765625,0.44611871242523193,86.42872083333333,132.95230833333332,221.87840984974963,0.9586607642210383,0.020105591879012008,0.24535637707996533,0.0004042348248053936,8.09107262103506,12.411238215069826,5.935303279768272e-09,0.15366666666666667,100.95210196170261,696.3376249827083,0.01415,0.8519571491408316,19.770255908939248
UIEB_473.png,117.348075,56.82554203109468,3229.142227127708,7.547442144331523,211.0,56.82554203109468,105.9581298828125,122.24236297607422,122.01433563232422,54.80723190307617,0.43379825353622437,109.8354,138.1447875,204.8911894824708,0.9682592670386382,0.02016419606379337,0.2543028608757383,0.0004065948028991,7.7457804674457424,12.46218531376434,5.971313687692262e-09,0.14997083333333333,98.4684453767334,665.058674509566,0.014420833333333334,0.686906454869402,14.289242901470999
UIEB_474.png,116.32628333333334,40.186789568875184,1614.9780558530554,6.942647312799259,163.0,40.186789568875184,93.7391357421875,126.08321380615234,125.3505859375,86.17076873779297,0.37281835079193115,145.77902083333333,147.72714583333334,498.2066736227045,0.8457522608883223,0.03646221502216227,0.43106704731905976,0.001329493124322396,10.50097245409015,11.069692052982603,2.0053624500425657e-08,0.21705,113.67482345590382,2794.31339406665,0.021954166666666667,0.39145579809359954,12.130197294794073
UIEB_475.png,116.02257083333333,40.49129303184594,1639.544811390816,6.978156412428445,160.0,40.49129303184594,94.00630950927734,125.52566528320312,124.85465240478516,83.97223663330078,0.3754540681838989,142.85724583333334,146.7267,456.74479966611017,0.8607482224008499,0.03447067621220946,0.42326925209546995,0.0011882275185269829,10.068021702838063,11.152712964005483,1.7898082419807173e-08,0.21585833333333335,111.56466969977015,2561.102750851233,0.021320833333333334,0.41069357125620165,13.505111262132257
UIEB_476.png,117.31352916666667,47.81597522754973,2286.3674869616493,7.3761359658384,205.0,47.81597522754973,100.54316711425781,124.45780181884766,124.51643371582031,65.4391098022461,0.4038296043872833,121.84647083333333,143.33903333333333,302.1212813021703,0.9339478086916714,0.019819022996534024,0.2621616186480402,0.00039279367253714447,9.020571786310517,12.471853241144293,5.760725150675119e-09,0.16333333333333333,99.99299405311686,1371.914749971597,0.019633333333333332,0.7546430167011259,17.524765271195943
UIEB_477.png,119.6465873015873,51.6536328737772,2668.0977890589566,7.578720157934007,220.0,51.6536328737772,117.5009536743164,120.48892974853516,120.93804168701172,34.961082458496094,0.4866935610771179,56.346358024691355,134.4404761904762,186.0110987448216,0.965129961091504,0.02291512214127937,0.33419763562456695,0.000525102822749752,6.509734036445222,12.129195464851566,7.779602564807923e-09,0.12380070546737214,77.32990472848476,1071.8468360242498,0.011141975308641975,0.7917304838677329,18.239820211541517
UIEB_478.png,117.74898333333333,33.86314366632828,1146.712498966389,6.928911119947178,183.0,33.86314366632828,83.22657012939453,132.54139709472656,132.13067626953125,72.0528335571289,0.314451664686203,143.9816875,147.248225,158.30426126878132,0.9309763674986616,0.03933972090189812,0.45873842634817563,0.0015476136406392398,4.722792153589316,10.828833620764621,2.3381879449107974e-08,0.08467916666666667,56.89296295882972,792.053032115816,0.008241666666666666,0.6468258927975689,14.757975646448937
UIEB_479.png,115.99594166666667,48.09594326479033,2313.2197585299305,7.358252390948102,200.0,48.09594326479033,94.23458099365234,125.31524658203125,125.08746337890625,77.67127990722656,0.3763321042060852,143.53248333333335,147.58890833333334,151.57830550918203,0.9672405738643313,0.02586916279902704,0.3520658189982963,0.0006692135839225645,5.6223789649415705,11.753492780341848,9.978558271180181e-09,0.11509583333333333,76.12086150060381,842.3968350062327,0.012429166666666666,0.7018980616927998,15.18406127341767
UIEB_48.png,120.69215133531158,29.80789716921823,888.5107336506882,6.716439849802636,194.0,29.80789716921823,118.75299835205078,121.45398712158203,121.87399291992188,23.53267478942871,0.48803678154945374,42.605321463897134,131.1408259149357,92.05072251972874,0.9480468077673125,0.051828634004983776,0.5094705671235521,0.0026862073028225608,3.5060957183832597,10.164870760875509,4.075543996826264e-08,0.051651829871414444,33.17986911061474,403.8051930144278,0.004307616221562809,0.7746526960443365,15.18115735998097
UIEB_480.png,119.14979166666667,56.434206861825075,3184.8197041232643,7.6500948830352975,217.0,56.434206861825075,115.84223937988281,120.58699035644531,120.41683197021484,42.60771560668945,0.4806655943393707,81.61066666666666,136.13192083333334,213.003418196995,0.9665553388814309,0.01647951740614808,0.22811674904804688,0.0002715744939395375,8.357508347245409,12.790690492093237,3.911067274124718e-09,0.17109166666666667,101.52566198881256,722.3592455874826,0.016479166666666666,0.80652004517995,18.58792797053589
UIEB_481.png,118.07635833333333,55.023789046844065,3027.6173610715973,7.521160684227338,218.0,55.023789046844065,107.84541320800781,122.44766998291016,122.38706970214844,58.37260055541992,0.4404824674129486,106.95112916666666,139.582275,93.27150667779632,0.9845945626239774,0.022339763586389443,0.28972578970230517,0.0004990650370957717,5.310438230383973,12.031393328555968,7.382297485859248e-09,0.11269166666666666,76.61086679675924,275.7236580132639,0.0079,0.7810634783708515,16.61868603274169
UIEB_482.png,120.00712916666667,53.7412306335491,2888.119870008316,7.588314400579132,215.0,53.7412306335491,113.23566436767578,122.88676452636719,122.91993713378906,82.87747955322266,0.46066954731941223,120.18295833333333,152.0128875,99.60945325542572,0.9827643218833187,0.021331388092526077,0.30513990303789507,0.0004550281179539633,5.2685684474123535,12.080054926803172,6.710347425712026e-09,0.09596666666666667,63.75694656507412,306.8754977599827,0.008929166666666667,0.7933197327069359,18.36722766618682
UIEB_483.png,126.04746666666666,35.959326285618246,1293.0731469155555,7.119830613239198,200.0,35.959326285618246,125.6302490234375,126.23857879638672,126.29048919677734,39.63515090942383,0.49748826026916504,65.34155925925926,144.69064074074075,14.008673715451678,0.9945871604977086,0.051844677447718285,0.6171494364658261,0.002687870579657949,1.4596994991652754,9.79991812660987,4.078081955864637e-08,0.016503703703703704,21.838164389869313,40.55106663506172,0.0016,0.8771059541638513,17.672106182441564
UIEB_484.png,116.787925,51.267232623392516,2628.3291408610417,7.40270865096273,210.0,51.267232623392516,104.00900268554688,122.1219253540039,122.84925079345703,49.39802551269531,0.4245764911174774,101.4157,137.65227083333335,72.18713689482473,0.9862712116986025,0.02509109857293844,0.3214089857202894,0.0006295632275969134,4.474023372287146,11.681837942569489,9.373541847754107e-09,0.0681875,51.74525757047613,157.30127484000002,0.006358333333333333,0.6775944128214659,15.88847936062114
UIEB_485.png,118.50670833333334,52.84083778983445,2792.154138331597,7.612454155255024,226.0,52.84083778983445,99.42848205566406,126.63481903076172,126.68851470947266,68.02902221679688,0.39249634742736816,127.78769583333333,146.12535,159.19737061769615,0.9714965803623824,0.019695780797382937,0.3020861701707272,0.00038792378121855846,6.0822537562604335,12.280286410082807,5.686416506287514e-09,0.09668333333333333,71.22082286175717,358.0680059955556,0.007029166666666667,0.7886423053833592,17.06747957408318
UIEB_486.png,117.16642998027613,50.93275135924053,2594.1451610222175,7.5945153277291375,221.0,50.93275135924053,117.7145767211914,117.08197021484375,116.15587615966797,30.891878128051758,0.5046975612640381,50.64237672583826,129.5459368836292,176.13106657051694,0.9660408002751285,0.019208789541998714,0.28489854534098374,0.00036897759566879916,6.777084094793097,12.376435918170737,5.3973206574447495e-09,0.13634615384615384,84.26402200330459,680.709956507903,0.012988165680473373,0.8496899963359517,19.917417152309568
UIEB_487.png,116.74585833333333,47.60332248922615,2266.076312013264,7.426620855118253,206.0,47.60332248922615,96.77249908447266,125.29643249511719,125.10282135009766,69.70053100585938,0.38647279143333435,128.51412916666666,144.07304166666665,165.112867278798,0.9635723105460697,0.023243716094362207,0.3199472566799302,0.0005402703378753127,6.074962437395659,12.012723033713911,8.011040478711128e-09,0.1125625,73.63447042047028,637.1651857553994,0.011216666666666666,0.7553741010000631,17.322795348592823
UIEB_488.png,115.99594166666667,48.09594326479033,2313.2197585299305,7.358252390948102,200.0,48.09594326479033,94.23458099365234,125.31524658203125,125.08746337890625,77.67127990722656,0.3763321042060852,143.53248333333335,147.58890833333334,151.57830550918203,0.9672405738643313,0.02586916279902704,0.3520658189982963,0.0006692135839225645,5.6223789649415705,11.753492780341848,9.978558271180181e-09,0.11509583333333333,76.12086150060381,842.3968350062327,0.012429166666666666,0.7162753385531486,17.027775255411044
UIEB_489.png,116.91535996055227,52.88607271435964,2796.9366871485354,7.631874201006107,225.0,52.88607271435964,117.42605590820312,116.84029388427734,115.94132232666016,25.06770133972168,0.5044472813606262,38.47199704142012,126.1828550295858,166.7875650739398,0.9701765462375002,0.02006192826544618,0.2931238825777074,0.0004024809657279083,6.52522448657032,12.356521778473109,5.9085415140595736e-09,0.1286834319526627,84.06877657836077,694.2802064061474,0.01242603550295858,0.8526898950841365,20.560707548810093
UIEB_49.png,124.42231851851852,39.39189382247023,1551.7212989207683,7.205258796352603,197.0,39.39189382247023,124.44912719726562,124.39498138427734,124.49773406982422,15.687551498413086,0.500011146068573,26.717396296296297,131.40413333333333,99.74221480244853,0.9678464370858358,0.024884286374357883,0.2943582097295678,0.0006192277083610534,5.377087738823966,11.730453087962081,9.215834339882711e-09,0.09927407407407407,57.80416682744387,386.9808030833333,0.008355555555555555,0.715307518555892,14.76840317923918
UIEB_490.png,124.21314074074074,60.56200649156116,3667.756630283896,7.8245379441820395,245.0,60.56200649156116,124.05757141113281,124.40333557128906,123.64282989501953,18.305112838745117,0.5001389980316162,37.186933333333336,131.6768148148148,377.660170654795,0.9485109810036323,0.012343153154378986,0.1774663386589189,0.00015235342979245592,11.18567612687813,13.415869804277555,2.091898204497618e-09,0.19398148148148148,118.66700474754707,1273.5848744197394,0.016462962962962964,0.8372205183359288,17.62047109082762
UIEB_491.png,117.19854583333333,44.12286473079537,1946.8271920520658,7.219023853738085,208.0,44.12286473079537,102.51355743408203,123.52532958984375,123.19632720947266,90.64295959472656,0.4155028760433197,141.940675,154.25219166666668,98.89845993322203,0.9746006594885989,0.04552425201711904,0.44275317681939735,0.002072457521718167,4.449929048414024,11.161953592235294,3.1390361521235155e-08,0.09040833333333333,58.97914896837866,428.15983366555554,0.008595833333333334,0.8026812518419014,16.523892104323153
UIEB_492.png,117.2975875,39.6745121269711,1574.0669125131772,7.001795086790757,189.0,39.6745121269711,96.45423126220703,126.30265045166016,125.5782470703125,82.28589630126953,0.38293588161468506,138.54643333333334,150.41398333333333,298.1093196994992,0.9053358295094366,0.036226231137429364,0.3562946462623771,0.0013123398224224568,8.093426544240401,11.679853637263502,1.9791885885009106e-08,0.13925,82.7292167673999,1355.4353894687326,0.0155875,0.7513459980199012,15.09402552482958
UIEB_493.png,115.74759583333334,42.87351946485518,1838.138671303316,7.150059892233606,190.0,42.87351946485518,85.03009796142578,128.81109619140625,129.01242065429688,90.70563507080078,0.329799622297287,165.14085416666666,153.83698333333334,33.92850166944909,0.9907695994266611,0.04159162125364011,0.5028559526095358,0.0017298629585062479,2.5386686143572623,10.54266722073773,2.616278334722515e-08,0.032420833333333336,29.581258762047522,82.66613141972222,0.0028541666666666667,0.6988683519613966,15.523885474882594
UIEB_494.png,118.7730325443787,49.58927567436543,2459.096261908211,7.4346966397778695,226.0,49.58927567436543,117.4817123413086,119.3201904296875,119.31013488769531,36.396156311035156,0.4923167824745178,66.40609467455621,135.0966617357002,35.64693127599253,0.99275624680735,0.05044753352798595,0.642830247795975,0.0025449536390572663,1.8915401408659402,10.155431532096035,3.8600080108562724e-08,0.0364792899408284,30.675033104618965,177.90375226413542,0.0027859960552268246,0.8605337693849632,19.499395030760073
UIEB_495.png,116.50249583333333,38.0668796607254,1449.0873271041492,7.01526913562625,176.0,38.0668796607254,90.01246643066406,127.91751861572266,127.22501373291016,72.66844940185547,0.3527928590774536,134.75804583333334,143.81810833333333,304.15171953255424,0.895081711962492,0.02828541980140597,0.3438496277281221,0.0008000649733417689,8.112570951585976,11.633167750849802,1.1975192020862868e-08,0.16373333333333334,93.718151972664,1660.425456093316,0.0174375,0.47420755983181556,12.885452350243078
UIEB_496.png,116.83590416666667,31.408610709869823,986.5008267241493,6.8272376367784435,160.0,31.408610709869823,79.84693145751953,132.58724975585938,132.75277709960938,66.72901916503906,0.30092304944992065,137.55510416666667,143.9823125,143.4047203672788,0.9273326842023432,0.03514722153614355,0.4206430029336179,0.001235327181710753,5.089428213689482,10.920975154224065,1.8616766245243122e-08,0.08718333333333333,57.04815579266586,714.2023703016494,0.009358333333333333,0.5530575555081363,13.59706779646455
UIEB_497.png,128.78133703703705,41.25358316008035,1701.8581235456652,7.380302613558954,238.0,41.25358316008035,128.4478302001953,128.9147491455078,128.97457885742188,46.92708206176758,0.49807342886924744,62.89975925925926,147.40244814814815,52.27694676312372,0.9846399049290216,0.02859952493332375,0.38535545508142227,0.0008179328264118068,3.468525319977741,11.376258477067188,1.224783382185832e-08,0.043444444444444445,39.60932087873466,116.45020343098764,0.003162962962962963,0.8592621989602128,18.35702665076224
UIEB_498.png,119.01801282051282,46.23280058675345,2137.47185009451,7.470508481468819,227.0,46.23280058675345,118.73895263671875,119.18104553222656,118.91038513183594,27.87923812866211,0.49871158599853516,46.06861932938856,130.17231262327417,31.916428761940512,0.9925358555894757,0.036579224661573664,0.5470749073643015,0.001338039676841879,2.1867017020477917,10.665645117297066,2.018403454253203e-08,0.036464497041420116,35.59067639190537,159.17013381407824,0.0023964497041420118,0.8797410262115783,20.999357366565196
UIEB_499.png,122.00595833333334,8.975798822292303,80.56496449826389,5.072289198365832,80.0,8.975798822292303,121.82205200195312,122.11483001708984,121.91748809814453,16.369787216186523,0.4992045760154724,27.603995833333332,128.99051666666668,1.0397454090150249,0.9935470632557721,0.14334847995560787,0.8060205089585144,0.020548786705583313,0.4563146911519198,6.608559838690777,3.1331677118714625e-07,0.0009208333333333333,5.835934621544415,2.044904163732639,5.833333333333333e-05,0.966390089808379,29.5523273020917
UIEB_5.png,122.22941851851851,28.123474716085916,790.9298301063237,6.776189824699625,203.0,28.123474716085916,118.55867767333984,123.74108123779297,124.08211517333984,70.05364990234375,0.47840023040771484,96.08263703703703,151.3871,18.155778148766462,0.9884896001623064,0.04064008277621703,0.4466333957525085,0.001651616328057772,2.1383787794472267,10.18490665191418,2.4968834518360477e-08,0.014196296296296297,24.02343818072053,85.22621787257887,0.0015666666666666667,0.7557720167123082,14.8398009482896
UIEB_50.png,125.77388148148148,26.955092215414677,726.5769963415089,6.447372295724669,205.0,26.955092215414677,125.48592376708984,125.86827850341797,126.04945373535156,34.78178787231445,0.4981226325035095,57.62852592592593,142.41937037037036,39.91130402522724,0.9725330104338732,0.07354304596992721,0.529380685435111,0.005408579610534827,2.6434427749953633,9.71826562996445,8.229554476123547e-08,0.04228888888888889,29.933223447909153,146.48004796673527,0.0035555555555555557,0.7381236021802323,13.070523271014041
UIEB_500.png,122.27605416666667,8.759490943945657,76.72868159706597,5.097821518452191,100.0,8.759490943945657,122.048828125,122.4161148071289,122.25845336914062,13.46150016784668,0.49882107973098755,23.876545833333335,128.31055416666666,1.1106719532554261,0.9927378694764911,0.1300325719304018,0.8012394592170531,0.016908469762835117,0.47133973288814696,6.671024349323433,2.577699428371064e-07,0.0003708333333333333,6.2788163980475185,2.0562249663888887,6.666666666666667e-05,0.9653165995140084,26.77877418510888
UIEB_501.png,120.20583333333333,22.100963764179053,488.4525993055555,6.313641031726453,136.0,22.100963764179053,114.98636627197266,122.49568176269531,122.13652038574219,59.51853942871094,0.4700377285480499,85.704275,143.01723333333334,8.691377295492487,0.9911053489129238,0.06365594154797546,0.5963203307959103,0.004052078894359269,1.4062020033388984,9.059115200349153,6.159698646998242e-08,0.01055,18.87716286600874,24.34471142359375,0.0012958333333333333,0.7185087744976952,14.620001351407488
UIEB_502.png,117.14735555555555,42.73059833992961,1825.904034488395,7.104277123584914,206.0,42.73059833992961,109.32022094726562,120.53484344482422,120.23096466064453,67.48118591308594,0.4540520906448364,115.10355555555556,145.1771037037037,106.81524021517343,0.9707425743866128,0.043951027927850925,0.4226559506681637,0.001931692855914732,4.794457429048414,11.15058940444985,2.9242463178287234e-08,0.10423333333333333,60.212080461441566,456.65186727537724,0.01092962962962963,0.7943557638845892,15.881599697467026
UIEB_503.png,121.54832083333334,29.813193501598125,888.8265067637327,6.903466763568029,155.0,29.813193501598125,121.51826477050781,121.65010070800781,121.09941864013672,23.140798568725586,0.5005911588668823,43.7106625,131.98180416666668,25.657516694490816,0.9855663808414233,0.02861884267226382,0.3598367201826661,0.0008190381558997885,3.0502963272120205,10.875639272041354,1.226469981135999e-08,0.04705,40.504862523451095,61.44548252333335,0.005029166666666667,0.8610298718316152,18.424838667677207
UIEB_504.png,120.573475,33.122585468091735,1097.1056680910417,7.070316001559394,181.0,33.122585468091735,120.33466339111328,120.76371765136719,120.23078918457031,27.402673721313477,0.49932533502578735,48.1023625,132.06604166666668,26.577975792988315,0.9878818613041271,0.028474878811529953,0.37793188933841226,0.0008108187233313175,2.9983597662771286,10.98050749682762,1.213928122358425e-08,0.04491666666666667,39.51284713630802,62.83976441666667,0.004525,0.8404000329545432,16.201031359928212
UIEB_505.png,125.0430962962963,46.76520487663547,2186.98438715369,7.517742521757371,233.0,46.76520487663547,124.95384979248047,125.09691619873047,125.0008773803711,30.073152542114258,0.4996199607849121,40.698188888888886,135.46822962962963,151.5882841773326,0.9653439578319282,0.019766793950528477,0.269387420060733,0.0003907261430826492,6.220545353366723,12.310728225313778,5.729177154848464e-09,0.11205185185185185,72.60683578135318,436.9438621794102,0.009248148148148148,0.847628285445233,18.768672801102845
UIEB_506.png,122.42226666666667,18.350171866467324,336.7288075288889,6.142774262622343,163.0,18.350171866467324,122.44086456298828,122.46517181396484,122.29643249511719,15.568404197692871,0.5002453923225403,20.778004166666665,127.67619583333334,2.9838939899833057,0.9955733350730791,0.07638009786907547,0.656254385437373,0.005833919350489548,0.9540609348914858,8.556582143122446,8.878571413310315e-08,0.0005791666666666666,12.602896670495054,3.495329166649306,0.0002916666666666667,0.9329424219841084,24.788393996723777
UIEB_507.png,117.86194583333334,32.432856979926996,1051.8902118803992,6.672097070606098,154.0,32.432856979926996,108.07898712158203,122.1666488647461,121.43021392822266,84.04969024658203,0.44367972016334534,128.9513125,151.53218333333334,4.962566777963273,0.997641097924877,0.07646241431137893,0.7421210052286764,0.005846500802324965,0.8331844741235392,8.681495737596723,8.897769185275979e-08,0.0079375,12.186430649188045,13.20662912831597,0.0008166666666666667,0.7872746875947488,12.176646557129473
UIEB_508.png,120.72562083333334,28.812370958315217,830.1527202395661,6.816761637033692,150.0,28.812370958315217,119.41383361816406,121.35050201416016,120.96118927001953,44.22560119628906,0.4928108751773834,71.2306875,137.77749166666666,19.065500834724542,0.9885156280534793,0.04139911274821098,0.5252082119914556,0.0017138865363390849,2.1248247078464106,10.11035351146889,2.591900249140297e-08,0.0364,28.845393327837293,51.93780733333333,0.0037458333333333332,0.9127549272873198,22.847069129384543
UIEB_509.png,123.89789583333334,33.491389125751155,1121.6731455724826,6.865440837890415,166.0,33.491389125751155,123.91798400878906,123.90693664550781,123.76215362548828,14.379228591918945,0.5003368854522705,29.7162375,130.3628625,28.66936978297162,0.9872153830646364,0.03777723507131682,0.4075382588286293,0.0014271194896335296,3.0193030050083474,10.644649774532926,2.1543284615646814e-08,0.05315416666666667,39.36227621632734,56.77145255164931,0.004895833333333334,0.8865507634739075,28.817578468894844
UIEB_51.png,121.48906666666667,42.75844883913457,1828.2849471288887,7.341940936515707,196.0,42.75844883913457,114.51463317871094,124.58189392089844,123.85100555419922,69.20700073242188,0.4609479606151581,102.55334901960784,148.5015450980392,1660.3823195521948,0.5456582122658338,0.012318904289239627,0.16504947040568535,0.0001517554028874465,26.946271236374347,13.729915078044435,2.08277303810038e-09,0.3564352941176471,166.69528334636868,17434.733435759765,0.01419607843137255,0.24418696847683038,10.648957371663734
UIEB_510.png,117.78402916666667,31.053064702738805,964.2928274324827,6.306787741361589,134.0,31.053064702738805,107.25523376464844,122.34767150878906,121.9327621459961,83.17253112792969,0.4390660226345062,128.62466666666666,151.76998333333333,5.835100166944908,0.9969746251152186,0.09830841414276052,0.6979578378830135,0.009664544291264517,1.0249499165275462,8.48384134637694,1.4723641208193995e-07,0.0101375,14.800517202194275,17.479362278315968,0.0011416666666666667,0.9098169036764135,20.78898601926046
UIEB_511.png,120.411175,26.824447216162877,719.5509684527083,6.57436821276132,176.0,26.824447216162877,118.80933380126953,121.19279479980469,120.56021881103516,57.88179016113281,0.4914492070674896,85.51181666666666,143.699775,17.075538397328884,0.9881363268122711,0.06138704856693623,0.5717979735480427,0.003768369731759387,1.750262938230384,9.557903563793715,5.726792820277233e-08,0.019608333333333332,25.733182615001034,60.23632415972222,0.002116666666666667,0.822897471997858,16.06437260787656
UIEB_512.png,120.771075,33.97827555970199,1154.5232100110416,6.940412678185771,142.0,33.97827555970199,118.76116943359375,121.6700668334961,121.45901489257812,53.763545989990234,0.48846960067749023,84.92567083333333,142.02045833333332,7.286969949916527,0.9968447965401905,0.04695541415924142,0.6259131535256917,0.0022048109188658894,1.29169449081803,9.605263351723204,3.340991409001754e-08,0.014891666666666666,19.236950665128447,17.609928811649308,0.0014,0.9187788125813672,21.860370885561142
UIEB_513.png,121.7251074074074,47.97117653869854,2301.2337785069817,7.559915078190766,233.0,47.97117653869854,121.94230651855469,121.76103210449219,120.9899673461914,26.274499893188477,0.5023348927497864,56.171503703703706,133.62066296296297,81.74517529215359,0.9821914250515689,0.02090736184228751,0.3236640354053007,0.0004371177792043398,4.7302763865702095,12.014890298058372,6.437057344693599e-09,0.07721481481481482,54.090818793328864,207.71166179665295,0.007325925925925926,0.88864558911416,19.42199687866456
UIEB_514.png,119.80792916666667,28.96339206012162,838.8780796283161,6.345559197274738,132.0,28.96339206012162,115.85907745361328,121.5135498046875,121.43400573730469,55.2464485168457,0.4768892526626587,83.6414625,142.3024375,3.5696911519198666,0.9978731349768301,0.09151366770492676,0.6953529301101435,0.008374751376807755,0.9210267111853089,8.499312204609033,1.2755573406593714e-07,0.0033916666666666665,14.147385329780944,9.47955408873264,0.0007166666666666667,0.8789816765595639,19.20878748240986
UIEB_515.png,132.61362962962963,28.26337283239256,798.8182438628257,6.794645384584882,182.0,28.26337283239256,132.79342651367188,132.51712036132812,132.40147399902344,39.044918060302734,0.501261293888092,61.4259962962963,150.94924814814814,4.67825264329438,0.9970638076958321,0.06924021977608444,0.7505785459882343,0.004794208034640475,0.7721350398812836,8.769986961672831,7.292097847866783e-08,0.007,11.542016926856373,15.802244338216736,0.00046666666666666666,0.9308201477004489,20.37711751961796
UIEB_516.png,122.64397777777778,35.1070744694985,1232.5066778069136,7.003116673442465,182.0,35.1070744694985,122.31655883789062,122.7601318359375,122.84941101074219,20.944080352783203,0.4980122447013855,31.561466666666668,131.2103925925926,12.09777406789093,0.9950835093444016,0.04667855690384223,0.5687618208060734,0.0021788876746252376,1.6270413652383604,9.925962252780554,3.3014356774333765e-08,0.012425925925925925,20.774373834420967,19.586003613703706,0.0012814814814814815,0.917429235920769,22.89483823285621
UIEB_517.png,121.68202592592593,43.844208873549945,1922.3146517474759,7.431251436800951,230.0,43.844208873549945,120.77495574951172,122.06770324707031,122.06718444824219,32.41502380371094,0.49470585584640503,50.7976037037037,134.43702222222223,110.73209794101281,0.9711716835647275,0.021966401056097845,0.2953295222966964,0.00048252277535733654,5.400493414950845,12.019509884718605,7.129882603375799e-09,0.09076296296296296,59.10735507062056,302.14155328395066,0.006803703703703703,0.7272700414299796,15.34984564085647
UIEB_518.png,131.2338037037037,24.199494460100418,585.6155321244307,6.302837389403846,161.0,24.199494460100418,131.5072784423828,131.16038513183594,130.9463653564453,34.87759780883789,0.5017317533493042,46.86406296296296,145.77956666666665,3.161257651641625,0.9973028767012012,0.10315464076516082,0.8093019911027819,0.010640879911389378,0.5636468187720274,7.9058871950001155,1.6213411136363034e-07,0.003925925925925926,9.131295074052485,10.074599802469134,0.0004037037037037037,0.9396364520627626,20.69525541174182
UIEB_519.png,122.56522837706511,39.33091885168109,1546.921177717523,7.28584762328775,211.0,39.33091885168109,121.50114440917969,123.04586029052734,122.88555908203125,39.77168655395508,0.49404481053352356,59.24555879494655,138.3298202137998,307.494001177862,0.9004236146643717,0.02909134288489126,0.3524923048912646,0.0008463062308463133,8.657281085579951,12.137565882992845,1.2680777615109458e-08,0.1466958211856171,84.49808561999195,1912.9283753456612,0.010792031098153547,0.8661076606561698,16.615941846010337
UIEB_52.png,122.35562334217506,37.83317766478696,1431.349332215335,6.896023593544543,205.0,37.83317766478696,116.52774810791016,124.86180877685547,124.75140380859375,65.89541625976562,0.466833233833313,103.09829354553493,150.59809460654287,242.60895480088388,0.9152572762704199,0.06609115560200153,0.49701114909621236,0.004368040848807978,6.380466117268835,10.759538158102746,6.641818328469052e-08,0.10618037135278514,64.67362864712493,1601.5904640947463,0.008894783377541998,0.7472053949937904,15.355605991345564
UIEB_520.png,120.95465185185185,44.521733384331064,1982.1847435454595,7.215862549087247,212.0,44.521733384331064,120.34730529785156,121.15555572509766,121.491455078125,21.51512336730957,0.49597689509391785,39.922244444444445,131.0213,36.01709886848451,0.9909094733813927,0.0387761731214868,0.43435542220204776,0.0015035916019475151,2.8732962344648483,10.83238681302364,2.2710156446609725e-08,0.03677037037037037,36.385730240185424,57.43975137216736,0.0030444444444444442,0.7696470981348295,16.208419738102556
UIEB_521.png,123.28555185185185,45.83056837065127,2100.440997176941,7.503621257681246,221.0,45.83056837065127,123.19198608398438,123.34678649902344,123.21310424804688,11.175046920776367,0.4996432662010193,22.149922222222223,128.09042592592593,85.60275644592839,0.9796084731297785,0.018553195315234722,0.2639497449225421,0.00034422105640524763,5.317688740493415,12.18465105857085,5.0195658469047185e-09,0.09806666666666666,61.48622643475541,237.2666257968587,0.0093,0.7653784713430927,16.045165309878943
UIEB_522.png,121.0286,31.396635532820085,985.7487227807406,6.979530082852318,172.0,31.396635532820085,121.03331756591797,121.01761627197266,121.11915588378906,5.704231262207031,0.4998551607131958,11.092555555555556,123.62380740740741,34.46401409757002,0.9824947566089909,0.026545768513777074,0.3234305864294483,0.0007046778259870382,3.589400853273975,11.157105535550265,1.0519699660103427e-08,0.04772592592592593,42.04757842612519,81.60937035060357,0.005922222222222222,0.7232046202000691,19.11358795822448
UIEB_523.png,123.12037037037037,48.26046491629457,2329.0724739368993,7.524369813670463,214.0,48.26046491629457,122.9157485961914,123.20537567138672,123.21272277832031,17.179338455200195,0.4988097548484802,31.461685185185186,130.86385185185185,101.12786867000557,0.9782958955115838,0.019911106493106602,0.30021129095806737,0.00039645216177983187,5.443342608050454,12.138683317421322,5.8165492663167095e-09,0.11914074074074074,70.48396681674764,358.99088138924554,0.010344444444444444,0.8567410883206725,18.853233027984242
UIEB_524.png,123.33342592592592,49.31620912750164,2432.0884827074756,7.514453109696921,213.0,49.31620912750164,123.08580017089844,123.46321105957031,123.32221984863281,21.18634033203125,0.4987563490867615,37.62632962962963,132.61803703703703,87.85102949360044,0.9819402913404582,0.021321960722033354,0.30775469150164236,0.0004546260090319331,5.013492858467817,12.003740335862522,6.70421173049062e-09,0.10287407407407408,66.85484477294,309.7994886847188,0.010133333333333333,0.7750873944843398,17.612940115094137
UIEB_525.png,125.90127037037037,29.989191705127695,899.3516191268998,6.788432200034503,165.0,29.989191705127695,125.7329330444336,125.9886703491211,125.87374877929688,21.204994201660156,0.49921274185180664,35.434251851851855,135.23177037037038,19.929782971619368,0.9889179879507217,0.038591681167167206,0.4463659611044424,0.001489317855308288,2.3369059543683917,10.30388482020081,2.2492356357510195e-08,0.023544444444444444,29.66966389773194,46.3466808175583,0.0029962962962962964,0.8731302619700806,22.131585181770525
UIEB_526.png,121.33974814814815,50.40031908419254,2540.1921637884225,7.603111533818886,227.0,50.40031908419254,119.6169204711914,122.17176055908203,121.56886291503906,40.46434783935547,0.4907549321651459,66.95409259259259,136.46224074074075,172.74727879799667,0.9660003681496926,0.017333665101491202,0.2571375878387414,0.000300455945850654,7.102886291968095,12.586420130870257,4.351763256655181e-09,0.14987407407407408,86.33575552839844,718.604121727284,0.014729629629629629,0.7769363049644381,16.92010505072448
UIEB_527.png,125.33064074074075,38.28241167125223,1465.5430433672288,7.165035682385674,186.0,38.28241167125223,125.02597045898438,125.46723175048828,125.43782043457031,19.87080955505371,0.4982999265193939,32.017944444444446,133.46013333333335,46.089059543683916,0.9842677619397145,0.027530071324334677,0.3493027446149509,0.0007579048271229544,3.686737154516787,11.286830032495573,1.1331879242865821e-08,0.06197777777777778,46.43316275576627,118.99306255241429,0.00652962962962963,0.6996907418473913,15.013336525874035
UIEB_528.png,121.30608518518518,46.43834563367587,2156.5199451927433,7.416145867955563,213.0,46.43834563367587,120.86940002441406,121.505126953125,121.42562866210938,19.181655883789062,0.4975467026233673,34.70554814814815,129.4058962962963,76.15955852346502,0.982339032257179,0.025038918065899723,0.33476436629312856,0.0006269474179108396,4.649805230940457,11.773363419981782,9.333627759526666e-09,0.08948518518518518,59.251185462816544,201.88462487340195,0.008725925925925925,0.7646421479782587,16.615808111083727
UIEB_529.png,126.16579629629629,32.3064867427922,1043.7090856622085,6.987033714880627,181.0,32.3064867427922,126.17243194580078,126.18482971191406,126.02047729492188,14.897998809814453,0.5002766847610474,24.067462962962964,132.53861851851852,22.802704507512523,0.9890715047046268,0.042811981471634994,0.5082819229081138,0.001832865757527618,2.090688184010388,10.262821434473423,2.7734481330339322e-08,0.023685185185185184,27.723901837643524,49.880836336406034,0.0024074074074074076,0.8997319116290908,19.515426541121975
UIEB_53.png,119.20681459566075,50.98346967778618,2599.3141803857434,7.58151313209093,236.0,50.98346967778618,119.0850601196289,119.47050476074219,118.10394287109375,54.64925003051758,0.5012536644935608,88.83581854043392,144.75479289940827,198.46264484199503,0.9618174338926959,0.034364316709028155,0.4085656676536557,0.0011809062628783916,6.333524315674053,11.876178146166904,1.7786368924192682e-08,0.1097189349112426,65.97455884672613,809.3255232119168,0.00937869822485207,0.8814712190512827,19.45106908989757
UIEB_530.png,124.19563333333333,47.86534613822637,2291.091360932222,7.458824430671537,204.0,47.86534613822637,123.92339324951172,124.31861114501953,124.27496337890625,18.340330123901367,0.49849799275398254,32.060266666666664,131.76907037037037,87.66918567983677,0.9808636977111335,0.022435554442125215,0.32431832835676666,0.0005033541031255644,4.831812279725469,11.866282144778868,7.4477434396829865e-09,0.09222222222222222,59.50185296661492,290.44365522957474,0.009251851851851851,0.7771302947393623,16.947124287527167
UIEB_531.png,122.82971851851852,53.26157294302538,2836.7951523652127,7.626098411962963,220.0,53.26157294302538,122.61930084228516,122.9325942993164,122.84297943115234,13.839156150817871,0.49890759587287903,28.617914814814814,128.6778925925926,148.26332034872937,0.973862911491922,0.017184674428339847,0.2389893682122866,0.00029531303520803745,6.91748469671675,12.558415045434272,4.273288667992208e-09,0.12594444444444444,75.77202047120656,379.08455491418385,0.011518518518518518,0.802169859547007,17.37477387254529
UIEB_532.png,124.9912037037037,51.15356358133435,2616.687067069616,7.609418051423809,226.0,51.15356358133435,124.81548309326172,125.09214782714844,124.93948364257812,14.600760459899902,0.4991987645626068,28.011492592592592,130.8288,111.50476720460026,0.978675256051959,0.016680955579878552,0.24152509843964942,0.0002782542790578814,6.142214802448525,12.446087711712725,4.012992706228354e-09,0.11553333333333334,70.2650590426511,286.442072051358,0.010614814814814815,0.7959182607411991,17.379777871429244
UIEB_533.png,122.63933703703704,44.8843622855745,2014.605977782702,7.363236518595782,200.0,44.8843622855745,122.32707214355469,122.79774475097656,122.66414642333984,17.63503646850586,0.49835464358329773,32.07746296296296,130.1855925925926,82.32563531812279,0.9795564689825528,0.02366515840103172,0.3085640542969479,0.0005600397221459222,4.900222593210907,11.801043914700942,8.312697343191865e-09,0.09258148148148149,59.56693299518376,237.7782036783402,0.008811111111111112,0.7340787531938249,16.873925432575643
UIEB_534.png,124.16997407407408,47.98817834285851,2302.8652606659944,7.444644535113539,201.0,47.98817834285851,123.77991485595703,124.35457611083984,124.24523162841797,18.33229637145996,0.4979083240032196,31.15332962962963,131.4261,67.55153774809868,0.9853165808665078,0.02197206254602234,0.3034221197402268,0.0004827715325263177,4.507968836950473,11.814199310754145,7.133678336545071e-09,0.07404444444444444,51.27139663854917,146.03999610851855,0.007092592592592592,0.7888441425418753,16.71996392001808
UIEB_535.png,118.26001972386588,46.878387011883234,2197.5831688359026,7.531005878534363,231.0,46.878387011883234,118.38612365722656,118.46327209472656,116.86071014404297,73.15644073486328,0.5030772089958191,115.61303747534517,151.79229783037476,131.16431231539747,0.970156515541389,0.029128910709837547,0.4179500389460489,0.0008484934391416886,5.098690124566586,11.743668664768268,1.2714151765124338e-08,0.10502465483234714,65.14685786049888,699.9704344150094,0.009092702169625247,0.8452970594292418,16.93436550539648
UIEB_536.png,124.50465555555556,43.60574979704901,1901.4614153628395,7.319726545235076,200.0,43.60574979704901,123.97929382324219,124.73407745361328,124.69217681884766,16.665130615234375,0.4970579147338867,27.34145185185185,131.03662222222223,45.45189389723615,0.9880422652534424,0.02479062954905486,0.3343572467401923,0.0006145753134384719,3.7486329066963466,11.481618718278627,9.144844427123588e-09,0.06566296296296296,48.94122696162418,131.8363518309877,0.007055555555555555,0.7298917282061242,16.39893591914352
UIEB_537.png,123.5647037037037,37.467329651424386,1403.8007912085047,7.12182077628035,198.0,37.467329651424386,123.28992462158203,123.68173217773438,123.71076965332031,20.672597885131836,0.4983575642108917,35.2757962962963,133.13697407407406,44.354049341495084,0.984201101723564,0.037132904809628435,0.4364250467645324,0.0013788526196009266,3.080667779632721,10.853008772017166,2.080679062711222e-08,0.04855185185185185,41.02489144448485,156.06287760876543,0.004833333333333334,0.8962383401877517,22.98803571338376
UIEB_538.png,124.41910170749814,59.045172422679514,3486.3323864239537,7.804609362983243,243.0,59.045172422679514,123.52323913574219,124.90859985351562,124.24456024169922,74.20809936523438,0.4957723021507263,121.52041202672606,157.64555679287304,345.43013039549953,0.9504076329717626,0.01466273678530551,0.22419471617710235,0.0002149958500351514,10.207268238452357,13.180575354752742,3.0477456813453887e-09,0.16666295471417966,98.55134649305676,1475.1848353463718,0.01329992576095026,0.8912627001925008,22.37351427061787
UIEB_539.png,126.5546962962963,41.35875482782048,1710.546600907764,7.362771458894837,202.0,41.35875482782048,126.5434341430664,126.57185363769531,126.49874114990234,14.262369155883789,0.5000321865081787,26.688566666666667,132.78257407407406,80.97022444815433,0.9763318013534731,0.019524630121185774,0.27359079255626984,0.00038121118136911483,5.204667037655351,12.016267009517396,5.583990361123883e-09,0.10336296296296296,61.8217332380947,254.65633939027433,0.010077777777777778,0.6860977504842917,16.22613471317461
UIEB_54.png,118.99976507092198,45.660191906570084,2084.8531249448083,7.33703159602643,204.0,45.660191906570084,118.41354370117188,119.13076782226562,119.89163208007812,19.464479446411133,0.49540773034095764,34.228280141843975,128.15082446808512,79.04769473945939,0.9810545594516386,0.03393070844850585,0.4185708488939561,0.0011512929758175062,3.8413845771321,11.216142424375104,1.7334506023483367e-08,0.05804521276595745,43.836102790941865,363.1976102492447,0.004308510638297873,0.7195063754506944,16.950321751483607
UIEB_540.png,124.8195,37.78850404909565,1427.9710382685184,7.224577293179495,194.0,37.78850404909565,124.78469848632812,124.85842895507812,124.72462463378906,16.418426513671875,0.4999726414680481,28.75162962962963,132.25566296296296,84.27696531255796,0.9704824182577325,0.024194785160914844,0.3194169337035272,0.0005853876289828252,4.816917084028937,11.701089208626708,8.699475706792071e-09,0.0935962962962963,60.07207924798824,276.93525046469136,0.009103703703703704,0.6787340127160343,15.87724282028788
UIEB_541.png,124.93122222222222,43.528483599042346,1894.7288844320985,7.380809341128718,210.0,43.528483599042346,124.86119842529297,124.97209167480469,124.90631103515625,14.559085845947266,0.4996878504753113,25.620696296296295,130.98397777777777,79.59148580968281,0.9789846486062826,0.021638966523691936,0.3008943572008437,0.0004682448722134603,4.8360489705064005,11.867082850248533,6.912019091048586e-09,0.0895,61.53842373777599,251.419796293978,0.00998888888888889,0.7675766003778267,16.21634888200745
UIEB_542.png,124.45300740740741,51.22159266031469,2623.651554659204,7.6173324535327644,224.0,51.22159266031469,124.45032501220703,124.46484375,124.38591003417969,13.430259704589844,0.5001002550125122,26.178177777777776,129.97442222222222,111.65335188276758,0.9787140921468791,0.016726031542018665,0.2463136985647872,0.00027976013114460325,6.067085883880542,12.437644024897173,4.035970185578969e-09,0.11197037037037037,68.6199560753397,309.3888471848423,0.010888888888888889,0.7978769403397791,17.16679870103132
UIEB_543.png,124.16062962962963,47.86345832225801,2290.9106425665295,7.5182844245159375,217.0,47.86345832225801,124.11756134033203,124.2066421508789,124.02112579345703,10.759953498840332,0.5000148415565491,20.83988888888889,128.64321481481483,72.71677981821554,0.9841213659766979,0.019700876526148714,0.29945323242610294,0.0003881245358985574,4.748113522537563,11.986834522490739,5.689479779602925e-09,0.08693703703703703,55.436087097457936,204.2844249480247,0.008211111111111112,0.7916690132861376,16.63184669677188
UIEB_544.png,123.85967037037037,47.03266902636077,2212.071955743196,7.504002617379726,208.0,47.03266902636077,123.76708984375,123.8796615600586,124.00182342529297,26.009700775146484,0.49929946660995483,42.96651851851852,135.02137037037036,111.46110554628083,0.9748148389193197,0.021258109221783922,0.3309400764027429,0.0004519072076852946,5.514987942867743,12.079272138870301,6.662726114239418e-09,0.1155962962962963,67.73493839377726,444.8849406529493,0.010811111111111112,0.7990644353179134,16.726943088529566
UIEB_545.png,131.38068518518517,37.71688521924408,1422.5634306416323,7.1517335594236595,199.0,37.71688521924408,130.96133422851562,131.32614135742188,132.7476043701172,107.80248260498047,0.4959271550178528,136.27442962962962,181.98763333333332,12.741736227045077,0.9955222401455801,0.053658672559073216,0.6900537236263027,0.002879253140801837,1.157013541086997,9.490648876324567,4.3701085689381963e-08,0.011785185185185185,16.043508160149166,33.91360362654321,0.0009962962962962963,0.8667117683675709,19.30998039218034
UIEB_546.png,124.47005925925926,38.25363560350019,1463.3406368853773,7.195752199844474,210.0,38.25363560350019,124.21238708496094,124.57794189453125,124.58134460449219,32.933746337890625,0.498526006937027,56.600974074074074,139.86556666666667,124.7226265998887,0.9573683632384675,0.03042841605507624,0.351756362590421,0.0009258885036208214,5.673218326841031,11.698058278335377,1.389510672849001e-08,0.11528148148148148,67.9660515830961,460.29797349562415,0.011362962962962964,0.9190389883590365,23.30487925062803
UIEB_547.png,123.38052592592592,33.55379053518332,1125.8568592789575,6.946722295123802,160.0,33.55379053518332,123.1361312866211,123.49198150634766,123.45745086669922,16.243663787841797,0.4986289441585541,26.183659259259258,130.05586296296298,6.720077907623816,0.9970132259346163,0.045505279344604736,0.6000934976318939,0.0020707304482305107,1.2817696160267111,9.670461991171521,3.1364008471191576e-08,0.008959259259259259,17.15463949119712,13.970436298710561,0.000988888888888889,0.8655078514742954,23.33576259805412
UIEB_548.png,130.7827814814815,37.8173924004163,1430.1551679670645,7.114149475039154,203.0,37.8173924004163,131.00506591796875,130.70584106445312,130.63584899902344,46.322044372558594,0.5012788772583008,72.08097777777778,152.27035925925927,16.90735670562048,0.994093084114411,0.060324847102187405,0.7324031990152392,0.003639087177902288,1.132131329994435,9.245893937461648,5.5295232984005534e-08,0.015222222222222222,15.934395494668168,51.11215924245541,0.0013074074074074073,0.932280195480002,19.65851438653164
UIEB_549.png,125.67730740740741,25.695567982341437,660.2622139351304,6.664472626987685,173.0,25.695567982341437,125.59587860107422,125.73958587646484,125.59856414794922,21.755956649780273,0.49970877170562744,32.043255555555554,134.56807037037038,19.977733259135597,0.9848777515150214,0.04780499704619994,0.513500502667987,0.002285317742587185,2.0973103320348727,9.952259663554777,3.463835073127267e-08,0.02551111111111111,27.428105188442938,50.16764725617284,0.002896296296296296,0.591812662621842,15.113548237481309
UIEB_55.png,123.01804074074074,43.677871807618835,1907.7564856427846,7.3257229282240335,215.0,43.677871807618835,122.65626525878906,123.14964294433594,123.28893280029297,25.30117416381836,0.49771538376808167,44.339133333333336,134.85461851851852,98.93116304952699,0.9740788021303931,0.028394513611730336,0.3369760925047969,0.0008062484032467394,5.062819514004822,11.731086829518013,1.2069543673465565e-08,0.08855925925925925,52.645651329364235,345.19515773814817,0.007566666666666667,0.7041946723844495,15.296450929137428
UIEB_550.png,123.40137777777778,48.99856006529272,2400.858888472099,7.53432017790958,221.0,48.99856006529272,123.20516967773438,123.50601196289062,123.37889099121094,20.209339141845703,0.4990389049053192,35.596377777777775,131.97377407407407,87.7077647931738,0.981720296375212,0.02118375748297624,0.3135438906127793,0.00044875158109755186,4.993589315525877,12.019094002707083,6.6145750737770364e-09,0.09817777777777778,63.39537689746594,271.94412184876546,0.009133333333333334,0.7777277361890843,17.668178103541795
UIEB_551.png,120.99129072681704,52.76815990969833,2784.4787002554945,7.643690405700143,241.0,52.76815990969833,121.18632507324219,121.16058349609375,119.61495208740234,39.68924331665039,0.5033165812492371,68.35020467836257,138.2010275689223,244.94144375964956,0.9560405457683775,0.01906123319572389,0.28688063130605107,0.00036333061094176634,7.452111079033142,12.516576108133764,5.311154508655798e-09,0.11968253968253968,78.77356468230316,1126.0333959686009,0.01,0.6964381172910178,13.688535857800527
UIEB_552.png,121.19743315508022,42.27313671689694,1787.0180878854605,7.374697434543009,234.0,42.27313671689694,119.637939453125,121.86375427246094,121.86412048339844,41.05962371826172,0.49086686968803406,67.0835918003565,139.79811051693406,92.07727228089595,0.9742194114701043,0.035261420047723036,0.5028044028839143,0.001243367743781964,3.564474659191344,10.971023966441292,1.8739455485831668e-08,0.047526737967914436,34.101463515354496,568.6989168849353,0.003319964349376114,0.8569009920008445,18.790636654553097
UIEB_553.png,119.61136363636363,52.49410853212542,2755.6314305825636,7.338044936499333,222.0,52.49410853212542,115.66046142578125,121.1899642944336,121.85333251953125,60.62900161743164,0.47588416934013367,108.23911319073083,149.32959001782532,267.54228080669213,0.9514459160869189,0.04117348212756687,0.39689465697790144,0.0016952556305090685,7.6329756367564485,11.753700062761656,2.563471742929945e-08,0.10724598930481283,56.85651399792812,1953.4275410120192,0.005833333333333334,0.8172481076451471,18.01466735353433
UIEB_554.png,123.83299259259259,36.68483425179166,1345.7770640814267,7.175644079092565,216.0,36.68483425179166,123.72876739501953,123.89724731445312,123.76219177246094,21.244308471679688,0.4995923638343811,35.37611851851852,133.0484888888889,62.065557410498975,0.9769448963133925,0.03241025022425155,0.4019463440558281,0.0010504243195985977,3.7258801706547953,11.202287523390691,1.579537247522121e-08,0.06625925925925925,47.550699161402605,153.40590619061726,0.0060185185185185185,0.857272401267268,18.01186600062039
UIEB_555.png,126.57052592592592,27.312797641081392,745.9889149826612,6.754041478491882,191.0,27.312797641081392,126.431884765625,126.62974548339844,126.61527252197266,21.509803771972656,0.4992472529411316,36.35732962962963,135.89097407407408,24.960612131329995,0.9832534198891284,0.05320868659824455,0.5662467577632269,0.002831164329510209,2.021595251344834,9.877376121062586,4.2967308661616657e-08,0.02217777777777778,24.38411164172597,114.2659258765432,0.0016185185185185185,0.9205282442836232,22.659717789810465
UIEB_556.png,125.57668883961567,40.17281646988957,1613.8551831234308,7.177734487607578,203.0,40.17281646988957,125.46610260009766,125.63457489013672,125.5230484008789,19.17405128479004,0.4995512366294861,35.15011086474501,134.1930524759793,52.037179482433764,0.9838745867781695,0.0361682520022284,0.45999771379760523,0.0013081424528966989,3.080670296762157,10.839540288048122,1.9727839108798197e-08,0.04813008130081301,37.90172423301137,240.73090481024346,0.003296378418329638,0.854190037793575,17.50285374564228
UIEB_557.png,125.68742962962963,37.373778336836295,1396.799307170974,6.984331989001746,203.0,37.373778336836295,125.60163116455078,125.75084686279297,125.54544067382812,17.388154983520508,0.49981489777565,28.513185185185186,133.32623703703703,23.402122055277314,0.9916163077775356,0.04418141045919273,0.47938768917075414,0.0019519970301636648,2.375848636616583,10.439796798358504,2.9552280290239934e-08,0.03543333333333333,31.99113090902294,67.29479274237312,0.003748148148148148,0.8857370037254059,21.668603581718653
UIEB_558.png,123.85558518518519,42.81918188094974,1833.4823369538544,7.358301785863237,189.0,42.81918188094974,123.88004302978516,123.85213470458984,123.77600860595703,11.865921974182129,0.500266432762146,22.537803703703705,128.69157777777778,36.31197180485995,0.9900994376723954,0.02424928837361321,0.36066667135478186,0.0005880279866266529,3.317655351511779,11.367697699554512,8.739764367128796e-09,0.050366666666666664,43.10038426320696,96.94154067731138,0.0051333333333333335,0.8466338531570116,16.162945295807784
UIEB_559.png,125.47640740740741,24.99213503804637,624.6068137599451,6.600653616220379,173.0,24.99213503804637,125.39887237548828,125.52192687988281,125.4171371459961,20.495685577392578,0.49971842765808105,35.066237037037034,134.90642222222223,27.644752365052867,0.9778576467608164,0.05070019763213155,0.521765993738561,0.002570510039937198,2.2552958634761637,9.910711080981633,3.899003983878627e-08,0.028551851851851853,28.238262510506893,176.11637896229078,0.0026222222222222224,0.9141672696983006,21.677632231100596
UIEB_56.png,118.08168044077135,41.42794185033593,1716.2743659548148,7.30158025790433,196.0,41.42794185033593,102.64318084716797,124.83866119384766,123.79033660888672,69.5204086303711,0.4128367304801941,111.78417814508724,144.63213957759413,559.7757143448448,0.8369626959954144,0.021070024906664833,0.301876629198102,0.0004439459495674764,12.143591017168195,12.556427861538857,6.541246955947513e-09,0.21248852157943068,122.09317093406158,3534.7948017940485,0.024008264462809917,0.41065224678251183,11.391328243965695
UIEB_560.png,123.60777037037037,43.429221775963114,1886.0973040657886,7.380961250434439,201.0,43.429221775963114,123.59941864013672,123.62489318847656,123.54214477539062,10.401935577392578,0.5000643134117126,19.964251851851852,127.8506111111111,64.29539974030791,0.9829500934030535,0.021337852582499504,0.29526842888419524,0.0004553039528324808,4.620341309590057,11.844500778804463,6.714556331939404e-09,0.09295925925925926,59.63485254234456,187.3271147248148,0.009207407407407407,0.809335507186793,15.998900220250666
UIEB_561.png,128.41923333333332,30.427143262487295,925.8110471159259,6.841015349632726,164.0,30.427143262487295,128.45960998535156,128.43502807617188,128.2634735107422,11.460997581481934,0.5004299283027649,18.29877777777778,133.2768,3.5797403079206083,0.998064258351367,0.05525074910160969,0.670626708266944,0.003052645276289024,0.9221851233537378,9.14990645197443,4.634683970987737e-08,0.0028037037037037037,11.422015798374868,4.768562936406035,0.0002740740740740741,0.8030208423848307,17.127039890264125
UIEB_562.png,117.31272592592593,42.06642730490619,1769.5843061989574,7.206311779394385,211.0,42.06642730490619,68.24446105957031,138.29306030273438,138.00172424316406,90.7508316040039,0.24699871242046356,173.94047407407407,156.91946666666666,262.9216583194212,0.9256954106835286,0.04832205697997508,0.5246805204236394,0.0023350211907759585,5.8689630866258575,10.896332828980515,3.5396765162864064e-08,0.09151111111111111,61.74312845324493,1797.4105690369133,0.006822222222222223,0.7149287078097815,14.038958216241166
UIEB_563.png,121.32345555555555,36.03367286590813,1298.425580207284,7.043151429612006,170.0,36.03367286590813,121.12755584716797,121.4046630859375,121.45054626464844,11.284628868103027,0.4987644851207733,21.021066666666666,126.55744074074074,7.043435355221665,0.9972877356358888,0.04580446731962099,0.5750358920005023,0.0020980492264342275,1.423453904655908,9.882660994178554,3.178085994524731e-08,0.006411111111111111,20.092055008848025,11.221085175185184,0.0009111111111111111,0.6934209942600745,15.231307511368211
UIEB_564.png,121.75434074074074,35.38595902293429,1252.1660959727847,6.843691520506655,199.0,35.38595902293429,121.40242004394531,121.91363525390625,121.85189819335938,14.412293434143066,0.4980294704437256,25.052385185185184,127.94777777777777,27.96289742162864,0.9888371647229292,0.04480908003519236,0.4469021034961246,0.002007853653600274,2.638415878315712,10.345116423067914,3.040458472500267e-08,0.037537037037037035,34.58713684149991,61.7314730291358,0.0033074074074074073,0.6609452953724646,14.321828180628236
UIEB_565.png,129.93056444444446,59.62601796786051,3555.262018703625,7.663832817198236,232.0,59.62601796786051,122.60252380371094,133.03823852539062,133.12730407714844,70.6280746459961,0.4606251120567322,107.99908888888889,158.25666666666666,487.20295603784086,0.9315048105128341,0.028445041236811575,0.38391742237313764,0.0008091203709639109,9.236994991652754,12.258973719914726,1.2113366423056199e-08,0.11669333333333333,78.12367461490058,3867.378936931536,0.006884444444444445,0.715255379120744,13.421971432316207
UIEB_566.png,121.33060740740741,44.00969702321865,1936.8534320755007,7.168096393217485,204.0,44.00969702321865,121.02137756347656,121.46009063720703,121.47915649414062,14.687516212463379,0.4981549084186554,27.60935925925926,128.02261851851853,46.25299573363013,0.9880592192048452,0.034232498484779356,0.3706116257001012,0.0011718639525104208,3.5808977926173253,11.078081899473762,1.7648394217650152e-08,0.0583,44.79224382294458,99.48840607395061,0.004792592592592592,0.7156401191087695,16.61886568435196
UIEB_567.png,124.1062037037037,49.76046666778299,2476.104042995542,7.273947286629109,212.0,49.76046666778299,123.69664001464844,124.58386993408203,122.75420379638672,14.548242568969727,0.5001115798950195,24.680203703703704,129.28817407407408,34.20151734372102,0.993088159120216,0.03171478419453776,0.37927287883238836,0.0010058275365061019,3.1450380263401967,11.102244617150099,1.511487956914676e-08,0.038318518518518516,38.12876857279171,62.90982943636488,0.003203703703703704,0.8837931694975453,21.856608366132555
UIEB_568.png,123.00463703703704,48.273070561761976,2330.2893414608507,7.487263264223533,212.0,48.273070561761976,122.9118881225586,123.06266784667969,122.91217041015625,14.505464553833008,0.4996929466724396,22.695633333333333,128.4997185185185,56.9559413837878,0.9877689936894138,0.02181511117379964,0.29365815707573284,0.00047589907552523787,4.315867186050825,11.825151470002279,7.028812964824491e-09,0.0646111111111111,52.89274063074609,137.48068143307268,0.006148148148148148,0.78397066919424,18.895768731779526
UIEB_569.png,124.82536296296297,25.013947628860365,625.697575979369,6.4638572778884695,160.0,25.013947628860365,124.74795532226562,124.85073852539062,124.9213638305664,20.74647331237793,0.49944713711738586,35.725114814814816,134.51945555555557,13.27867928028195,0.9893973776626587,0.06491151478735738,0.6160543412438673,0.004213504751989315,1.464967538490076,9.155365303736732,6.406014958079248e-08,0.014862962962962963,19.825841356804897,25.938109562469137,0.0013111111111111112,0.8827597012308326,18.03012532941969
UIEB_57.png,121.4286,29.2869594228571,857.7259922360784,6.5300499268422065,185.0,29.2869594228571,112.982421875,125.07750701904297,124.73808288574219,46.8182258605957,0.4522632956504822,73.13227843137255,139.70520784313726,151.21220465481684,0.911937709214248,0.05735765870405192,0.42800936726922567,0.003289901012010503,5.069386231955219,10.521119442661913,4.9967074935119686e-08,0.07041960784313725,40.057538656701084,1199.0993810376779,0.004211764705882353,0.7921792076512122,16.671410596441405
UIEB_570.png,122.87124814814815,39.986015388687434,1598.8814266643485,7.275435487228126,199.0,39.986015388687434,122.53646087646484,123.03704833984375,122.89480590820312,15.080647468566895,0.498253732919693,26.18630740740741,129.00616296296297,68.7921202003339,0.9784908182942549,0.023503446102695624,0.31155811344388973,0.0005524119787023181,4.582570951585977,11.679977991603298,8.196307214963042e-09,0.09605185185185185,59.30771378363785,271.8553322731961,0.009611111111111112,0.7542152487475757,13.52703493130262
UIEB_571.png,124.36302222222223,40.7587335796185,1661.274363014321,7.326162267874362,204.0,40.7587335796185,124.2686538696289,124.40709686279297,124.39247131347656,14.748932838439941,0.499472975730896,27.648644444444443,130.99804074074075,84.12207753663512,0.9746741212226698,0.021410626278559285,0.2833425356019291,0.00045841491764013345,5.137911333704322,11.909402268701278,6.762025887720238e-09,0.10186296296296296,61.972254779405596,288.3147162565706,0.010133333333333333,0.8528230033849843,18.104397389213666
UIEB_572.png,149.4588,38.625276587344835,1491.911991448889,7.215357905302782,212.0,38.625276587344835,148.46995544433594,149.7378692626953,150.6097412109375,50.906288146972656,0.4943270981311798,71.5349,174.01735555555555,21.245115933964012,0.992875190198583,0.04206434463068473,0.4886396661300315,0.0017694090892090154,2.2038174735670557,10.58502352501644,2.6766209413856738e-08,0.039714814814814814,38.708789248208994,127.36374382407406,0.002414814814814815,0.7802516595300953,15.028426310502718
UIEB_573.png,123.85387777777778,46.443397570869024,2156.989177925803,7.3726547909981655,205.0,46.443397570869024,123.54432678222656,123.99978637695312,123.8990707397461,16.521503448486328,0.4983658492565155,27.758451851851852,130.47285925925925,61.01982192543129,0.985851774422389,0.022038606632559757,0.29097860427191874,0.0004857001823047069,4.620897792617326,11.833121953730078,7.178365985751447e-09,0.09191851851851852,57.3158629243155,184.47051703566527,0.009696296296296297,0.7825438579425129,15.483628188929472
UIEB_574.png,122.63665185185185,54.21193261065775,2938.9336373824967,7.605528765382462,220.0,54.21193261065775,122.27477264404297,122.8227767944336,122.61988067626953,16.43777084350586,0.4981805980205536,31.778444444444446,129.44488148148147,305.66783899091075,0.9479872241256169,0.016468884928562272,0.22326270181006033,0.0002712241707902255,9.591289185679837,12.915104526300444,3.905721767085656e-09,0.16175925925925927,108.00902869571492,1005.3224697596572,0.018692592592592594,0.8353983899970238,15.944041669517981
UIEB_575.png,117.07728712871287,64.49665302263504,4159.818251122178,7.770427113459872,237.0,64.49665302263504,116.45226287841797,116.74575805664062,120.42064666748047,63.934696197509766,0.4910149872303009,120.36346204620462,150.93687128712872,140.02524669829253,0.9831706657816124,0.029354538106579273,0.43866192634099227,0.0008616889074506146,4.717899469412718,11.748624108783364,1.2915498632631144e-08,0.06430363036303631,52.18869352752827,311.6786501467068,0.004696369636963697,0.8306209930681719,19.94876873727609
UIEB_576.png,123.7220074074074,40.228730954288594,1618.3507941925375,7.29003848911944,197.0,40.228730954288594,123.48760223388672,123.84838104248047,123.70650482177734,24.562326431274414,0.498829185962677,39.76315185185185,134.22115185185186,72.17618252643294,0.9777040611573948,0.025752618405297592,0.3458478529572636,0.0006631973547288723,4.648258208124652,11.653808394517206,9.886757898961978e-09,0.11012592592592593,66.23381306200727,280.08370924987656,0.010581481481481482,0.7454843971628294,18.801130077442647
UIEB_577.png,122.80752592592593,36.6620708992236,1344.107442619698,7.082791425321565,194.0,36.6620708992236,122.80504608154297,122.81968688964844,122.78191375732422,16.718650817871094,0.5000172853469849,27.432262962962962,129.6413037037037,27.204036356891116,0.9898795883006773,0.03357056479205371,0.42189349824416855,0.0011269828204574762,2.6268224819143016,10.734540193283195,1.6963562490768072e-08,0.03355925925925926,34.16173723076397,74.618384614321,0.0035407407407407406,0.7098764110688752,18.50186487589197
UIEB_578.png,123.00607777777778,34.934064402144934,1220.38885565321,6.861882753733477,179.0,34.934064402144934,122.80851745605469,123.07955932617188,123.10161590576172,25.6149959564209,0.4988541901111603,46.98718148148148,135.2333148148148,20.61690595436839,0.9915523310056511,0.0528506333288703,0.52060578861141,0.0027931894432626963,2.164603969578928,10.1192913748175,4.2387857882693424e-08,0.031762962962962965,27.5604434830152,53.48422145821674,0.0030074074074074074,0.7283118382356563,16.411771394676933
UIEB_579.png,123.40691481481481,48.80897164380824,2382.315712926077,7.540201650343213,227.0,48.80897164380824,123.32339477539062,123.46122741699219,123.33665466308594,14.047940254211426,0.499693900346756,27.2472,129.4098111111111,122.34960860693748,0.97429732760922,0.01667661030547517,0.22679931592006639,0.0002781093312806807,6.544585420144685,12.480624589845018,4.010780978670969e-09,0.13358148148148147,76.10112324166887,354.9190454317558,0.012603703703703704,0.8148269976749202,19.607601891718748
UIEB_58.png,125.66705555555555,42.99591207782806,1848.6484554043209,7.416278594186305,214.0,42.99591207782806,125.22269439697266,125.87834167480469,125.7474365234375,27.299280166625977,0.4976544678211212,45.09478518518519,137.5752148148148,93.54654424040066,0.9747015902939702,0.0205920936433558,0.27436036906656863,0.0004240343206167344,5.299176405119644,12.027444208255648,6.237419609897377e-09,0.09056666666666667,55.7690557219445,333.03407272360766,0.007344444444444444,0.8094050518024,17.15467464984251
UIEB_580.png,121.89637777777777,45.589682590816075,2078.419158731358,7.44045441597862,210.0,45.589682590816075,121.65731811523438,122.00579071044922,121.94904327392578,16.321853637695312,0.49868786334991455,29.930914814814816,129.0652074074074,107.43014283064366,0.9741568379413434,0.021633318859566254,0.3015749657619884,0.00046800048487966495,5.532506028566129,12.050126023332599,6.908290036272658e-09,0.10981851851851852,71.44108739017896,369.77557761179696,0.011255555555555555,0.7911393471518039,19.72111605895314
UIEB_581.png,126.48535925925925,23.123940786564958,534.7166375005625,6.441903431897119,200.0,23.123940786564958,126.53543853759766,126.46891784667969,126.43164825439453,14.433088302612305,0.5003367066383362,24.772974074074074,132.67237407407407,20.755952513448335,0.9805651512257842,0.06238439662077605,0.5716131284694314,0.0038918129417382943,1.7988759042849192,9.423809285733249,5.915152210503838e-08,0.020925925925925924,23.425616990488873,50.71153555224966,0.0020592592592592594,0.9095654568753307,22.166900532975188
UIEB_582.png,122.03847407407407,52.58458837492635,2765.1389345604393,7.576816669381252,214.0,52.58458837492635,121.96269989013672,122.08975982666016,121.95401000976562,9.128393173217773,0.4997574985027313,19.978266666666666,125.97901481481482,60.28096457058059,0.9890978299608213,0.021553709539152466,0.3011282763598726,0.000464562394898152,4.524199591912447,11.93411235582683,6.855828946466859e-09,0.08088148148148148,54.80351987174376,129.268322180727,0.0066,0.8488598862280968,17.994443908448627
UIEB_583.png,117.85149880095923,54.855681866925416,3009.14583308533,7.624359650295856,234.0,54.855681866925416,113.15975952148438,119.87523651123047,119.72257232666016,56.189517974853516,0.4722904562950134,97.07842126298961,142.79676458832932,381.487343013736,0.9366047990032721,0.020914332861058357,0.30720817942057743,0.00043740931902314545,9.552863885852922,12.69973626327094,6.4415058892920745e-09,0.13921063149480414,82.19749934816076,2301.89833272055,0.009470423661071143,0.7863173726840632,16.209198254010868
UIEB_584.png,126.57583333333334,31.990033246049205,1023.3622270833333,6.939395316225282,196.0,31.990033246049205,126.47822570800781,126.61785125732422,126.61888885498047,23.090389251708984,0.4994466006755829,37.883996296296296,136.77024814814814,16.194546466332778,0.9920826671705092,0.048459125745828356,0.5537218984249692,0.0023482868680500045,1.7625598219254313,9.973076072380103,3.5599183334159926e-08,0.018922222222222222,24.280219916268955,42.56698888854596,0.001851851851851852,0.8245553284242035,16.217558441124563
UIEB_585.png,125.13492592592593,25.512399356399996,650.8825209204389,6.564964576105367,184.0,25.512399356399996,125.07979583740234,125.2027816772461,125.01319885253906,18.773292541503906,0.4998873472213745,33.977414814814814,134.1442148148148,12.677866815062142,0.9902576473767903,0.05823299012466109,0.5333430987123302,0.0033910811388588764,1.8138638471526618,9.70102157819485,5.1510961148016e-08,0.021177777777777778,24.936510492110557,36.17431427159122,0.0022222222222222222,0.8883002532653462,18.3546711539009
UIEB_586.png,126.3013111111111,44.45905720064109,1976.6077671698765,7.449272234136017,207.0,44.45905720064109,126.3159408569336,126.30183410644531,126.26508331298828,11.52700138092041,0.5001285672187805,21.38105925925926,131.06488518518518,59.69577443887961,0.9849014830526025,0.021132560171259453,0.3156487544112421,0.00044658509939190133,4.233181227972547,11.783714255653473,6.581517186422749e-09,0.07356666666666667,52.25796674431053,157.96304385097395,0.006914814814814815,0.8586676492067458,19.368441305986824
UIEB_587.png,121.99664444444444,45.54206525025809,2074.079707258765,7.471874309365035,231.0,45.54206525025809,118.7174072265625,123.4174575805664,123.27779388427734,42.75564956665039,0.48123103380203247,66.9607,138.28294074074074,221.5126173251716,0.9466152227134854,0.02271272642493241,0.315591523584288,0.000515867941653823,6.445067705434985,12.124318276174224,7.638689462147871e-09,0.10435555555555555,73.91967963293227,614.0860707750891,0.007951851851851852,0.8480281564505004,20.050972582381906
UIEB_588.png,119.65083333333334,49.372469810932905,2437.6407752314813,7.543213337289213,222.0,49.372469810932905,115.76176452636719,121.32816314697266,121.22034454345703,46.461856842041016,0.477272629737854,71.66257037037037,137.81622222222222,117.19472454090149,0.9759542501250843,0.02604163734238943,0.3742679066160393,0.0006781668754725315,4.865115933964015,11.775955413367662,1.0115174658356194e-08,0.09211111111111112,59.352006880977,455.1730838180521,0.007288888888888889,0.8188951697812673,20.018801428215603
UIEB_589.png,118.17278148148148,58.45238418516414,3416.6812169300274,7.646274510912809,229.0,58.45238418516414,117.21967315673828,118.50629425048828,118.95075225830078,18.30270767211914,0.4936457872390747,34.39717777777778,125.51967037037036,22.674687442033015,0.996684243978814,0.032691239571661965,0.4539774240616561,0.0010687171447317971,2.3260990539788535,10.993543364225175,1.6074498835285906e-08,0.02805925925925926,30.845168932095607,63.591259127517155,0.0015407407407407407,0.7943711429415273,18.580925265334827
UIEB_59.png,125.26422592592593,39.506743674608,1560.7827957711797,7.309180855346091,220.0,39.506743674608,124.94808959960938,125.40385437011719,125.38127136230469,25.378915786743164,0.49822768568992615,43.24968888888889,136.5679074074074,85.89848265627899,0.9724876532848856,0.02205184735210781,0.28251778879425693,0.00048628397164066425,5.0297458727508815,11.866788962541833,7.1872739040857575e-09,0.08398888888888889,53.335585737610096,285.23641708592595,0.007181481481481481,0.8446931526840079,18.85379721589451
UIEB_590.png,121.68202592592593,43.844208873549945,1922.3146517474759,7.431251436800951,230.0,43.844208873549945,120.77495574951172,122.06770324707031,122.06718444824219,32.41502380371094,0.49470585584640503,50.7976037037037,134.43702222222223,110.73209794101281,0.9711716835647275,0.021966401056097845,0.2953295222966964,0.00048252277535733654,5.400493414950845,12.019509884718605,7.129882603375799e-09,0.09076296296296296,59.10735507062056,302.14155328395066,0.006803703703703703,0.8510972179820073,18.971174864846645
UIEB_591.png,121.5587925925926,50.7052921749019,2571.0266545421678,7.612915412531386,222.0,50.7052921749019,120.93983459472656,121.92310333251953,121.29654693603516,21.60368537902832,0.49724534153938293,39.748955555555554,130.1091851851852,224.10618438137635,0.956413452424228,0.01482514302757589,0.2062819075464265,0.00021978486578808204,8.516201075867185,12.89869972661145,3.1208202625363474e-09,0.16682592592592593,97.85682498621034,761.3813035609877,0.014962962962962963,0.8045747658987916,16.25466263874889
UIEB_592.png,124.50677027027027,54.684265480121226,2990.368891100378,7.63811912093078,235.0,54.684265480121226,118.90918731689453,126.92070007324219,126.75374603271484,63.228092193603516,0.46874722838401794,102.91070720720721,152.60976126126127,326.4575147768804,0.9454659885478592,0.02899010760352903,0.3728815785915698,0.0008404263388641917,7.8071064386590265,12.209156551929901,1.2591057583643976e-08,0.12447747747747748,80.88006773017142,1778.826563537355,0.008869369369369369,0.8356878739427486,19.552879652730812
UIEB_593.png,118.06049714285714,41.68657062618484,1737.7701705718966,7.258085983204943,204.0,41.68657062618484,108.58464050292969,121.952392578125,122.8740234375,39.651554107666016,0.4435168504714966,72.88143428571429,135.28559619047618,273.11243119484857,0.9214544067028293,0.021314479445794406,0.2746857634121115,0.0004543070340451922,8.800570474600525,12.386934233774834,6.699344558451724e-09,0.17769714285714286,89.48141145290042,1810.2806434371919,0.015346666666666666,0.369436739175457,11.167368374062555
UIEB_594.png,119.3684516765286,57.08367411841263,3258.5458508571323,7.753897925863169,239.0,57.08367411841263,119.2349624633789,119.70408630371094,117.99333190917969,78.11803436279297,0.5016250014305115,102.25990631163708,149.39498027613413,203.85285139927493,0.9687150437881414,0.018969994990324195,0.3239585319365477,0.00035986070993292504,6.703203564125613,12.427767346594106,5.25820802109413e-09,0.12860453648915188,82.30294129116245,1146.4302294325205,0.010083826429980276,0.8826016448061317,21.152969719056568
UIEB_595.png,115.85576888888889,50.31310663841789,2531.4086996088104,7.605263192477525,233.0,50.31310663841789,104.0400619506836,121.0047607421875,120.32353210449219,77.56627655029297,0.43111422657966614,117.60331111111111,151.08626222222222,319.537958820256,0.9368811446676306,0.027809919565625344,0.37922079426061683,0.0007733916262465514,8.215318864774623,12.251923269867495,1.1568189043946096e-08,0.12176888888888888,71.26298405455884,1768.4631845560693,0.009293333333333334,0.6569389184362271,14.494768722574774
UIEB_596.png,122.14815925925926,49.62451649862983,2462.5926377227843,7.582656944698845,216.0,49.62451649862983,118.86161804199219,123.56877899169922,123.45891571044922,23.246694564819336,0.48116716742515564,41.78315925925926,130.36903703703703,126.23367093303654,0.9743644992724445,0.016207961736150942,0.23028054567393988,0.00026269802364053306,6.528399183824893,12.524477754466844,3.7756230862126636e-09,0.11915925925925926,67.31504568056846,449.8524719182991,0.009874074074074073,0.8388040962289246,17.979789833915106
UIEB_597.png,121.02521851851851,53.21025643569339,2831.33138995225,7.6412972771927,233.0,53.21025643569339,117.28355407714844,122.67088317871094,122.36479949951172,51.94422912597656,0.4786386787891388,88.90292592592593,142.45061481481483,297.0443999258022,0.9475438515935682,0.015320163368654698,0.21006239130434254,0.00023470740564226927,9.370550918196995,12.935744409211162,3.3485201504481396e-09,0.16698148148148148,95.0089471755213,1283.2130758276542,0.01391851851851852,0.8087568706040438,16.72646988665622
UIEB_598.png,120.34025925925926,51.0004968887142,2601.0506828957473,7.580692368694198,216.0,51.0004968887142,110.70559692382812,124.64032745361328,123.47908020019531,57.63651657104492,0.44617870450019836,82.86711111111111,141.78544074074074,603.3195919124466,0.8840447494876689,0.014483246211012135,0.2186346558305885,0.00020976442080879735,12.891752921535895,13.236163150080772,2.9679204062850543e-09,0.19704074074074074,121.73245595708669,3926.364556005912,0.012744444444444444,0.6131763399413167,13.636734052514567
UIEB_599.png,119.30332291666667,46.434164072640435,2156.1315931248914,7.411784135966193,213.0,46.434164072640435,96.71886444091797,129.05723571777344,128.32228088378906,68.40682983398438,0.3757830560207367,120.3811375,150.12981041666666,566.0152316360602,0.868757389721172,0.02584755271736954,0.3133766339080376,0.0006680959814771975,11.429964524207012,12.53807802577185,9.961505011210596e-09,0.16622916666666668,105.17577330015534,3731.8601214313153,0.013620833333333334,0.6857264751778661,15.545614836547268
UIEB_6.png,117.95885577630611,45.066112128894346,2030.954462414078,7.380005935368748,202.0,45.066112128894346,111.29086303710938,121.15740966796875,118.97667694091797,64.7938461303711,0.4634529948234558,117.8508940397351,144.37549300956584,39.9395460425212,0.9901764173726895,0.03117743478937898,0.4829087478329107,0.0009720324400459787,2.794878882021913,10.956469708390408,1.4599207320914897e-08,0.04502575423105224,34.551220437320346,142.54973211760802,0.004043414275202354,0.7959950304180142,16.908767244771184
UIEB_60.png,116.86572962962963,45.04386353142913,2028.949641838011,7.258658158389436,188.0,45.04386353142913,84.22728729248047,130.76026916503906,130.93222045898438,50.53315353393555,0.32185593247413635,132.1377925925926,140.62187777777777,275.350869968466,0.932169984917504,0.022244099940187542,0.2581806506013651,0.0004947999821490514,8.248900018549435,12.145952210124072,7.317217912087269e-09,0.12935555555555556,76.02336552170208,1683.6527831220849,0.010148148148148147,0.6165753077231596,13.377977755052726
UIEB_600.png,133.7232962962963,28.371719583017764,804.9544720973937,6.818218748896564,161.0,28.371719583017764,131.1499481201172,134.8090057373047,134.91241455078125,56.83677291870117,0.4862422049045563,73.49578518518518,156.18698148148147,13.297644221851234,0.9917463867352055,0.04643830223617636,0.5613098419721303,0.002156515914578462,1.47990354294194,9.666181841901548,3.267299080682315e-08,0.008718518518518518,17.53018823311734,54.872898977654316,0.0008370370370370371,0.7806888888758755,14.347775435568513
UIEB_601.png,121.84259583333333,52.91664556729747,2800.171378094983,7.6637988164091135,230.0,52.91664556729747,114.88753509521484,124.92665100097656,124.19831085205078,76.45482635498047,0.461164265871048,110.67386458333333,150.17913958333332,223.6584265442404,0.9600728460103477,0.020466190862301566,0.3460252746234048,0.0004188649684121561,6.8570033388981635,12.352456318288427,6.158541555017945e-09,0.12933958333333334,81.43369714045654,1410.0520560833334,0.008575,0.8085472778381915,17.301384284957567
UIEB_602.png,122.16501111111111,41.3613412840383,1710.7605528146912,7.33697175609445,201.0,41.3613412840383,122.03524780273438,122.29977416992188,121.80142211914062,29.7780704498291,0.49993711709976196,46.66119259259259,133.08364814814814,96.21121869782972,0.9718751294238116,0.025785983734030314,0.3741148828002842,0.000664916957131676,3.8664440734557597,11.349733947617185,9.91299694929773e-09,0.05034074074074074,46.08940399277929,376.2247692007682,0.003896296296296296,0.8295603735235408,17.460537161900437
UIEB_603.png,120.63593703703704,43.86373954700953,1924.0276470478875,7.369023577593464,215.0,43.86373954700953,109.15157318115234,125.66340637207031,124.85709381103516,64.55586242675781,0.4356991648674011,103.26172592592593,147.74102592592592,1065.698337970692,0.7231394391369961,0.019300226643475596,0.21675340830793532,0.00037249874848952527,18.70546095344092,13.301167784178785,5.451049185593036e-09,0.23532962962962964,139.54806489988454,9321.246554986981,0.01132962962962963,0.5761393702216413,14.031382648804115
UIEB_604.png,123.52021362586605,54.75012814015269,2997.5765313631396,7.671488193232469,241.0,54.75012814015269,122.4292984008789,123.99844360351562,123.94097900390625,76.89305877685547,0.49378713965415955,110.94895881447268,156.63816204772903,556.4752628514807,0.9071877257301652,0.018771401075837843,0.2271586528943842,0.0003523654983499661,13.113601576145001,13.327637363201077,5.143840168570955e-09,0.19335835257890685,106.58037321754816,3353.7426153949145,0.013558506543494997,0.8279566191130643,17.301194692337837
UIEB_605.png,140.96130321910695,53.390058841891765,2850.498383140665,7.4950414682946365,227.0,53.390058841891765,140.8643341064453,140.94296264648438,141.29795837402344,44.846710205078125,0.49909254908561707,67.76456386292836,160.4098650051921,27.02037143941876,0.9952601449718432,0.03493728020311658,0.5293381337367791,0.0012206135479910817,1.846556306200885,10.550792149051052,1.8392254011971767e-08,0.021053997923156802,26.268002452799568,205.91369188866568,0.0011163032191069573,0.8476082677071929,16.69750948419875
UIEB_606.png,124.33662808641975,63.28254072690524,4004.6799608524207,7.65655939561927,244.0,63.28254072690524,122.5265121459961,124.74083709716797,126.91313171386719,49.95783233642578,0.4868848919868469,81.03481095679012,146.29037422839505,535.8806266617203,0.9330914473155494,0.03333234321960117,0.2638975228490056,0.0011110451045092922,10.351674086440365,12.738591287496085,1.672037224497668e-08,0.14484953703703704,101.1967231507054,3320.64345133279,0.010679012345679013,0.7825690607443093,16.46985554438341
UIEB_607.png,119.96814472671285,46.15586858289097,2130.3642046411014,7.36969812300146,221.0,46.15586858289097,117.98771667480469,120.88710021972656,120.41063690185547,66.3094711303711,0.4889715015888214,109.89541185527328,148.56125096227868,156.94816611211147,0.96316174595186,0.03666131747952244,0.45903717826738616,0.0013440521993343378,5.02556994528988,11.403385704931123,2.0275778354977983e-08,0.08535026943802926,51.18612435707491,811.0681209018485,0.005719784449576598,0.8475372224558025,16.51964398488252
UIEB_608.png,118.16074387947269,41.04533125584915,1684.719217902387,7.23140984813925,199.0,41.04533125584915,109.47691345214844,122.00732421875,121.13938903808594,46.95820617675781,0.45025044679641724,78.23909604519774,136.9842043314501,466.0385293757015,0.8616893157632194,0.018809739655760268,0.21476415488501654,0.0003538063059174804,12.211661620591759,12.737755472298877,5.165825147323312e-09,0.210969868173258,107.02661286518182,3444.2423941713346,0.014439736346516007,0.6298933087317585,15.08960306421381
UIEB_609.png,119.00883703703704,41.53138442524096,1724.8558922771472,7.351862017396103,203.0,41.53138442524096,117.70523071289062,119.49701690673828,119.90940856933594,25.70908546447754,0.4916544258594513,45.65811851851852,129.68453703703705,41.15114450009275,0.9880653827127892,0.022929571446977715,0.33841295693407614,0.0005257652467420557,3.7285512891856802,11.547156352676105,7.789710352776424e-09,0.07311481481481481,49.221821237816826,177.35375714061726,0.006474074074074074,0.7977184638207798,16.85265841181042
UIEB_61.png,124.46503333333334,41.55546324468505,1726.8565254803705,7.317562728349819,209.0,41.55546324468505,124.54912567138672,124.36613464355469,124.73357391357422,18.04347038269043,0.499997079372406,31.3116,132.32168148148148,97.08656278983491,0.9718862135529522,0.02219855444477995,0.2732371038270486,0.0004927758194378598,5.523082915971065,11.921361918765655,7.286331640249017e-09,0.10605185185185186,59.77557750703406,377.3668782929904,0.008533333333333334,0.7034396724078226,14.874610372598706
UIEB_610.png,121.51514781966002,37.49851359010691,1406.1385214674324,7.199434323580358,197.0,37.49851359010691,120.67092895507812,121.84925079345703,122.00851440429688,29.434494018554688,0.49484145641326904,50.815868440502584,134.13066518847006,65.58728331402298,0.9766950411026019,0.025162373953730187,0.3483387966509447,0.0006331450629873594,4.124860725007311,11.466097248371263,9.428196318433523e-09,0.0695861049519586,50.32547266363846,243.12471838845704,0.0089320029563932,0.6853337061005608,15.558772906898016
UIEB_611.png,117.13829629629629,40.60371074158473,1648.6613259862827,7.056952461081126,184.0,40.60371074158473,99.33283233642578,124.83824920654297,124.18028259277344,62.429832458496094,0.39889734983444214,111.17491111111111,141.21541851851853,72.68187349285847,0.9779677262211128,0.032540326184539295,0.4114032388894613,0.0010588728281962136,3.726651827119273,10.938223516644946,1.5924286485804957e-08,0.0598,46.38681096648475,264.1388942600686,0.006514814814814814,0.7494980807828195,15.236131771944308
UIEB_612.png,118.94828148148149,43.83809994372844,1921.7790066763234,7.4463018220030435,215.0,43.83809994372844,117.66126251220703,119.45109558105469,119.73368072509766,27.00583839416504,0.4919261932373047,48.112737037037036,130.50521481481482,160.32851790020402,0.9582981167398813,0.022431609869996323,0.33000712500341955,0.0005031771213597165,6.4149731033203485,12.141658693235527,7.4450429122500075e-09,0.1302851851851852,70.52683561090859,913.050882493155,0.012651851851851852,0.7686413440197208,15.764610637735446
UIEB_613.png,123.67834074074074,59.26273848176415,3512.07217235797,7.736790551806283,232.0,59.26273848176415,117.2511978149414,126.33734893798828,126.85009002685547,34.07703399658203,0.4631003737449646,64.99957407407408,138.71695555555556,125.10345019476907,0.982170354253315,0.021726345380974454,0.3397149338954466,0.00047203408361339,5.266425524021518,12.15570228849352,6.969837868513334e-09,0.09133333333333334,62.56398411481035,508.93490687504806,0.007933333333333334,0.7676201832743411,15.1999143169224
UIEB_614.png,124.72688372093023,52.11045592585458,2715.4996168004327,7.65260555844081,240.0,52.11045592585458,121.94609069824219,125.9386215209961,125.7795181274414,65.12816619873047,0.4844549298286438,102.07686046511628,154.47220930232558,329.2671002057693,0.9393668359588122,0.025184132168883832,0.35061969361402917,0.0006342405130998095,8.10503940676321,12.396657259777681,9.44491156062789e-09,0.1199031007751938,79.49292075086751,1881.7437172407908,0.010387596899224806,0.8280189466678323,18.800740778792296
UIEB_615.png,125.09141860465117,47.71713332945892,2276.9248131813592,7.445940182022004,239.0,47.71713332945892,122.7285385131836,126.14533996582031,125.88372039794922,63.265663146972656,0.48696187138557434,97.67463565891472,153.97545736434108,309.05609348914857,0.9321393504781167,0.04063137259146634,0.43001196366098193,0.001650908438666562,7.373754707458167,11.755299857054936,2.4958032983460416e-08,0.10788372093023256,69.83327300929268,1740.9541498185054,0.009193798449612402,0.8584087794330383,17.897466599131118
UIEB_616.png,119.24016614745587,51.94808869815018,2698.6039193908787,7.553235596047159,241.0,51.94808869815018,116.333251953125,120.4809341430664,120.46014404296875,59.19798278808594,0.48282864689826965,100.06251817237799,147.2607424714434,501.5450569224929,0.9069886483971947,0.02418063406237172,0.3034262331655761,0.0005847030636583314,10.283546305108725,12.514646797852905,8.689030068906116e-09,0.14673416407061265,102.28967882302003,4224.736147908734,0.010529595015576324,0.841958373662711,19.106728425458723
UIEB_617.png,125.57920265780731,62.51322478401602,3907.9032728969146,7.865304158769141,246.0,62.51322478401602,124.6484375,126.01532745361328,125.77352142333984,57.52031707763672,0.49505147337913513,81.71435215946843,148.66767441860466,439.2332736177127,0.9437576651928987,0.012686075415658768,0.19912534412851396,0.00016093650945178176,11.545687996051004,13.412237286243,2.2228656065259054e-09,0.19770210409745292,134.39456055775298,2377.966323154515,0.0165171650055371,0.9009904617048198,20.474278489468837
UIEB_618.png,119.6956755424063,37.28861757993895,1390.4410010229324,7.017429726999843,168.0,37.28861757993895,81.3570327758789,136.1181640625,135.70570373535156,97.4663314819336,0.29930055141448975,175.75388067061144,160.590157790927,371.78061068249843,0.8662337422235842,0.033114166655791574,0.4315899674747813,0.0010965480333075385,6.670644367831988,11.012033317321553,1.649916449348508e-08,0.08261341222879684,62.90125496875724,2657.260522236981,0.007470414201183432,0.6544938178287929,13.030302509836538
UIEB_619.png,124.59434662236988,42.903030610807946,1840.6700355919238,7.421797947664941,219.0,42.903030610807946,116.80206298828125,127.86441040039062,128.19146728515625,72.80378723144531,0.45615848898887634,103.88117940199335,154.40741971207086,90.06857497823061,0.9755348159724402,0.03489971596337077,0.5017093090941197,0.0012179901743239565,3.646697985013783,11.086809307433203,1.835222450655299e-08,0.06362126245847176,41.43964874855872,579.774051361924,0.004501661129568106,0.7770972460892563,16.210513087687232
UIEB_62.png,117.63774161735701,47.719825308189115,2277.1817274440864,7.5558430444629465,232.0,47.719825308189115,116.68946075439453,118.12918853759766,117.60089111328125,40.64168930053711,0.4950130581855774,63.993126232741616,133.8205325443787,147.71006904999456,0.9675753687647962,0.02129036815467073,0.32866802486761865,0.0004532797761614176,5.697543242682578,12.094503519666478,6.683669847090417e-09,0.0965138067061144,63.84102343999957,583.5255755672799,0.008298816568047337,0.845094234791616,19.238676623426603
UIEB_620.png,123.05214839424141,62.4859977611296,3904.4999162038935,7.7502669581546355,239.0,62.4859977611296,122.7011947631836,123.314208984375,122.63313293457031,48.48582077026367,0.4988921284675598,73.34276854928018,143.93503875968992,309.017482071448,0.9604279340813973,0.02438622746065069,0.3803579282254796,0.0005946880897625939,8.133561472886704,12.355625953439578,8.841389476014617e-09,0.13428017718715393,87.99542872063134,2139.9163754667597,0.010326688815060908,0.8931104260514712,22.937244110010496
UIEB_621.png,121.54069777777778,49.42370188619351,2442.702308135328,7.553986435026244,229.0,49.42370188619351,114.5079116821289,124.51030731201172,124.71443176269531,88.79484558105469,0.4594564437866211,138.96024888888888,162.15390222222223,628.0690662214802,0.8715289736085999,0.023095178951883365,0.29403572885070206,0.0005333872908195164,12.960284919309961,12.91650638037505,7.906013515579474e-09,0.1811288888888889,100.00501146021597,4599.217146664691,0.011671111111111111,0.7559608146597925,16.7559946770904
UIEB_622.png,126.32989479512736,60.96366682043246,3716.5686721926972,7.801851559970848,245.0,60.96366682043246,126.2488021850586,126.50157165527344,125.68930053710938,25.948131561279297,0.5006081461906433,45.11983942414175,137.1321262458472,350.33790536830486,0.9528815576195874,0.01629863252405254,0.26586383248747847,0.0002656454221541033,10.001763736903698,13.052805122900253,3.820596818414357e-09,0.17380398671096345,110.5151383651936,2999.705267671071,0.012602436323366556,0.9052923657314021,22.544406140618626
UIEB_623.png,128.07964008859358,68.04490478501371,4630.109067201583,7.774865722610798,240.0,68.04490478501371,128.05775451660156,128.27728271484375,127.11625671386719,42.60151290893555,0.5014134645462036,65.93091915836102,145.61323366555925,223.61353640341875,0.9758523461567359,0.02429276187521523,0.3217021316373052,0.0005901382795259106,7.447900432060078,12.48654071026661,8.771964881338663e-09,0.13911960132890366,89.88033831087267,1713.6686885814356,0.009595791805094131,0.8910952159518599,21.240862388795698
UIEB_624.png,114.74799309664694,38.48253476153223,1480.9054816725363,7.061745552989038,205.0,38.48253476153223,77.99758911132812,130.46514892578125,130.21688842773438,102.52688598632812,0.29920583963394165,179.7249852071006,158.92771696252464,246.41992077525657,0.9167437106265787,0.04671312433460955,0.507605856040397,0.002182115985100691,5.216653001550909,10.770586355971549,3.306361688290697e-08,0.07365877712031559,54.7134951402195,1623.193233145334,0.006474358974358974,0.6705073752417218,13.415780229819795
UIEB_625.png,123.40075858250277,68.351390773612,4671.9126206870105,7.831120610631354,242.0,68.351390773612,122.84746551513672,123.7278823852539,123.16819763183594,41.03720474243164,0.49756747484207153,66.840642303433,140.3176965669989,345.00908490895677,0.9630701876993394,0.019451332600254983,0.2940300675530103,0.00037835433992574225,9.338936988003262,12.806887398224067,5.540398420154454e-09,0.1510299003322259,96.91304459825284,2126.994601273686,0.01119047619047619,0.9006014085263149,23.20481861307607
UIEB_626.png,119.35419484702093,59.991095931804,3598.9315910989103,7.540787253074939,235.0,59.991095931804,104.77417755126953,125.58194732666016,125.53962707519531,94.6324234008789,0.4172249138355255,139.79245974235104,158.57048711755235,203.82854274031598,0.9716563245598624,0.03867724478011985,0.44802584309795507,0.0014959292637813082,5.846172767817538,11.569314667264068,2.2593238444806027e-08,0.095426731078905,61.04331628045932,1306.1754620294523,0.007512077294685991,0.810475572576801,20.08588053573179
UIEB_627.png,123.0815251572327,58.77539207174651,3454.546713187522,7.7727497235120175,239.0,58.77539207174651,119.77362823486328,124.48576354980469,124.53054809570312,74.13379669189453,0.4809870719909668,118.15799266247379,154.96017295597485,607.8389349124852,0.912020781647937,0.013538233704287961,0.18590583465593996,0.00018328377183191854,13.60104366816812,13.49299094804343,2.5638577693087546e-09,0.21955974842767295,122.80792998965268,4726.122033064356,0.014575471698113207,0.904700983666581,22.219354161318762
UIEB_628.png,122.40333333333334,52.52807901670482,2759.199085185185,7.45495990764848,203.0,52.52807901670482,100.51818084716797,131.76507568359375,131.61953735351562,81.48513793945312,0.3816402852535248,152.40875925925926,156.35557777777777,251.63853459469485,0.9543789673224653,0.029730423755509376,0.38784686249593286,0.0008838980966821562,6.879610461880913,11.875645048140719,1.3254383966364382e-08,0.13526666666666667,83.63177061602535,1834.3816848869137,0.009911111111111112,0.6863546794135379,13.876231498160315
UIEB_629.png,126.39142962962963,57.87340159757916,3349.330612474678,7.675478332088311,233.0,57.87340159757916,115.38201141357422,131.11976623535156,130.89129638671875,72.0748519897461,0.4403707981109619,132.02749259259258,156.82971111111112,322.8330736412539,0.9517604984297425,0.034515502968819216,0.42774138136084844,0.001191319945190568,7.476019291411612,11.993820537470969,1.7945269105958067e-08,0.12465185185185185,85.7156090751729,1983.3141769674075,0.010766666666666667,0.755147249003144,12.414427120106895
UIEB_63.png,122.4944171539961,49.25468612511983,2426.0241052840724,7.319460782728826,226.0,49.25468612511983,113.68282318115234,126.2349624633789,126.33427429199219,102.99053955078125,0.45010557770729065,152.1330701754386,168.32572709551656,37.24932782708022,0.9923269474945666,0.05301518658238584,0.6151768977216394,0.0028106100083651834,1.8968553827529313,10.094133701941391,4.265367461094181e-08,0.01816764132553606,25.29217091472787,111.95042445880783,0.0017992202729044833,0.778718468939264,14.20332859107905
UIEB_630.png,114.9688708086785,30.140352200599928,908.4408307762089,6.565607361881403,181.0,30.140352200599928,77.85829162597656,130.9657745361328,129.9070587158203,100.71311950683594,0.29845303297042847,176.60763313609468,158.93763313609466,193.0811213956199,0.8937444523507424,0.07027332132532803,0.6123433996359288,0.004938339690092803,3.788710967984115,9.52596807890296,7.512025300644383e-08,0.048382642998027615,36.310050154358166,1343.349418969705,0.0034566074950690335,0.7083435185866694,11.031022100064503
UIEB_631.png,125.6254,39.917919962082934,1593.4403340992594,6.494267487423313,169.0,39.917919962082934,98.02413177490234,137.3986358642578,137.3937225341797,106.24958038330078,0.3567207455635071,165.45036296296297,168.02266666666668,68.70869968465962,0.9784262501221751,0.08620271953871374,0.7677467232984975,0.0074309088558701395,1.7762715637173065,8.454115661882508,1.1315384013073179e-07,0.02379259259259259,18.41423789148349,321.9134296229904,0.0021333333333333334,0.789824539130506,12.15793205174486
UIEB_632.png,120.27182592592592,59.26967311709029,3512.8941514067355,7.584937130920728,234.0,59.26967311709029,106.6590347290039,126.05348205566406,126.1785659790039,85.58856201171875,0.4228607416152954,139.60105925925927,158.30401481481482,599.2882322389166,0.914731616993242,0.029167527129329553,0.3350693412545334,0.0008507446388401755,12.027122982749026,12.624067698289721,1.2748502346461113e-08,0.17166296296296296,106.26404208349156,4048.3561539351304,0.011996296296296297,0.7905014579565816,18.007914537257687
UIEB_633.png,120.30571851851852,48.64408299332519,2366.246810261509,7.383412107453776,205.0,48.64408299332519,102.64924621582031,127.84406280517578,127.80032348632812,64.99742126464844,0.4015313982963562,121.70362222222222,146.9776037037037,1213.5904322018177,0.7435690493840519,0.01803833435759587,0.19638867123013998,0.00032538150639642357,20.398185865331108,13.354166192614791,4.732097127287653e-09,0.24998148148148147,126.76988899890482,10012.544252401427,0.012962962962962963,0.6445741598336349,14.1235569812414
UIEB_634.png,119.39383703703703,31.53020708867807,994.1539590549246,6.968806212687213,190.0,31.53020708867807,117.75629425048828,120.34563446044922,118.78907012939453,56.1465950012207,0.49242663383483887,87.56503703703704,143.50886666666668,359.2770914487108,0.8191185110717134,0.018540756270966633,0.19530481699854457,0.00034375964309938853,11.319918382489334,12.600289259797822,5.012525238599984e-09,0.2068222222222222,104.84088716809468,2985.531401896173,0.013092592592592593,0.6324017513793682,15.917432530904627
UIEB_635.png,126.83102990033223,49.56654764171807,2456.842645118707,7.608611566931996,229.0,49.56654764171807,124.36031341552734,127.7994155883789,128.30990600585938,97.24063110351562,0.4855751395225525,138.74327796234772,170.28394241417496,158.3264632638007,0.9677698142095508,0.02775525348707271,0.44141310911369036,0.0007703540961316618,5.147155558267102,11.704697536134105,1.1521840012652003e-08,0.0915891472868217,59.52932202053379,846.0851781914353,0.0074418604651162795,0.8299739990597562,18.959053004365554
UIEB_636.png,124.95689629629629,47.05315695155601,2213.999579107764,7.316482215638131,227.0,47.05315695155601,124.25777435302734,125.29417419433594,125.03199768066406,51.0444221496582,0.4963834583759308,69.03347407407408,145.6166888888889,69.96514561305881,0.9842047769146365,0.04466279950941676,0.48601517023126517,0.001994765660018358,3.1759339640140976,10.881353379045196,3.0204877791684845e-08,0.046762962962962965,36.58393561446984,325.55077313962965,0.003674074074074074,0.846212169287461,20.625188221679522
UIEB_637.png,123.97763913298184,62.64399130361504,3924.269646447397,7.818859269263947,239.0,62.64399130361504,121.2833480834961,125.16119384765625,124.95785522460938,41.13731384277344,0.4849024713039398,62.766403046280026,140.2144698301113,159.21835161707708,0.9797272027744593,0.022214904208224303,0.39114980853758785,0.0004935019689805819,5.389468680959185,12.109538915212191,7.297411802949246e-09,0.08214118336262449,57.044068456110374,704.1048485382737,0.007070884592852958,0.7697334514758433,18.085867459199548
UIEB_638.png,120.95177777777778,28.007339656191622,784.4110746172839,6.737850007205142,187.0,28.007339656191622,120.52326202392578,121.23065948486328,120.6399917602539,89.5345230102539,0.4982963502407074,114.51443333333333,156.14523703703705,31.709823780374705,0.9797759133503193,0.042410901621924575,0.45634366355721034,0.0017986845763845645,2.654101279910963,10.360422834567615,2.7212917897370365e-08,0.03171851851851852,29.01531741194464,194.46731620076818,0.0028370370370370372,0.7310673411412075,14.140494571636964
UIEB_639.png,121.5787888888889,28.525238462597024,813.6892293480246,6.653140148760583,165.0,28.525238462597024,121.51182556152344,121.56355285644531,121.84112548828125,39.62884521484375,0.49921730160713196,61.70188518518518,140.51395185185186,30.296980152105363,0.9813791747385356,0.04698848169396633,0.4555119235699753,0.002207917411904209,2.6260916342051566,10.224029968831331,3.345731541201338e-08,0.029377777777777777,26.266447925229134,172.09149940192046,0.0019925925925925927,0.6793859500142773,12.56538429982341
UIEB_64.png,115.65741134751774,54.86083732197015,3009.711471667673,7.580556295529671,218.0,54.86083732197015,99.92950439453125,122.5866470336914,121.21651458740234,86.72715759277344,0.40987780690193176,141.6902659574468,148.75157358156028,132.61944996980785,0.9779659757596345,0.026511419171017032,0.4070689665124954,0.0007028553464613694,4.7547019855788015,11.680280081390574,1.0491890829450524e-08,0.10892287234042553,81.77757476617397,1071.0871057249817,0.0055274822695035464,0.6894913310190453,14.911453120529918
UIEB_640.png,122.14900740740741,27.01339894790109,729.7237227184637,6.441433189933311,157.0,27.01339894790109,121.88420104980469,122.2375717163086,122.38770294189453,39.45553970336914,0.4982486069202423,64.23514814814814,141.29588148148147,15.541687998516043,0.9893522232451628,0.05425953735068424,0.5021012175172433,0.0029440973935102983,1.8760081617510667,9.64070890808214,4.469053046337585e-08,0.011096296296296297,19.13843274775205,86.6888773480247,0.0007925925925925926,0.6529538587945382,12.088632191676359
UIEB_641.png,123.24737520128825,50.83829813755246,2584.53255752267,7.655142044908171,235.0,50.83829813755246,120.99437713623047,124.27814483642578,123.85196685791016,60.77879333496094,0.48762473464012146,99.9079267310789,150.57110305958133,246.03830458171026,0.9524052852086263,0.020770520071988017,0.3365025377640798,0.0004314145040608571,7.62682167541716,12.473662407941276,6.3500322723137985e-09,0.132085346215781,80.01285287929976,1551.6512965869813,0.010978260869565217,0.8354348026905248,18.279475852458976
UIEB_642.png,125.6641626984127,53.12820450665083,2822.6061141005134,7.578265370594003,243.0,53.12820450665083,121.96670532226562,127.24565124511719,127.21490478515625,47.96910095214844,0.47931477427482605,74.57728571428571,146.76509920634922,96.1599848954607,0.9829693103418323,0.029754382663844718,0.42215066102152216,0.0008853232877065031,4.158911678193816,11.567734707865629,1.3276130655578657e-08,0.061198412698412696,45.66578274690676,647.1220879795919,0.003849206349206349,0.8419218355726755,18.498513726933872
UIEB_643.png,123.46696296296297,48.988047495721574,2399.8287974430727,7.562341783567076,216.0,48.988047495721574,118.8699722290039,125.44022369384766,125.3969955444336,47.7676887512207,0.47389286756515503,74.07777037037037,141.39458888888888,116.95104433314783,0.9756249675063201,0.026080021146624686,0.42411052290167883,0.0006801675030083909,4.356579484325728,11.577595078833696,1.0145701811918496e-08,0.07507777777777777,49.10149104634982,645.5665493240604,0.006048148148148148,0.7769021111328939,18.573340304995988
UIEB_644.png,117.08172222222223,58.49822284007138,3422.0420754466486,7.755358084289114,240.0,58.49822284007138,115.44515991210938,118.00145721435547,116.65560150146484,63.02819061279297,0.4919739365577698,82.8805873015873,141.9850515873016,404.5912711662295,0.9408676756248624,0.020654533184173623,0.29213174151379584,0.0004266097410561294,9.745385165752444,12.786135400571586,6.276717407129354e-09,0.15173015873015874,93.4368061126755,1733.5219437232931,0.013265873015873016,0.8301245651834464,18.475998009424444
UIEB_645.png,118.67005685218432,44.15586414731806,1949.7403385964087,7.412123470249012,216.0,44.15586414731806,97.29417419433594,127.79708862304688,127.75048828125,67.49603271484375,0.38072821497917175,121.98150209455416,145.37803111909037,569.7831814244566,0.8537535394264903,0.020390232983607624,0.3055281888597307,0.00041576160112580024,11.790182920067258,12.610041676578494,6.111187928211979e-09,0.1979084380610413,115.66482429010617,3801.678024347612,0.020173548773189706,0.47366307547905295,11.930373586352651
UIEB_646.png,115.70067061143985,33.28856156266334,1108.128330911227,6.880063319957592,188.0,33.28856156266334,68.70764923095703,135.868896484375,135.11045837402344,88.82130432128906,0.2535530626773834,180.7372287968442,155.63809171597634,312.199716490008,0.8591057790838649,0.051816009767831864,0.5426764616419001,0.002684898868260047,5.458678665626142,10.36776263823214,4.073547484127117e-08,0.07521696252465483,55.33286856037717,2182.8818226088215,0.0060798816568047335,0.6799112696846619,12.280898083766914
UIEB_647.png,126.91427854454203,31.45117205382631,989.176223559385,6.934988372165817,214.0,31.45117205382631,126.38043975830078,127.15161895751953,127.08686828613281,67.37533569335938,0.4970940351486206,85.985878293601,153.86171058134673,10.278693263343548,0.9948063637481296,0.04427577663369354,0.5439381945979012,0.001960344396516723,1.5642737896494157,9.924081437868306,2.9679650992648657e-08,0.010656629025512338,18.60622150907513,52.2784253336697,0.000918025930572982,0.8364219901339944,16.400051095091534
UIEB_648.png,126.1271395250212,38.17000607192772,1456.949363530999,7.190336712666573,172.0,38.17000607192772,123.20528411865234,127.39183807373047,127.26305389404297,86.75919342041016,0.48381274938583374,109.68540288379982,160.00927268871925,24.464448805685475,0.991606641136985,0.03939539641412036,0.5565878166301783,0.0015519972586256875,2.007113212436334,10.306515012383361,2.3448768151293755e-08,0.022402459711620016,21.6866695413426,97.93021836819472,0.0017430025445292622,0.7976057911895724,15.925828754067698
UIEB_649.png,126.3902515015015,31.254318217152477,976.8324072190293,6.730210077647662,155.0,31.254318217152477,122.65773010253906,128.0372772216797,127.70891571044922,111.26107025146484,0.4796072840690613,140.93087087087088,172.50826576576577,10.676093037946128,0.9945331097110748,0.05855442912633738,0.6029960687040533,0.003428621170311268,1.455778399434493,9.474236264905828,5.208377656934765e-08,0.011186186186186187,17.17279164213708,150.94960659978673,0.0007132132132132132,0.7982937034493833,16.381390027511685
UIEB_65.png,120.8328550295858,23.74883670845005,564.0072450046246,6.583176395394432,170.0,23.74883670845005,121.2939453125,121.25650024414062,117.43498992919922,45.178890228271484,0.5081619620323181,69.75790927021696,138.84891518737672,41.25748535527654,0.9633755168960949,0.04440128195910394,0.4921321090729257,0.0019714738396118493,2.5493722278748603,9.994789752343477,2.9849472817220296e-08,0.03014792899408284,26.77360679854785,237.19139538451327,0.002046351084812623,0.7973255595453635,14.853809388803523
UIEB_650.png,131.51564012490243,54.44140370771094,2963.866437665962,7.69078976957366,246.0,54.44140370771094,130.7213897705078,131.76808166503906,132.30184936523438,54.92920684814453,0.495025634765625,88.34294301327088,157.36376658860266,370.06883838403587,0.9375385450066025,0.02472134287844722,0.3536154451997522,0.0006111447937137531,8.947609794622577,12.531839864236558,9.092498850269364e-09,0.1403825136612022,87.66156452170168,2345.9999512620807,0.01031615925058548,0.8617232624211044,17.749953537437616
UIEB_651.png,119.12170058139534,48.87265924543523,2388.536821720426,7.350074053013459,224.0,48.87265924543523,71.83692169189453,139.17965698242188,139.89181518554688,85.04244995117188,0.2574140727519989,169.65716569767443,156.97068798449612,353.60743196024384,0.9260150397604161,0.04080085784287866,0.43538394496857946,0.001664710000714793,7.315948091780876,11.50906748351592,2.516862810748738e-08,0.11260174418604652,82.01966604955949,2038.3204309686682,0.01131782945736434,0.6146181625456109,11.831899651414249
UIEB_652.png,118.70358974358975,53.563739159941164,2869.0741527942146,7.6182643238626975,235.0,53.563739159941164,118.18184661865234,118.91136169433594,119.02996063232422,38.26274490356445,0.49668484926223755,62.207840236686394,135.66960552268245,430.6130138001205,0.924939203456317,0.02643718217780968,0.33283221832042886,0.0006989246015026978,10.049619187798204,12.561247576032015,1.0431912421267668e-08,0.16588757396449705,102.3597366161575,2997.464005152325,0.01272189349112426,0.8508384671051586,19.853075606367323
UIEB_653.png,136.57020964360586,54.89046389474941,3012.963026580788,7.423039913198534,239.0,54.89046389474941,130.27377319335938,139.3148956298828,138.95651245117188,63.49174880981445,0.46815362572669983,91.00933438155137,163.39302410901468,884.6756858915803,0.8532207822149703,0.033854233679041744,0.3068542935377402,0.0011461091379951643,14.503039657290453,12.585200753230739,1.7255406935618047e-08,0.17506813417190775,120.47000764301937,7486.916414137731,0.01220125786163522,0.8610948249519991,15.35698019496274
UIEB_654.png,114.6282466010314,62.150277354321396,3862.6569752190753,7.301739885553723,222.0,62.150277354321396,102.54167938232422,118.43241119384766,126.66549682617188,106.18610382080078,0.4183702766895294,167.75647444913267,171.48807313642757,204.26378704310278,0.9735494770257779,0.0552919211959599,0.4961850582374411,0.00305719654954024,5.211526947162289,11.054940788322778,4.641628662838347e-08,0.07162916080637599,55.18140963569933,953.4615006480442,0.006835443037974683,0.5629641947734108,11.385214052975734
UIEB_655.png,118.66496666666667,46.3614963556206,2149.3883443322225,7.451947506710845,215.0,46.3614963556206,116.14253234863281,119.71338653564453,119.87625885009766,41.120323181152344,0.4847560524940491,72.803125,136.53349166666666,169.3860058430718,0.9605495018943835,0.03226134854643451,0.4255857668780745,0.001040794610034532,5.338885642737898,11.583836514405403,1.5648434768249994e-08,0.081325,51.56833844407381,838.0500527603994,0.005529166666666667,0.7940208009628492,20.38742008604809
UIEB_656.png,144.20098006644517,64.78086590251273,4196.560587079337,7.5177963102209375,238.0,64.78086590251273,137.42984008789062,147.03855895996094,147.37655639648438,73.70077514648438,0.4667893648147583,93.98891472868218,172.57169435215945,272.88689898446466,0.9675054848078352,0.037812004771240665,0.43071721661143986,0.0014297477048203268,6.7999545199917915,11.680561711146705,2.1583387996793008e-08,0.1039922480620155,74.88102606270769,1579.855819490311,0.009042081949058693,0.8435511928182775,15.309799622649585
UIEB_657.png,122.11593703703704,30.792961426570486,948.2064734182578,6.941018857189019,176.0,30.792961426570486,121.6765365600586,122.33287811279297,122.1451187133789,23.44116973876953,0.4976993501186371,40.03625185185185,132.33239259259258,69.99918011500648,0.9630988414165912,0.034156450220416204,0.4180942994412488,0.0011666630916597701,4.04160638100538,11.052341711368042,1.7569035378986672e-08,0.08341111111111112,47.796698047317896,336.7569586611797,0.008937037037037037,0.7947301477582823,15.957190697652662
UIEB_658.png,119.07634074074075,43.16538155378562,1863.250164683896,7.378009582714944,198.0,43.16538155378562,117.3725357055664,119.76294708251953,119.99268341064453,28.55047035217285,0.48955070972442627,53.353374074074075,131.71746296296297,91.749449081803,0.9753947792770136,0.023282262812620535,0.33276435371536617,0.000542063761675933,5.069768132071972,11.84791494165988,8.038405954184462e-09,0.10492592592592592,60.5059681695559,412.1481441563649,0.010574074074074074,0.7210143320619395,16.73227553224926
UIEB_659.png,119.23022222222222,43.315977694775874,1876.273923654321,7.332582961556015,196.0,43.315977694775874,117.45336151123047,119.9400634765625,120.23056030273438,27.741464614868164,0.4890413284301758,51.94671481481482,130.88338518518518,37.30832869597477,0.990060979695418,0.026916536718550918,0.3843157425157724,0.0007244999489210998,3.2986978297161937,11.305435140415153,1.0822161252725216e-08,0.05921111111111111,43.69425634046775,170.53143772344308,0.005240740740740741,0.7174320506712086,15.582000043785309
UIEB_66.png,121.04236686390533,21.869423322283495,478.27167644923725,6.3617598544267215,172.0,21.869423322283495,121.15840911865234,121.32585144042969,119.24820709228516,44.077606201171875,0.5036220550537109,70.05944280078896,140.2869181459566,35.32039098695064,0.9631103807012039,0.058378410027946886,0.550886619985765,0.0034080387573910895,1.9807717003684646,9.37909957188737,5.176971387220135e-08,0.016257396449704142,20.26008852773322,171.10407726326014,0.0012130177514792899,0.8331837451254657,15.15285241695822
UIEB_660.png,119.3154074074074,38.11520878061112,1452.7691403895749,7.2081005761650685,201.0,38.11520878061112,117.82295227050781,119.90438842773438,120.18376922607422,24.2144832611084,0.49074870347976685,44.01716296296296,129.61658888888888,48.74877388239659,0.9832077600299216,0.024547069570964555,0.32090137817497444,0.0006025586245217739,3.985442404006678,11.489251586738964,8.961484305714019e-09,0.06401111111111112,44.89773087944801,130.18231421562413,0.0054444444444444445,0.7071953508683327,14.769493346798804
UIEB_661.png,121.46222962962963,46.454908874997344,2158.058558584307,7.410998964365269,207.0,46.454908874997344,120.65877532958984,121.74864959716797,122.08414459228516,25.474782943725586,0.4948422908782959,44.79774444444445,132.35333333333332,43.577584863661656,0.9899074432629825,0.02969538286587267,0.45488961904862457,0.0008818157635507643,3.0563976998701543,11.094052352403619,1.3222610084354618e-08,0.051366666666666665,36.083112781897135,162.45013551592595,0.0053407407407407405,0.7447577033747633,15.216437688197262
UIEB_662.png,118.78255925925926,39.22472336713122,1538.5789232279699,7.031307212991576,216.0,39.22472336713122,117.66497802734375,119.27396392822266,119.21570587158203,29.722126007080078,0.4933755695819855,47.310751851851855,130.36181851851853,39.21323316638842,0.9872618381181107,0.047908227584215174,0.49485962363715513,0.0022951982702609556,2.7449193099610465,10.50118085873796,3.478911561887292e-08,0.06317777777777778,42.73784956363342,377.06640485135796,0.00552962962962963,0.7131573067025673,13.460228967103196
UIEB_663.png,117.7007074074074,42.16953022621398,1778.2692794995746,7.2541936556297655,183.0,42.16953022621398,96.23112487792969,127.0476303100586,125.87989807128906,88.31230926513672,0.3804691731929779,142.97145185185184,151.4676814814815,110.53838248933405,0.968928842922639,0.029972570644305814,0.43144777830952913,0.0008983549910279026,4.355381190873678,11.22753671258224,1.3474978667684976e-08,0.07013703703703704,49.879904111665695,413.88458279286687,0.007737037037037037,0.7208133078521328,14.254593452503364
UIEB_664.png,120.49517407407407,34.03841064051994,1158.613398932661,7.091739058882637,181.0,34.03841064051994,108.09356689453125,126.06364440917969,124.38118743896484,103.74999237060547,0.43160632252693176,134.65712222222223,160.69444074074073,630.5449860879245,0.7278493480892783,0.031242099150381102,0.3926274617230791,0.0009760687593222436,11.23284362826934,11.846740681850276,1.4660796665340323e-08,0.15352962962962963,97.67632725240091,5484.466199998024,0.01211111111111111,0.45708021380522584,9.691703082062535
UIEB_665.png,124.43895304080061,47.534124924249866,2259.493032314192,7.470355299088432,245.0,47.534124924249866,121.15473175048828,125.90589904785156,125.54617309570312,61.152740478515625,0.48182037472724915,97.44838337182448,152.75804080061585,384.33018464183965,0.9149348390073336,0.043882047070600914,0.46039573369267117,0.0019256340551064342,8.205966834639721,11.684432597878494,2.9150013214781708e-08,0.12215165511932255,78.64198291410834,3099.3969095850807,0.008706697459584295,0.7537610594329806,14.978770342416702
UIEB_666.png,124.05430913348947,45.219257171434016,2044.7812191362864,7.447437729156115,239.0,45.219257171434016,107.51592254638672,131.00563049316406,131.6358184814453,112.33412170410156,0.40936386585235596,166.34591725214676,174.83709601873537,272.8855586789848,0.9332639537777597,0.03550271644694594,0.47401078245204714,0.001260442875112246,6.263030108729224,11.441749947005626,1.900000131301492e-08,0.0901288056206089,62.68067596908055,1609.6459239314038,0.00788056206088993,0.713809496756373,15.117507339186375
UIEB_667.png,125.63000393081761,58.821132448830646,3459.9256225628774,7.789441844579271,244.0,58.821132448830646,120.38489532470703,127.9115982055664,127.6371841430664,66.35730743408203,0.4710838198661804,102.45468553459119,153.47272405660377,433.63345355466663,0.9373678335401389,0.015051874710345418,0.23577809378690395,0.00022655893229593595,10.38316218855325,13.085342341870014,3.2241843144750367e-09,0.14444575471698112,100.91822910139918,2661.826231545182,0.011702044025157232,0.7796231190817972,15.229102415529692
UIEB_668.png,124.2425,56.33000876574093,3173.0698875484495,7.761701112870509,240.0,56.33000876574093,125.2215805053711,125.0219497680664,117.66082000732422,54.65364074707031,0.5159887671470642,93.44975968992249,145.97236434108527,278.89962728578644,0.9560327448535137,0.014374882375850379,0.22306315330656162,0.00020663724331953384,8.973121869782972,13.017530836826207,2.920203464615384e-09,0.14864728682170542,89.82172399480122,1164.5324501049215,0.01398062015503876,0.7361601937645227,16.10740522374543
UIEB_669.png,134.5825644028103,43.25097371419002,1870.6467272255557,7.340540588831702,248.0,43.25097371419002,134.32479858398438,134.65530395507812,134.9271240234375,31.458045959472656,0.49826985597610474,53.83201014832162,149.32194769711163,88.26038714015942,0.9763828467172543,0.03732631894312869,0.46893387531823955,0.0013932540858441677,3.6873790431359055,11.023919858350729,2.102653956270855e-08,0.07137002341920375,47.851393376959564,579.6498569981858,0.0057338017174082745,0.7950825665741986,15.733984338165865
UIEB_67.png,130.69773668639053,59.51852721348556,3542.4550816624214,7.711552815728977,233.0,59.51852721348556,130.6373748779297,130.77227783203125,130.47021484375,7.898928165435791,0.5000617504119873,15.667795857988166,134.0717455621302,168.1340103328032,0.9762558391107222,0.017973040128109127,0.2712215780620708,0.0003230301714466209,6.977516768578795,12.580179306863855,4.696218603273329e-09,0.14711045364891517,85.32251133007071,856.7940799629641,0.01143491124260355,0.8896433752232628,20.2527328007234
UIEB_670.png,129.98479299363058,51.89618553822497,2693.21407341787,7.554647297100343,242.0,51.89618553822497,122.85222625732422,133.06268310546875,132.83279418945312,71.21360778808594,0.4620320200920105,112.85500530785562,162.6438694267516,154.53537743372712,0.9712988620368721,0.035538135529510594,0.48104460388197184,0.0012629590769138632,4.1825920057845885,11.236429578621353,1.9038395505544486e-08,0.06604033970276009,51.29064037004386,1225.6158021616552,0.004570063694267516,0.8547029935461774,15.937793795176791
UIEB_671.png,129.35068840579711,53.8210402418469,2896.7043727145033,7.6560381103288595,234.0,53.8210402418469,125.07266235351562,131.2577667236328,130.75704956054688,64.9249267578125,0.47734954953193665,101.80481078904992,157.51346215780998,446.7775922834353,0.9228299198195415,0.02338739782032686,0.3567764721744957,0.0005469703768062295,9.302436427862862,12.392817464781878,8.113274959468532e-09,0.14537842190016104,90.93638784757015,3165.445384538729,0.011489533011272141,0.8185487781286401,15.023836589562285
UIEB_672.png,121.22444444444444,64.00812491238034,4097.040054798885,7.805049051321971,241.0,64.00812491238034,117.29459381103516,122.89698791503906,122.90740966796875,54.37375259399414,0.4771867096424103,94.10575716845878,143.5626164874552,1418.835487461181,0.826841250524452,0.012987488038740582,0.1821682599609615,0.0001686748455564297,21.330918915037607,13.908084705573227,2.3409432448414566e-09,0.24150985663082436,160.52344341886752,11937.904365697303,0.015094086021505377,0.8383397156674554,18.560722573315598
UIEB_673.png,124.38674768518518,55.5071081630924,3081.0390566292385,7.735112688592719,237.0,55.5071081630924,123.95873260498047,124.56336212158203,124.58792877197266,41.498817443847656,0.4975239336490631,66.89898533950617,142.31404706790124,302.33788180918816,0.950914351260986,0.015939279560488052,0.26563447944315177,0.0002540606329073922,8.927027298584061,12.90842546840802,3.6438269629652733e-09,0.15961033950617284,108.01449423747174,1440.5950671751161,0.015952932098765433,0.8240952740573011,18.40630052070989
UIEB_674.png,126.25663966049383,52.087997682738845,2713.1595025970073,7.686831436433263,245.0,52.087997682738845,125.33733367919922,126.67159271240234,126.53290557861328,40.571144104003906,0.4950043857097626,64.25292438271605,143.28738425925926,144.0207212638348,0.9734551157981417,0.023509852758980217,0.36681988573556423,0.0005527131767489298,5.136817535398504,12.008419051651945,8.200903132422329e-09,0.07653549382716049,57.190389954289316,679.5083593448592,0.0052199074074074075,0.8181271427893096,17.544066865536276
UIEB_675.png,118.54072916666667,41.22430208992809,1699.4430828016496,7.316779430262371,209.0,41.22430208992809,109.67738342285156,122.44108581542969,121.69815063476562,64.47826385498047,0.44924113154411316,96.47724583333333,142.5738125,124.63298831385644,0.9632523270547495,0.03158930465178098,0.4518515365460549,0.0009978841683830316,4.284290484140235,11.213895440615724,1.4993673390511038e-08,0.058445833333333336,39.97354621940341,635.9276102123437,0.0040375,0.7552273674385397,14.133659903452784
UIEB_676.png,124.00940586419753,54.264318709318644,2944.616284986509,7.688283964080758,232.0,54.264318709318644,123.01362609863281,124.66535186767578,123.24114990234375,58.721004486083984,0.4962097704410553,104.08942515432099,152.01791280864197,298.8805841526,0.9492354362989818,0.019716605446358677,0.33762613153445714,0.00038874453032738065,7.732126847214493,12.458908295457839,5.6989401438122666e-09,0.1268402777777778,85.02027627014994,1821.5737574402572,0.010339506172839507,0.8226776000207369,18.49256199959352
UIEB_677.png,125.30485339506173,57.39776401923266,3294.503314407519,7.746568617370089,237.0,57.39776401923266,124.2164535522461,125.76478576660156,125.80362701416016,53.53287124633789,0.4937680661678314,87.01561342592592,149.1038850308642,512.5810069251222,0.9221525455307209,0.015874310911695142,0.25323361727913635,0.0002519937469211635,11.402298584059853,13.141693163618793,3.612288785685172e-09,0.17973765432098765,125.07907632570362,3293.759188961703,0.01574074074074074,0.8321603440056388,18.962039619612014
UIEB_678.png,125.35941358024691,53.253641308544104,2835.950312619075,7.67053902579608,234.0,53.253641308544104,123.27852630615234,126.26814270019531,126.1236572265625,59.15694808959961,0.4884410798549652,92.36239969135802,152.03394675925927,490.12372472639584,0.9135781845564107,0.018204993960650142,0.2810199617041102,0.0003314218051073081,10.967747171211279,12.962294468268253,4.824264771191531e-09,0.17630015432098767,116.8769760288963,3152.8452136623937,0.015752314814814816,0.844625501169434,19.093078440404657
UIEB_679.png,123.04956666666666,20.10560744053666,404.235450552963,5.906858178513944,182.0,20.10560744053666,123.32880401611328,122.9718246459961,122.7082290649414,44.40824508666992,0.501989483833313,64.23452962962963,140.9481925925926,22.685902429975886,0.9718359167744528,0.07785955000685216,0.5536491982820768,0.0060621095272695115,1.855763309219069,8.875303320847571,9.226761990672318e-08,0.020055555555555556,20.492645510042532,88.72428686617285,0.0019037037037037037,0.6408131442168988,11.951486038635784
UIEB_68.png,126.08461045364892,58.70550264897127,3446.3360412683724,7.660739031913126,227.0,58.70550264897127,125.93577575683594,126.16461181640625,126.03761291503906,17.070083618164062,0.49934443831443787,24.190300788954634,132.30723372781065,222.31968468156987,0.9677484167730568,0.021439070152167457,0.3147495266331607,0.00045963372898955756,7.640228783672986,12.449206012318093,6.78062347300808e-09,0.1591025641025641,97.88214202472162,1323.6220266270002,0.012825443786982249,0.8282863443600977,17.366056233029088
UIEB_680.png,120.88082592592593,31.049449827285276,964.0683345771056,6.948741639637356,190.0,31.049449827285276,123.43385314941406,119.9040298461914,119.2112808227539,80.03067779541016,0.5162105560302734,113.3089,156.4521851851852,193.22808013355592,0.8997484237709552,0.031622846130000805,0.35099800812655074,0.0010000043973617068,6.5065664997217585,11.5631962327341,1.5026025517260846e-08,0.08761111111111111,50.65173909060328,1355.4255366989162,0.0046518518518518515,0.7108429704260057,15.750103038652961
UIEB_681.png,126.20648322851153,44.50496298733924,1980.6917305044356,7.433817170269079,236.0,44.50496298733924,115.18067169189453,130.86968994140625,131.1102752685547,101.44338989257812,0.43965446949005127,140.4729612159329,169.66392557651992,459.37937967891975,0.8839711409018413,0.02454179731462672,0.3056266601274358,0.0006022998154322193,10.020962610640375,12.461892389973102,8.957535192409045e-09,0.14373165618448638,88.77669127635997,3500.6061993668663,0.010560796645702307,0.8202811957014986,16.715131800207455
UIEB_682.png,121.13169047619047,52.60955665341873,2767.7654512692748,7.703949551727206,241.0,52.60955665341873,120.19194030761719,121.58486938476562,121.25997924804688,35.564937591552734,0.49493303894996643,64.47534920634921,136.34799603174602,166.45498052309404,0.9699150797655243,0.01795582795322997,0.2860404189042287,0.0003224117574859948,6.238301931791081,12.42373721266707,4.6867823550948305e-09,0.1081468253968254,69.70561476012794,794.9739339655928,0.00825,0.8188267232197655,18.23087349833355
UIEB_683.png,123.46100887812752,67.83827862708098,4602.032047085473,7.883405173280827,244.0,67.83827862708098,118.85562896728516,125.41114044189453,125.50621795654297,48.22713851928711,0.4736843705177307,85.82709039548023,143.3736844229217,572.404972775449,0.9377953617137542,0.01474473138466968,0.2229840998539127,0.00021740710360606307,12.82269884836309,13.400740267386016,3.084538490960129e-09,0.20033091202582728,134.66758542441318,3898.7909336778007,0.015924132364810332,0.7509398771887942,16.318658620295178
UIEB_684.png,127.4390031152648,59.4725572379966,3536.9850644267817,7.758045370814206,242.0,59.4725572379966,126.0987548828125,128.05470275878906,127.76710510253906,53.94615173339844,0.49291637539863586,87.45151609553479,151.35434579439251,416.89837163704823,0.9410798754578287,0.024831649027291847,0.3882546278304365,0.0006166107934146042,8.952324486813433,12.387959133553123,9.17590338672034e-09,0.1261889927310488,84.5514254941218,2726.27939317874,0.008655244029075805,0.7018158641541716,12.906531879967725
UIEB_685.png,120.30981146304676,55.852867790175075,3119.5428403867763,7.620212424311279,234.0,55.852867790175075,116.83860778808594,121.69329071044922,122.29769134521484,47.948875427246094,0.478864461183548,90.07992835595776,143.58256033182505,197.71933614848277,0.9683110282602977,0.03133367193086732,0.4252208618189963,0.0009817989966712226,5.9730848548485795,11.832379463318656,1.4748233148326455e-08,0.09745098039215687,63.93211728463049,1092.8911127631698,0.006338612368024132,0.8622229155191113,19.25177681071978
UIEB_686.png,127.44716510903427,36.78594916304759,1353.2060558263215,7.146652668767268,206.0,36.78594916304759,122.60020446777344,129.5717315673828,129.21786499023438,80.8893814086914,0.4737446904182434,105.71767912772586,159.56857217030114,100.50887512416854,0.9628286724173426,0.03429537337501822,0.4146342116497511,0.0011761726349319088,3.911711627374805,11.047801195376152,1.7714139493856932e-08,0.04820353063343717,42.58593114295051,525.4619813717894,0.005088265835929387,0.8124484539065634,15.588073201952774
UIEB_687.png,124.22466770508827,56.7934613795558,3225.497255471096,7.787476495631834,244.0,56.7934613795558,123.88301086425781,124.46870422363281,123.86114501953125,44.01850128173828,0.4988647699356079,74.5547611630322,142.86942886812045,320.74621253491017,0.9502509358205388,0.01254048473083803,0.17856126344576395,0.00015726375728438178,10.061821623786269,13.255843222608533,2.16682385592471e-09,0.18648494288681206,110.30534528267262,1949.2442895054448,0.01377466251298027,0.8396257478605403,19.146518004073346
UIEB_688.png,120.62036296296296,39.4178155080138,1553.7641794238134,7.206546274239695,196.0,39.4178155080138,116.02102661132812,122.559814453125,122.6854476928711,55.21430587768555,0.4730816185474396,92.18192222222223,143.81543333333335,139.9800296790948,0.9548921723011544,0.031824900571623786,0.4170728807695896,0.00101282429639374,4.956642552402151,11.302991797924172,1.522164165239319e-08,0.08275925925925925,48.60258384505375,1124.612673765432,0.005544444444444445,0.7189281244746318,16.204119724135076
UIEB_689.png,131.45461352657006,61.66180540680074,3802.178246026161,7.717087737795611,242.0,61.66180540680074,131.3099365234375,131.5849609375,131.19357299804688,40.640159606933594,0.49969810247421265,67.90992753623189,149.86434782608697,447.19509569088575,0.9411597383373301,0.028599565162621927,0.3796286392350718,0.0008179351274910577,9.730698507173791,12.390133321068776,1.2247868933541222e-08,0.14604669887278582,95.8298120462515,2806.6436068659714,0.011392914653784218,0.915401109735169,22.137835954147043
UIEB_69.png,124.80216666666666,37.10996550456494,1377.1495397499998,7.173599293655297,205.0,37.10996550456494,124.29335021972656,125.03060913085938,124.96342468261719,34.84881591796875,0.49718526005744934,55.92648888888889,140.31457407407407,91.97954368391763,0.9666059506364861,0.028988386750308938,0.3474997396452706,0.0008403265663854868,4.772391022073828,11.498605031971085,1.2589535176437174e-08,0.08418148148148148,51.92109534447965,359.0096813155007,0.006948148148148148,0.7874946528779678,15.859435610783802
UIEB_690.png,123.62815555555555,35.03873938421675,1227.7132576350618,7.032922301197863,220.0,35.03873938421675,121.2273941040039,124.70279693603516,124.37287139892578,56.910545349121094,0.4867090880870819,84.71267407407407,147.68183703703704,213.98206269708777,0.9128971760723551,0.04728616799858766,0.46789000134579883,0.002235981683990656,5.795025041736228,11.041271474100284,3.388554221997306e-08,0.10481851851851852,61.97161171009114,1190.2683513618517,0.009125925925925926,0.6819291905764185,13.775228450615613
UIEB_691.png,124.08731450719823,63.18574606463818,3992.4385057449394,7.884224209552481,249.0,63.18574606463818,123.3128890991211,124.42449951171875,124.40283203125,26.603803634643555,0.4955761432647705,51.07343853820598,135.35333333333332,169.53137288615022,0.9787677413835925,0.017541388122437433,0.27521749871046475,0.00030770029726198906,6.790581201226852,12.641688210259007,4.462303286735367e-09,0.14230897009966778,93.39899347038109,713.8619044674514,0.013388704318936876,0.9180472132188183,23.62083661080834
UIEB_692.png,127.70125097125097,38.83047573933287,1507.8058461429187,7.246785166534124,217.0,38.83047573933287,127.64954376220703,127.74514770507812,127.59132385253906,39.42485809326172,0.4999268054962158,56.16372183372184,145.1267094017094,48.80046386557237,0.9837998786862897,0.034898122748442555,0.4670520511397105,0.0012178789713653637,3.0500795809643884,10.9323151991532,1.8350527684064706e-08,0.04907925407925408,36.445726306609096,205.49556331825818,0.004479409479409479,0.7838250124589852,18.635481043690362
UIEB_693.png,122.70785714285714,36.15436432915348,1307.1380600451655,7.140000899422619,207.0,36.15436432915348,122.25163269042969,122.9193115234375,122.8030776977539,25.106040954589844,0.497519314289093,42.29088212334114,133.09903590944575,26.59351847145711,0.9898193652378198,0.02883168651844293,0.3638913225690611,0.0008312661474977638,2.962697391827909,11.018128071840824,1.2451284155811525e-08,0.036046057767369244,36.653508663027736,79.30458207574708,0.003637782982045277,0.7199759298281995,19.02137746816008
UIEB_694.png,124.17797067901235,59.00304534842273,3481.359360388029,7.758067873825451,246.0,59.00304534842273,123.50870513916016,124.50927734375,124.24325561523438,44.3720817565918,0.49651235342025757,67.3462538580247,141.40805555555556,180.43341526000125,0.9740771419063206,0.023429509649700662,0.3184746605771549,0.0005489419224254165,6.807310022877636,12.441602499582437,8.143358358198799e-09,0.14040895061728395,92.26612480784465,911.5751119468825,0.01160108024691358,0.9203326616952833,24.15120552482646
UIEB_695.png,128.0997037037037,29.606878453563127,876.5672517640604,6.81081222296865,208.0,29.606878453563127,126.23614501953125,128.8656005859375,129.0169677734375,50.76327896118164,0.489510178565979,73.98851111111111,150.14985185185185,60.97132628454832,0.9651897251130976,0.043142010090792285,0.46512268179594374,0.0018612330346740233,3.44004822852903,10.536130763422047,2.8167331628593797e-08,0.06165925925925926,39.35719411395029,269.47492678978045,0.005918518518518518,0.6647290545312734,12.289644972704481
UIEB_696.png,117.89511188271605,50.20166328089178,2520.206996168038,7.594632637364468,236.0,50.20166328089178,112.08171081542969,120.43093872070312,120.09200286865234,70.41432189941406,0.4659917652606964,105.31150077160494,146.48573302469137,83.86431475298338,0.9833532645498805,0.02112815041953325,0.3140933447556282,0.0004463987401504231,4.657697242317442,11.961020851257791,6.578673570067185e-09,0.08932098765432099,61.131503637566304,482.0854511488192,0.008036265432098766,0.7595103890394431,16.748662187366417
UIEB_697.png,119.61591053048298,62.50130514094382,3906.41314432137,7.799803049783671,240.0,62.50130514094382,119.02954864501953,119.990966796875,119.23381042480469,47.994449615478516,0.4975636303424835,59.70307600950119,136.2288004750594,148.4003267520293,0.9809918013027492,0.02084806920720252,0.3280260099880708,0.0004346419896683059,5.414447674072782,12.188827410749358,6.399279794400113e-09,0.08663499604117181,64.78303822802059,518.3591141048378,0.006306413301662708,0.8140291156700036,17.563398707574564
UIEB_698.png,124.74897745571658,51.40802778764805,2642.7853210155945,7.653940313874263,238.0,51.40802778764805,123.70800018310547,125.30648803710938,124.6204833984375,70.5224380493164,0.49497658014297485,122.10829307568439,160.3686272141707,835.6830667860281,0.8418972800498777,0.023606523139956967,0.3342284331793634,0.0005572679347573237,14.43267361867202,12.942724836192825,8.270403224103146e-09,0.18158212560386475,126.58604235030423,5310.931104389574,0.015289855072463767,0.8472667927946974,18.545754696605098
UIEB_699.png,122.62017515923567,40.160124374536444,1612.8355897782362,7.332154215581038,239.0,40.160124374536444,121.6238784790039,123.19645690917969,122.25330352783203,57.5829963684082,0.4955143332481384,95.5198407643312,148.29539278131634,117.05511308656676,0.9636684134135193,0.028198198731655102,0.3762005448340293,0.0007951384117099154,4.997022638580224,11.654773211915776,1.1900018656119013e-08,0.09504246284501061,55.986388886376304,816.481691554734,0.007606157112526539,0.6613571364818124,13.098683031945935
UIEB_7.png,117.26050937245314,53.09472063968073,2819.049359805739,7.548651598695647,226.0,53.09472063968073,114.28720092773438,118.46292114257812,118.8262939453125,55.78895568847656,0.48163673281669617,98.52029339853301,142.08152404237978,282.4128355735517,0.9498952004711045,0.0226361774283162,0.3045511838375812,0.0005123965285662118,8.5292725038879,12.505796692259842,7.585719902095211e-09,0.1487082314588427,95.25829713576495,959.4200689283301,0.01664629176854116,0.8170689118669628,16.591444303997733
UIEB_70.png,130.76936390532543,41.42312331604334,1715.875145256133,7.337384694972034,227.0,41.42312331604334,130.7611846923828,130.83216857910156,130.4669952392578,14.06711196899414,0.5004271268844604,20.883944773175543,136.4606755424063,102.00482559690214,0.9702853360652319,0.022704907894807846,0.30929621325759865,0.0005155128425117076,4.722659066886625,11.742343136057066,7.63327107924206e-09,0.08545857988165681,59.86318706530971,366.82831816052095,0.008017751479289941,0.7753764804942155,20.078163255221003
UIEB_700.png,132.9077712724434,53.59847458882585,2872.7964782490108,7.599597791605754,241.0,53.59847458882585,132.58322143554688,133.0734405517578,132.90234375,56.01839065551758,0.49847856163978577,88.11220530835286,158.84886026541764,297.87784871741735,0.9481912294006251,0.02575645520961276,0.3620314090472605,0.0006633949849647882,8.108498551449918,12.263347711059275,9.889773497044193e-09,0.10807572209211554,63.216777404101244,2487.474578791086,0.005452771272443403,0.8169784922401752,15.674247454550938
UIEB_701.png,118.57429487179488,54.595418732199626,2980.659746544214,7.655612078743116,224.0,54.595418732199626,120.09061431884766,118.43184661865234,115.328857421875,49.787925720214844,0.5137330889701843,84.2757100591716,139.53688362919132,100.8539429621361,0.9830925675746182,0.02336773213829788,0.39324304523289977,0.0005460509052872396,4.276106133496656,11.70496752518738,8.099244937511283e-09,0.08319033530571993,60.580944210059386,435.32311803352667,0.006957593688362919,0.6925951121441921,14.890030615445426
UIEB_702.png,142.10713560334528,67.20746077786761,4516.842784208613,7.613263266505102,246.0,67.20746077786761,141.46023559570312,142.33612060546875,142.7703399658203,44.30899429321289,0.4961663782596588,72.12545698924731,162.30641278375148,397.95096068118306,0.9559634009820736,0.056601160458972524,0.34680875332990024,0.0032036913653023546,8.31906522818796,12.152846387087953,4.86516201208474e-08,0.09858124253285544,75.04845435546038,2934.61086941843,0.005973715651135006,0.8824258792958517,18.05916776531253
UIEB_703.png,117.20632945736435,62.13953021206975,3861.321214976729,7.786547167939367,240.0,62.13953021206975,117.72404479980469,117.0781021118164,116.5069580078125,31.6589412689209,0.5039879083633423,48.48952713178294,129.3348488372093,212.70094731529292,0.9724482892207492,0.017143079118217518,0.24495261381937888,0.0002938851616534655,7.792006056605971,12.770817708593828,4.2515010466150756e-09,0.13662403100775194,79.80275132436738,959.6638403760442,0.011395348837209301,0.8094689773152698,18.627896389319606
UIEB_704.png,122.59369822485208,51.05373737863936,2606.484100327078,7.575179552074619,231.0,51.05373737863936,122.635009765625,123.00869750976562,120.34223175048828,130.66531372070312,0.5039430856704712,170.15917159763313,180.71537968441814,182.4355286424119,0.9650142273606159,0.03443606425922748,0.4565151107445932,0.0011858425216656444,4.73761002064585,11.421072527394681,1.7861690255785287e-08,0.07009368836291913,59.884405205117986,738.5488811190668,0.004881656804733727,0.7767646100465743,16.09658936579375
UIEB_705.png,132.6647723765432,51.402198604342054,2642.186021360224,7.629495811703845,241.0,51.402198604342054,130.55828857421875,133.59559631347656,133.41151428222656,33.044551849365234,0.4889693260192871,60.28762345679012,147.34275077160493,57.62768966796513,0.9890651621816787,0.02887055999202536,0.49069475781182303,0.0008335092342531354,3.2503632597539105,11.24632683078137,1.2485510943460627e-08,0.05177469135802469,35.97220304785492,438.2825354184378,0.003140432098765432,0.8734335337696493,18.553374352326085
UIEB_706.png,126.41757716049382,46.999956950928244,2208.995953389108,7.554800955640066,245.0,46.999956950928244,125.0724868774414,127.04676818847656,126.71299743652344,58.10845184326172,0.4928775429725647,88.79081790123456,151.71153163580246,184.21654145798556,0.9583084708199755,0.02519345115557253,0.36542085184159756,0.0006347099811282188,6.019909726086688,12.02101304898255,9.452075074244976e-09,0.1165162037037037,69.72498379942965,1246.2921438147766,0.008834876543209877,0.8573176868321427,19.780745831523873
UIEB_707.png,126.14110549943884,64.24870198316835,4127.895706521979,7.8308463874891485,241.0,64.24870198316835,123.2853012084961,127.3813247680664,127.24554443359375,40.881839752197266,0.4841802716255188,82.37918069584737,144.00835016835018,1487.1145961563325,0.8197470453048635,0.010651488693095438,0.13122562822180955,0.00011345421137913996,23.535297324946747,14.208696701202076,1.4983432360327138e-09,0.2713299663299663,178.20301766954003,8021.784601472513,0.02079124579124579,0.8763420317518955,19.791311451353852
UIEB_708.png,124.51117982456141,61.272984677811415,3754.378651327312,7.831665730467065,246.0,61.272984677811415,124.47834777832031,124.7311782836914,123.46630096435547,41.630775451660156,0.5015294551849365,79.31882236842105,142.5140592105263,740.9894605043493,0.9012997195201479,0.010652744695313176,0.14361238389469955,0.000113480969543523,16.855043493541867,13.952204918488475,1.4987515332187345e-09,0.2518706140350877,161.10560520269559,2991.333510798317,0.02562280701754386,0.6059312662500895,11.392085803175627
UIEB_709.png,128.8453587962963,64.3125056394385,4136.098381622808,7.843880480441855,244.0,64.3125056394385,128.8970489501953,128.8480682373047,128.70623779296875,20.241870880126953,0.5004655122756958,40.430790895061726,136.8192862654321,649.300867958944,0.9214660802307176,0.011045443091187046,0.1439721015700678,0.00012200181308065165,15.487931274346131,13.854135543039083,1.6287692873863474e-09,0.24274691358024691,133.52300883867508,4054.249516407321,0.017114197530864197,0.7703338205717983,15.500520480149692
UIEB_71.png,124.22484220907297,44.10990563773153,1945.6837753695797,7.392176121188507,211.0,44.10990563773153,124.22118377685547,124.22623443603516,124.21334075927734,18.30954933166504,0.5000056028366089,27.59344181459566,131.87347633136093,83.60218213788266,0.9785096399803934,0.021635339568295584,0.2981788253553487,0.00046808791823545654,4.84082445100809,11.86486647307763,6.909624163405708e-09,0.0852465483234714,57.09633630860838,283.5671041815957,0.008451676528599605,0.7577974878141905,14.485713410846925
UIEB_710.png,119.50825936883629,37.57369288832362,1411.7823972660613,7.215390969262359,193.0,37.57369288832362,110.33496856689453,123.83210754394531,121.30839538574219,100.96016693115234,0.4500886797904968,144.87356015779093,162.03588264299802,792.0168969979551,0.7194565982998086,0.026313554916071177,0.33631638328776425,0.0006924031723210936,12.503358654957474,12.21432713324476,1.0332403308999535e-08,0.16507889546351084,114.78742700308521,6314.755243000142,0.013574950690335305,0.5560281370584682,10.470168009025533
UIEB_711.png,129.49347980997624,65.15415362207702,4245.063734209212,7.867479089478719,247.0,65.15415362207702,129.5066680908203,129.52223205566406,129.31622314453125,13.547436714172363,0.5003378391265869,28.684651623119557,135.26549089469518,224.967360486004,0.9735019128220364,0.013536733164431772,0.2025845490994216,0.00018324314476502704,8.78286455255989,13.134375776883811,2.563237849464829e-09,0.17872129849564528,102.21199712802319,1190.7903615260202,0.014912905779889152,0.7611247760426396,15.687114259109014
UIEB_712.png,121.21813609467456,42.16774792383003,1778.1189649676714,7.29951515701461,202.0,42.16774792383003,101.29965209960938,129.99371337890625,128.27415466308594,102.15774536132812,0.39222705364227295,151.8800295857988,161.58218441814594,1379.47941342079,0.6122277385755268,0.02660123400614427,0.3046411628957084,0.0007076256506496464,18.049643883790537,12.622578756739808,1.0564679894823399e-08,0.2015138067061144,147.63444751117447,10942.47996882073,0.016168639053254438,0.5920795955133183,10.407493467148239
UIEB_713.png,130.15470404984424,62.07430446956054,3853.2192753797035,7.791257814364495,245.0,62.07430446956054,130.31796264648438,130.12945556640625,129.84722900390625,31.65601348876953,0.5012679100036621,57.644470404984425,142.92789719626168,781.5733439429163,0.8985640519047582,0.011516240271314312,0.15631904677084785,0.00013262378998664154,15.686023954774052,13.73841299200817,1.7908477924215937e-09,0.24147455867082035,146.17195122664958,4941.959470451325,0.017377985462097612,0.9184809325414713,21.29403882666201
UIEB_714.png,126.41566875653082,55.111294387984735,3037.2547691191176,7.7292922536843625,241.0,55.111294387984735,126.88238525390625,126.31795501708984,125.701171875,34.543785095214844,0.5034633278846741,58.083349007314524,140.4724712643678,499.4837948304646,0.9176751387738885,0.010727004197684971,0.13722839635234213,0.00011506861905715099,13.9996598301244,13.695017137219613,1.5229771422523645e-09,0.23860501567398118,128.62805583955014,2588.680608745956,0.020240334378265414,0.9010097083386498,20.986200253152315
UIEB_715.png,123.40427854938271,45.93182628752742,2109.7326661075954,7.30177691574703,206.0,45.93182628752742,122.6232681274414,123.95620727539062,122.6312255859375,89.1122055053711,0.49728110432624817,130.69698688271606,162.6575964506173,107.0437341556916,0.9746387395151856,0.033383672941326895,0.43566132367448573,0.0011144696190534815,4.386543158350337,11.220633705780815,1.6772626190047936e-08,0.0786766975308642,48.241399892674124,626.8673174482144,0.00679783950617284,0.7570587378222475,16.943701634042817
UIEB_716.png,135.06031487513573,18.403817214531653,338.70048806589165,6.171102191183711,141.0,18.403817214531653,135.15951538085938,135.00933837890625,135.05772399902344,36.85391616821289,0.5004664659500122,55.6693213897937,152.00804017372423,9.644113696551798,0.9857560112447604,0.055222961051746365,0.5428926702811296,0.003049575427322696,1.6280500073412256,9.213566177878253,4.629999753204645e-08,0.011346362649294246,20.773881912835712,39.24519543970994,0.0013626492942453855,0.7841709719354917,20.646616670638828
UIEB_717.png,132.82826530612246,54.35102368486896,2954.0337755931873,7.720705819043429,241.0,54.35102368486896,133.02764892578125,132.9175567626953,131.8464813232422,48.589595794677734,0.502438485622406,77.39923933209647,153.20316326530613,302.67455344560045,0.9487661611978988,0.013394725035854203,0.1997264131865676,0.0001794186587861394,10.165312626796052,13.243131260253378,2.5048808246404936e-09,0.18247371675943105,99.63559592646247,1479.8897182282003,0.015142238713667286,0.8254697057628616,19.34175831751213
UIEB_718.png,126.40508888888888,37.278726919918775,1389.7034807698765,6.980814942043735,203.0,37.278726919918775,122.0628890991211,128.2317352294922,128.39849853515625,89.81040954589844,0.47563719749450684,120.4249074074074,162.11795555555557,53.64802819514005,0.9806919666876847,0.051759751332643635,0.46211994060880335,0.0026790718580171043,3.313938044889631,10.666577470270749,4.064656172110908e-08,0.058914814814814816,39.52949653693999,162.80545755961592,0.005981481481481482,0.7833040739151244,20.135074677310794
UIEB_719.png,122.83333333333333,60.97191144793707,3717.573985615079,7.797876681906776,243.0,60.97191144793707,122.59968566894531,122.92962646484375,122.95889282226562,46.056243896484375,0.4985986649990082,82.87409226190476,143.1641517857143,1097.39980696995,0.8523394101747888,0.009802615456924726,0.11729098071232115,9.609126979633955e-05,20.779375596231816,14.182983643629704,1.2334057729162527e-09,0.2728794642857143,162.38172830698807,9007.96049047507,0.015613839285714286,0.9165634534254125,21.506621172214896
UIEB_72.png,123.796,28.211055337566854,795.8636432592593,6.646903953758883,180.0,28.211055337566854,122.84040069580078,124.21961975097656,124.10526275634766,41.575477600097656,0.4946761429309845,64.5448074074074,142.34042962962963,47.50662585791133,0.9701305456599829,0.05410316248742126,0.469134483286165,0.002927152191140307,3.013811908736783,10.195105450341789,4.443196719479076e-08,0.04627407407407407,33.0510211670054,196.1816683581756,0.004140740740740741,0.7889105446894904,15.224319206299096
UIEB_720.png,132.7277261904762,50.68650619862688,2569.121910623441,7.57455563394373,235.0,50.68650619862688,132.49725341796875,132.83367919921875,132.80401611328125,47.65387725830078,0.49878934025764465,70.27021825396825,153.7404761904762,80.77288337705701,0.984271925252869,0.02789382920367269,0.3742748107444115,0.0007780657076436633,4.346116543445426,11.765571991636358,1.1639509866045579e-08,0.08313888888888889,58.419605278068225,353.1369838208459,0.006432539682539683,0.90468177904276,24.53242783873221
UIEB_721.png,123.73795910493827,36.94186764825136,1364.7015853409202,7.157801546696533,204.0,36.94186764825136,123.4134292602539,123.9019775390625,123.77203369140625,45.48162078857422,0.4982897937297821,71.85342978395062,145.19501929012347,17.540573022939466,0.9935711223251092,0.040809466007828886,0.568215084828412,0.0016654125158441413,1.5949692388548815,10.059769501274683,2.5179347637659318e-08,0.010960648148148148,18.543352676935196,146.47384844512078,0.0005594135802469136,0.7164827497753379,18.349572934189645
UIEB_722.png,126.75552777777777,54.80158886439991,3003.2141420627204,7.6925807748596835,237.0,54.80158886439991,125.8824234008789,127.18035125732422,126.851318359375,56.327972412109375,0.49553829431533813,100.86670238095238,153.58754761904763,160.74214961443676,0.9732378626262871,0.020814044749061695,0.3484058217877888,0.0004332244588159427,5.658820255982192,12.13779080378875,6.377649990134319e-09,0.0921547619047619,62.56748040933088,845.7665387295918,0.007801587301587302,0.8870098963957944,23.246520428772573
UIEB_723.png,123.54227037037037,53.81542363136424,2896.0998206231966,7.687344933825937,236.0,53.81542363136424,123.09198760986328,123.75404357910156,123.65291595458984,29.719253540039062,0.49752840399742126,44.37455555555555,134.95198888888888,479.93987757373395,0.9171341305627302,0.014242370125354464,0.21074852611936573,0.00020284510678758932,12.034561305880171,13.283015086667115,2.8623400531782424e-09,0.19892592592592592,118.21054604504263,2918.210215662208,0.01682222222222222,0.8600914809902944,17.76934163821689
UIEB_724.png,121.6730925925926,33.79996825100883,1142.4378537692046,6.885174583654426,193.0,33.79996825100883,121.06901550292969,121.95929718017578,121.80310821533203,38.6493034362793,0.49666813015937805,62.926611111111114,138.39686296296296,166.11098126507142,0.9272883238269704,0.056595642989426036,0.4490212686611003,0.0032030668053865683,5.840011129660546,10.975989240912519,4.8642090092835514e-08,0.1104037037037037,58.486925935233835,1003.6020902483401,0.008959259259259259,0.6839499519477622,17.214852862925635
UIEB_725.png,121.85653703703704,55.997327778906175,3135.7007183782575,7.69896941463217,238.0,55.997327778906175,120.92066955566406,122.24626922607422,122.27660369873047,23.190885543823242,0.4945167899131775,38.27925555555556,130.84241481481482,331.44542385457237,0.947155122200522,0.015335944191549614,0.21686269603260835,0.00023519118424632433,9.744077165646448,13.00576247963474,3.3559020261203667e-09,0.17021481481481482,102.69084415256148,1918.7332044087652,0.014107407407407407,0.7922574698306594,17.141204562205242
UIEB_726.png,122.02248148148148,57.29314539626713,3282.504509397805,7.740249269935792,234.0,57.29314539626713,121.04347229003906,122.43437957763672,122.4584732055664,21.803646087646484,0.4942711591720581,40.28545555555556,130.64504074074074,262.2436690780931,0.9600487298345233,0.015520591521131923,0.2325068066788338,0.00024088876116583213,8.71523279539974,12.91662728621708,3.442840150502504e-09,0.16232592592592593,94.57771148606611,1536.37076524048,0.012544444444444445,0.8160555200870302,17.706134494794163
UIEB_727.png,120.72347037037036,48.73188508519375,2374.7966239565294,7.454802870358704,223.0,48.73188508519375,119.4250259399414,121.28289031982422,121.24839782714844,31.502286911010742,0.492410808801651,55.35445925925926,133.0597,364.6510332034874,0.9232344554287066,0.024651189104162412,0.26690647432679737,0.0006076811242491756,10.372836208495642,12.694263957342196,9.039647448527151e-09,0.18216666666666667,99.38285209801434,2465.220771259136,0.01397037037037037,0.7981115808752571,17.377837147016095
UIEB_728.png,122.59779215686274,55.519371901183284,3082.4006563018997,7.637920532344157,230.0,55.519371901183284,116.59190368652344,125.25328826904297,124.67376708984375,48.967124938964844,0.46650370955467224,91.73748235294117,143.16948235294117,349.14905627025433,0.9433615662477054,0.012478931412260712,0.1478865899809372,0.00015572372919190713,11.667213984091132,13.339358549777446,2.143324892111315e-09,0.20712156862745099,112.05933926901761,2408.646853914264,0.01491764705882353,0.9164613299308888,23.62980049009662
UIEB_729.png,123.69645555555556,50.706323274612465,2571.131220029506,7.602701444131071,225.0,50.706323274612465,123.3189926147461,123.90635681152344,123.62510681152344,40.863162994384766,0.49819523096084595,61.21038518518519,140.54786296296297,459.2720126136153,0.9107373141489888,0.020562303966988285,0.3062449816610569,0.0004228083444308222,10.266766833611575,12.71178687178666,6.2187126978808935e-09,0.15523333333333333,90.99871120182044,2917.8643481081485,0.012114814814814814,0.7631687408368372,16.735388491012248
UIEB_73.png,128.6888534798535,40.44854114653944,1636.084480883294,7.151042543253149,229.0,40.44854114653944,128.6904754638672,128.71156311035156,128.58702087402344,13.410517692565918,0.5001600384712219,22.040527472527472,134.17429304029304,114.52411895283348,0.9650125057199783,0.04415009728699538,0.49933473566240233,0.0019492310904511566,3.869474765635032,10.73248711028409,2.951007539960719e-08,0.0624029304029304,44.669543250200554,406.69609235256075,0.005919413919413919,0.8542159198453101,14.74841890902593
UIEB_730.png,121.95457777777777,45.83773808902468,2101.0982331180244,7.446961876755433,226.0,45.83773808902468,121.09657287597656,122.32788848876953,122.2822036743164,38.98689270019531,0.4950595796108246,57.53994074074074,137.11118888888888,186.12175848636616,0.9557163409970807,0.02580507249721909,0.3142500250386248,0.0006659017665867331,7.067623817473567,12.257282091543834,9.928023949039201e-09,0.13314074074074075,73.54165465730534,989.9383852108506,0.010485185185185186,0.9090702158610081,24.905164813089783
UIEB_731.png,122.51295910493828,60.75301815364936,3690.9292147776487,7.772664727757884,246.0,60.75301815364936,122.67144775390625,122.48478698730469,122.24129486083984,47.83964920043945,0.5012602210044861,64.22236111111111,140.9495100308642,311.68874049341497,0.9577349130071604,0.015093518224742567,0.2230312494320113,0.000227814292400636,9.665576887404933,13.06097911005998,3.2433395895101318e-09,0.16792052469135801,90.59326051354934,1509.7916506672357,0.013881172839506174,0.7309663269146536,16.045677236577532
UIEB_732.png,123.50018132716049,63.13156267045854,3985.5942052140344,7.791298561660146,241.0,63.13156267045854,123.53427124023438,123.72628021240234,122.23385620117188,50.50706100463867,0.5022532343864441,67.79547453703704,143.15499614197532,581.4297246954802,0.9270905271077058,0.01616894983791634,0.24250709234812404,0.0002614349388610548,12.851654764113029,13.23432081130977,3.75634994199455e-09,0.19165509259259259,110.66397431809771,3813.9458754497305,0.01361111111111111,0.9062683568185381,22.245565850280972
UIEB_733.png,118.25317063492064,63.36726919651236,4015.4108054232643,7.657326711340578,235.0,63.36726919651236,118.07893371582031,117.9549560546875,120.23504638671875,48.51874542236328,0.49573421478271484,94.41540476190477,144.13998412698413,659.7905358136578,0.9178175680523936,0.02798566711730581,0.3038614783137794,0.0007831975640006516,13.189542093966136,12.869370133619105,1.1717815779695912e-08,0.1889563492063492,124.22924617361538,3833.6504155549883,0.015845238095238096,0.8557940381686965,20.205496234062856
UIEB_734.png,128.11575,59.555182650286014,3546.8197805089285,7.824523909525738,244.0,59.555182650286014,127.87242889404297,128.25062561035156,128.0723419189453,23.783309936523438,0.498872309923172,46.82929365079365,138.10764285714285,259.7255385960728,0.9633606863837951,0.012904385604271503,0.18747802470905175,0.00016652316782372962,9.067091978694648,13.167243568478513,2.308111248187707e-09,0.16815079365079366,95.42591833902263,1339.4083010819948,0.01163888888888889,0.8046753033283452,16.267991254924045
UIEB_735.png,118.67005685218432,44.15586414731806,1949.7403385964087,7.412123470249012,216.0,44.15586414731806,97.29417419433594,127.79708862304688,127.75048828125,67.49603271484375,0.38072821497917175,121.98150209455416,145.37803111909037,569.7831814244566,0.8537535394264903,0.020390232983607624,0.3055281888597307,0.00041576160112580024,11.790182920067258,12.610041676578494,6.111187928211979e-09,0.1979084380610413,115.66482429010617,3801.678024347612,0.020173548773189706,0.47366307547905295,11.930373586352651
UIEB_736.png,126.1418992248062,57.86712260866662,3348.6038790064554,7.711321168269038,238.0,57.86712260866662,120.70472717285156,128.46157836914062,128.46340942382812,60.004539489746094,0.4698053300380707,98.17240863787376,151.93032668881506,256.76078070316527,0.9616595929526728,0.02399155780790167,0.3790857235488001,0.0005755948460498875,6.842256473968241,12.137139811984433,8.550049697683525e-09,0.10661683277962347,69.84648708761883,2088.7743286055215,0.006411960132890366,0.8413062069658731,16.851184616940692
UIEB_737.png,130.06560317460318,43.88264153363507,1925.686227969514,7.445896372074555,236.0,43.88264153363507,129.93275451660156,130.11749267578125,130.10829162597656,47.79608154296875,0.499307781457901,78.41321825396825,152.3439880952381,120.01078782097146,0.9688448370717214,0.027252825424918806,0.39533932866450927,0.0007427164936411009,4.902011288655696,11.718432598525254,1.1100123666055315e-08,0.08151190476190476,53.47592236363155,715.8489583264676,0.006456349206349206,0.8690770722082021,19.746706155896973
UIEB_738.png,121.81681402439024,47.7053213784064,2275.797687817039,7.465265396286454,206.0,47.7053213784064,119.9726791381836,122.63528442382812,122.4367446899414,38.315185546875,0.4895404875278473,67.75303353658536,137.30808434959349,194.6757349647787,0.9572344536771847,0.017914321042278712,0.23920544864367407,0.00032092289840582983,7.71761370576978,12.52498593046132,4.664064168446807e-09,0.16385670731707316,86.6977990940567,1340.0228661231895,0.012677845528455285,0.8579399591335327,18.42526737536737
UIEB_739.png,117.79151621727237,46.47638730276188,2160.0545767163253,7.274961177002161,200.0,46.47638730276188,119.19680786132812,117.00993347167969,118.12109375,76.77428436279297,0.5069378018379211,104.2817565455256,148.81929464634624,228.0952818981225,0.9472195979977073,0.026556272451585924,0.3304122222022218,0.0007052356065228615,7.650726983424896,12.069722131609275,1.0528210715642723e-08,0.10370066432200079,54.23036533237076,1593.089982343352,0.005105509964830012,0.5538264667425686,10.402339925692054
UIEB_74.png,120.96941321499014,49.93024904380898,2493.0297695767877,7.6225491698160015,239.0,49.93024904380898,120.88218688964844,121.1912612915039,120.05907440185547,65.83468627929688,0.5010653734207153,104.05226331360947,149.64945759368837,311.93922810206357,0.9374297555125,0.023810715002266288,0.348969537609106,0.0005669501489191488,8.1716865387085,12.381173150337819,8.418142087656388e-09,0.1339595660749507,81.76506506200398,1563.781164026995,0.01004930966469428,0.8881806560477883,19.407636141788927
UIEB_740.png,120.67212191358024,53.723751807800284,2886.2415083061246,7.694425134710507,239.0,53.723751807800284,121.08015441894531,120.48873901367188,120.54264831542969,25.3062801361084,0.5023418664932251,48.11880015432099,131.83461033950618,372.93385580906454,0.9353553480523039,0.013102357753838268,0.17434928367893832,0.00017167177870956577,10.95677208928461,13.277979421666146,2.3866728156595734e-09,0.19327932098765432,105.96913124933145,1857.089194439622,0.01634645061728395,0.8915561308434402,23.456887108947484
UIEB_741.png,115.44282544378699,42.76769430122809,1829.0756758432974,7.199428166390706,194.0,42.76769430122809,82.17190551757812,129.75526428222656,128.98182678222656,90.00758361816406,0.3175884187221527,167.1589003944773,154.63346153846155,979.9754225484287,0.7321308891575057,0.03597702314017545,0.38731761788515384,0.00129434619402872,13.799626596595903,11.948653123167981,1.9517324904880063e-08,0.17269723865877712,121.78834388570628,7093.952198020586,0.015853057199211044,0.6080861505689769,12.357144117194533
UIEB_742.png,122.33990498812352,40.271864509748326,1621.8230710915266,7.149026139028559,227.0,40.271864509748326,119.79148864746094,123.44731903076172,123.32658386230469,67.35045623779297,0.48543015122413635,107.21606096595407,153.71786223277908,300.22838935835256,0.9073885194542857,0.03841054906392779,0.35457588494967407,0.001475370279392404,7.928824366818807,11.771021177644164,2.2279533238676512e-08,0.1280087094220111,78.33725433420489,1840.271189768592,0.010316706254948535,0.8479673416198866,16.947548612842795
UIEB_743.png,126.47207175925926,51.18715914836489,2620.1252616800357,7.662862068568365,245.0,51.18715914836489,123.72240447998047,127.60431671142578,127.86259460449219,86.71570587158203,0.4842991232872009,125.63931712962963,165.7212152777778,355.2563879614171,0.9321960783507178,0.014878352648771334,0.2148247368293455,0.00022136537754120097,10.36202698942682,13.147934488139885,3.144936957987993e-09,0.18616512345679012,105.73412202000549,2031.7800537530006,0.01618827160493827,0.8146174521470457,19.334505155020867
UIEB_744.png,118.36418448139351,44.82871159339211,2009.6133831235281,7.113662589722374,223.0,44.82871159339211,117.9071273803711,118.06795501708984,121.07778930664062,40.61004638671875,0.49303460121154785,77.19060174188441,139.61061757719716,104.42013411108775,0.9740199058509731,0.02694559166743429,0.26423018708563256,0.0007260649103081042,5.543233179606549,11.700102406715986,1.0846040668420477e-08,0.08209422011084719,52.93135953896164,589.9451383959317,0.006441013460015835,0.6898238969740881,13.771821949685572
UIEB_745.png,129.2768725257324,52.89440002304295,2797.817553797686,7.634204268851101,237.0,52.89440002304295,128.8334197998047,129.53990173339844,129.07159423828125,49.96968460083008,0.4981735646724701,79.39678939034046,152.73300870942202,147.2750466930236,0.9736868653043378,0.023409740408525236,0.3382841297727335,0.0005480159459945393,5.903195745878919,12.173811964988046,8.1292290791632e-09,0.1080720506730008,66.16234925934376,695.047237278793,0.009176563737133808,0.8303031913273432,17.60210509095546
UIEB_746.png,123.47442901234568,51.22534194959547,2624.0356578529854,7.603064819033457,240.0,51.22534194959547,116.31294250488281,126.61575317382812,126.1080322265625,110.41092681884766,0.46023741364479065,141.19788966049381,169.8825424382716,214.31799526989425,0.9591892881313949,0.03119218604738588,0.40642200197257083,0.0009729524704147344,6.201937642985222,11.927884212744733,1.4613245870242833e-08,0.10162037037037037,70.22966007137767,1305.9523919636392,0.007067901234567901,0.8323049149678772,19.339312066780113
UIEB_747.png,121.20551311728396,59.83461496363354,3580.1811478462787,7.680507611379582,241.0,59.83461496363354,119.35102081298828,121.899169921875,122.4442138671875,20.603565216064453,0.488456130027771,36.38125,129.66929398148147,108.11814057379583,0.9849104823166779,0.033463787956541195,0.4295400295905418,0.0011198251044003515,3.995242843009955,11.550466617461314,1.6854344411283138e-08,0.0570216049382716,42.00876011521947,524.5651018207585,0.0045871913580246915,0.8621320926670516,22.17174346305784
UIEB_748.png,130.87749228395063,49.303865616186876,2430.8711646990146,7.543702738042989,243.0,49.303865616186876,126.21271514892578,132.76849365234375,133.38880920410156,76.49718475341797,0.474203497171402,111.56730709876543,163.99908564814814,511.23070085945716,0.8948698570528522,0.02322052324725169,0.3134331499235985,0.0005391926998761562,9.96910746305571,12.51903919610648,7.99459702779627e-09,0.1215625,91.28749351704862,3121.100530563176,0.009402006172839506,0.8526100488295972,16.983135092923735
UIEB_749.png,120.25976851851851,64.65894102578581,4180.778654576046,7.646369766162093,240.0,64.65894102578581,115.90143585205078,122.0093002319336,122.69036865234375,29.011451721191406,0.47364768385887146,52.69512731481481,132.21189043209876,83.78863306127496,0.9899782803537853,0.04109815837263187,0.4913672458793899,0.0016890586216219312,3.4670167872379896,11.163655443037584,2.5540158577872187e-08,0.05204861111111111,37.975862436467835,400.6556176196822,0.004243827160493827,0.8659430485335089,21.945125426585413
UIEB_75.png,122.53425555555556,29.192328594669114,852.1920487791359,6.686265964889655,183.0,29.192328594669114,119.60457611083984,123.78352355957031,123.79720306396484,47.43677520751953,0.48309326171875,67.90537037037036,141.65824444444445,55.25134854386941,0.9675864798500987,0.053875633933318005,0.4777921267226306,0.0029025839317168866,3.093715451678724,10.232451819247727,4.4057085306616013e-08,0.05006296296296296,34.641683556134026,229.22033251665292,0.0041333333333333335,0.7762027223324853,15.384458892060902
UIEB_750.png,122.4423375,54.02494200246241,2918.6943583694274,7.632439415302778,244.0,54.02494200246241,121.01864624023438,123.02266693115234,123.18634796142578,69.96926879882812,0.49152809381484985,118.48754166666667,156.83411041666668,472.2562040901503,0.9190987800118289,0.029781781497542046,0.35286927296680487,0.0008869545091673378,10.3729152754591,12.553359632441293,1.3301021119763763e-08,0.15603541666666668,103.53251184529445,2147.30121169,0.014241666666666666,0.8722115691351782,18.645647995672686
UIEB_751.png,123.0647535842294,49.026416107320834,2403.589476328168,7.532442466432388,233.0,49.026416107320834,122.31145477294922,123.42839813232422,123.17138671875,52.5671501159668,0.49599170684814453,87.41452508960573,146.79849014336918,748.1952896404403,0.8443913216373641,0.01831591437278093,0.21736223696120716,0.00033547271931104304,15.090868293033193,13.290719990602877,4.886076816536607e-09,0.19435483870967743,113.14981671103918,5469.183282883358,0.011778673835125448,0.8510677358571463,20.74869446647467
UIEB_752.png,118.50405384006334,33.69492855032272,1135.348210011353,6.66706623488248,212.0,33.69492855032272,102.80614471435547,125.21765899658203,125.16632080078125,63.882076263427734,0.4105939567089081,110.86133808392715,144.73165874901028,92.07010893056122,0.9594257521041162,0.054399099019306826,0.5111960610077247,0.002959261974112349,3.3847068947057446,10.06450021436235,4.492192360000379e-08,0.050696753760886774,33.01126156083769,567.9965095209191,0.0037252573238321456,0.7285721972807159,13.961936343389134
UIEB_753.png,125.90801311728396,46.8112665390233,2191.2946749874823,7.5381731348934675,231.0,46.8112665390233,124.50106811523438,126.5820083618164,126.0998306274414,69.63600158691406,0.4927186965942383,113.61417052469136,160.24958333333333,322.79460366042167,0.9263441032429023,0.024947302934250144,0.36260552474884766,0.0006223679236932458,8.083735237741916,12.30341698946139,9.263750223247467e-09,0.12727623456790124,82.63168855166782,1933.7698606809533,0.010250771604938272,0.8760718952064636,19.0793103257888
UIEB_754.png,116.83927514792899,47.99374785534466,2303.3998332024003,7.384019049550583,195.0,47.99374785534466,78.93290710449219,133.07379150390625,132.66932678222656,72.34493255615234,0.2970271110534668,159.06397928994082,150.02839743589743,1114.4455502761011,0.7580728477103008,0.024979028530325614,0.3340510300880679,0.000623951866318821,15.02865229030633,12.419151847151626,9.287919269658217e-09,0.17896449704142012,130.65382802393165,7772.646722687114,0.013890532544378699,0.644655089222785,13.694741118659103
UIEB_755.png,136.18757700770078,44.86699331740015,2013.0470893436298,7.230847066878047,229.0,44.86699331740015,136.957275390625,135.88995361328125,135.70167541503906,48.43117141723633,0.5042765140533447,77.55397414741473,157.14544279427943,29.935932825335957,0.9925663512361609,0.04250718169211991,0.4844617054926914,0.0018068604954068939,2.4048441572037,10.544733992801591,2.7337672521124174e-08,0.02672717271727173,23.543114032399306,128.94115761768697,0.0018646864686468648,0.8296871363720498,17.324416318800168
UIEB_756.png,121.94473765432099,56.30067444522073,3169.7659429867304,7.698445554537978,236.0,56.30067444522073,121.25760650634766,122.2119140625,122.3516845703125,23.616775512695312,0.49581214785575867,50.435266203703705,133.0706211419753,249.4146532801583,0.9606460438469487,0.015536340993552762,0.21575045130018072,0.00024137789146794802,8.866216069993198,12.93484317329668,3.450303686606568e-09,0.17373456790123457,105.30466727516769,1657.7971422938933,0.015046296296296295,0.8477702012234184,22.59479260772504
UIEB_757.png,115.40066568047337,39.27460465189671,1542.4945705627865,7.207869302038458,203.0,39.27460465189671,70.6380844116211,134.6604461669922,133.64959716796875,91.25177764892578,0.2632703483104706,182.0644526627219,154.70966962524656,629.6972024379884,0.7957698578241962,0.03143666137046211,0.4316285562219304,0.0009882636781211047,9.228660193023877,11.39868802466141,1.4846876358926457e-08,0.1267455621301775,93.54720497802761,4691.7645083213465,0.010833333333333334,0.6215754413103741,11.379945904966164
UIEB_758.png,136.27019444444446,44.61671041366446,1990.6508481367944,7.440621250191932,230.0,44.61671041366446,136.32838439941406,136.24681091308594,136.22630310058594,39.77565383911133,0.5003370046615601,57.22977777777778,152.81261111111112,67.17717227124572,0.9831214444800921,0.024596141907857718,0.3706579600908313,0.0006049701967514747,3.9404205421734635,11.583286571121317,8.998281977676004e-09,0.05925396825396825,45.21692245920013,466.6031181254095,0.004944444444444444,0.849577453231967,16.984033673133997
UIEB_759.png,117.25579881656805,43.99250374218176,1935.3403855058762,7.2674855806440695,190.0,43.99250374218176,78.12876892089844,134.05960083007812,133.36888122558594,79.96648406982422,0.29214829206466675,167.3514842209073,151.70158284023668,1749.5586974345804,0.5479922999885177,0.019339227083750816,0.2532504525577344,0.0003740057041968811,21.140643676344204,12.668844822375776,5.474043504858108e-09,0.22381656804733727,163.5655795467461,12871.956698289407,0.018880670611439842,0.6150255452369264,13.075361423018006
UIEB_76.png,121.16268737672584,23.619052109706768,557.8596225610438,6.576533173884484,170.0,23.619052109706768,121.33216094970703,121.342041015625,119.78104400634766,23.65266990661621,0.5031959414482117,39.64378205128205,130.94992603550295,13.85089053748358,0.9875823917808745,0.04141370413301638,0.47049085710352134,0.0017150948900170179,1.930806768677579,9.860963738860384,2.5937440505287443e-08,0.010956607495069033,22.163980543209405,40.57887570074189,0.0013954635108481262,0.6400797275617912,17.02066787372289
UIEB_760.png,120.94056460369164,62.48770994478645,3904.7138941437634,7.817865486780008,244.0,62.48770994478645,120.60833740234375,121.0099868774414,121.4311752319336,22.04913902282715,0.49747467041015625,46.60086862106406,130.96556460369163,785.8649758283352,0.8993614774527963,0.012904223749862899,0.17310520091120885,0.0001665189905865257,16.029919572795052,13.68653751990453,2.3080475086063487e-09,0.22874592833876223,142.01504134712255,5347.488335112751,0.01685667752442997,0.7990861727910873,16.82454671550182
UIEB_761.png,133.57258333333334,52.4603811725652,2752.0915927708334,7.5900334263606,232.0,52.4603811725652,129.53541564941406,135.28390502929688,135.3640899658203,65.09613037109375,0.47861212491989136,94.56323888888889,161.34917222222222,230.8941736227045,0.958062902501988,0.01821618428277457,0.2559555474393247,0.0003318293698240033,7.603188647746244,12.600254812776072,4.8304837152329e-09,0.10877222222222223,71.00874475428351,1296.3840058049304,0.006244444444444445,0.8361880611640613,15.017622282013342
UIEB_762.png,117.66376984126984,63.21794429611257,3996.508481026392,7.300607637291204,226.0,63.21794429611257,103.5888671875,123.33301544189453,125.37874603271484,65.74855041503906,0.4165016710758209,130.56436904761904,149.8057619047619,91.7021981079577,0.9885310722930006,0.048207876596078336,0.5500160009255617,0.002323999365902717,3.0676643612369823,10.49577784741314,3.522858546203945e-08,0.04742063492063492,36.066996785321045,508.7520751723355,0.00348015873015873,0.7570472756619416,17.506324482891507
UIEB_763.png,139.33046728971962,61.40633287896691,3770.737717642492,7.675046940638067,243.0,61.40633287896691,136.71188354492188,140.53343200683594,139.87655639648438,46.05546569824219,0.48754286766052246,69.83569574247144,159.0842367601246,241.2492211838006,0.9680022086070391,0.050436445756562524,0.5188847939270365,0.002543835060554674,5.726236354464086,11.38281865229583,3.85830119551418e-08,0.08717030114226376,59.36171095284476,1780.7233476818826,0.005809968847352025,0.8745027066760681,16.710497909486207
UIEB_764.png,128.45687037037038,58.42790098839014,3413.819613909122,7.806417203486297,244.0,58.42790098839014,128.2957305908203,128.5546112060547,128.37977600097656,18.67289924621582,0.4993326663970947,38.669548148148145,136.47132222222223,245.0072231496939,0.9641137397803088,0.014272073331841346,0.22025636727031644,0.00020369207718945692,8.65008718234094,13.063333540393394,2.875263795882521e-09,0.14367037037037036,91.72224979156455,581.1878182220988,0.012833333333333334,0.8014784355633751,16.334681793377023
UIEB_765.png,124.7493213897937,33.10579772770468,1095.9938431876967,6.8695785678459,228.0,33.10579772770468,120.67009735107422,126.51461791992188,126.46382141113281,63.1231689453125,0.4769975543022156,92.34980456026058,152.00921824104233,199.77344433991505,0.9088041573045663,0.05586222779621819,0.47839999773196934,0.0031205884943565723,4.919491225875917,10.66218646217959,4.7383570942597545e-08,0.07117263843648208,47.73483161307966,1253.7983800141703,0.006194353963083605,0.732814108817932,12.8643094623917
UIEB_766.png,124.6363353115727,39.09423230133559,1528.358999230791,7.276089744233477,221.0,39.09423230133559,123.76271057128906,124.95379638671875,125.28892517089844,56.24855041503906,0.49457067251205444,85.84957962413452,147.87120178041542,159.4792161020098,0.9477660907560478,0.027538737720052563,0.34851190126166776,0.0007583820752138458,5.376086751905995,11.640780315552899,1.1339161470815215e-08,0.08573689416419386,59.16935114950514,1124.358128090412,0.0063798219584569734,0.7584039830616609,17.650998232003666
UIEB_767.png,124.87356296296296,55.343912231455704,3062.9486210830723,7.7047365070925045,235.0,55.343912231455704,122.58316040039062,125.87716674804688,125.70916748046875,29.936050415039062,0.4872409403324127,51.512322222222224,136.1937111111111,516.813682062697,0.9156520376646958,0.01226589470837285,0.16056169019819783,0.00015045217299688906,13.432869597477278,13.528889860277872,2.0628873281004186e-09,0.20684814814814814,110.10783973952587,3144.0634497084225,0.013803703703703703,0.8269224900601979,16.46344281874614
UIEB_768.png,119.86441481481482,41.17865001013946,1695.6812166575585,7.12170099385494,196.0,41.17865001013946,99.65093231201172,128.4920654296875,128.4906005859375,95.49236297607422,0.38777297735214233,151.59385925925926,159.99473333333333,273.92494156928217,0.9192418934139974,0.04300990313828641,0.46034527542450543,0.0018498517679647795,6.78835837506956,11.217614381700617,2.7993667280613398e-08,0.10351481481481481,61.928298518661244,1833.13564432834,0.007914814814814815,0.7726064391526662,15.912541684493435
UIEB_769.png,122.06023333333333,32.472389492505215,1054.456079352963,7.023047512291652,213.0,32.472389492505215,121.95198059082031,122.09203338623047,122.15559387207031,13.962571144104004,0.49929648637771606,20.63202962962963,127.3440074074074,93.34145056575773,0.955694126455576,0.02802839352376531,0.3493314222583821,0.0007855908435230492,4.5512891856798365,11.326308610542005,1.1754334327095781e-08,0.07282222222222222,48.97449998460867,489.7509409129081,0.006255555555555556,0.8496555499081202,24.78329953092763
UIEB_77.png,119.34874753451676,37.69249846117826,1420.7244402459257,6.742576274013093,173.0,37.69249846117826,118.74579620361328,120.01822662353516,117.51576232910156,28.18634796142578,0.49991074204444885,43.90570019723866,129.81176528599605,13.612322312335154,0.9952151457787839,0.058507825053152836,0.6139276836719925,0.0034231655924503385,1.3663205934940876,9.364688385418397,5.200053105755369e-08,0.011750493096646943,15.716867339118252,41.19645955634918,0.00046351084812623275,0.6939472945997607,13.531039284241512
UIEB_770.png,123.0815251572327,58.77539207174651,3454.546713187522,7.7727497235120175,239.0,58.77539207174651,119.77362823486328,124.48576354980469,124.53054809570312,74.13379669189453,0.4809870719909668,118.15799266247379,154.96017295597485,607.8389349124852,0.912020781647937,0.013538233704287961,0.18590583465593996,0.00018328377183191854,13.60104366816812,13.49299094804343,2.5638577693087546e-09,0.21955974842767295,122.80792998965268,4726.122033064356,0.014575471698113207,0.8206837607268972,19.48456311775513
UIEB_771.png,128.84777777777776,62.153782807516635,3863.09271728395,7.80317801262028,242.0,62.153782807516635,124.64207458496094,130.63539123535156,130.68214416503906,74.98457336425781,0.47697556018829346,115.35212222222222,161.80901481481482,201.84637358560565,0.9738893161262694,0.021420534721977424,0.3515369626857011,0.00045883930777544044,6.703491003524393,12.412152108987481,6.768501567275091e-09,0.12306666666666667,76.34191038460284,1103.9685594961727,0.010148148148148147,0.79132745203691,15.769965648937339
UIEB_772.png,128.44760355029587,53.13384300390419,2823.205272363538,7.663597093396413,232.0,53.13384300390419,125.0035171508789,129.8959503173828,130.0200958251953,94.23401641845703,0.48093804717063904,134.3526923076923,167.7593885601578,569.9376426193558,0.8990856302787505,0.013876418120863845,0.19608923569431203,0.00019255497986503847,13.185066827355257,13.359860524168198,2.7053251770406863e-09,0.1984714003944773,113.41415174743418,3684.8762507965166,0.015271203155818541,0.8130535012677464,16.70079910898326
UIEB_773.png,116.86151481481481,47.32108780959197,2239.285351483114,7.226527339964545,222.0,47.32108780959197,106.35696411132812,121.44316101074219,120.82584381103516,89.28353881835938,0.439003586769104,149.3222037037037,154.91618518518518,146.18765349656837,0.9673610967074115,0.036624526639947946,0.43691495739604846,0.0013413559516002567,4.772057132257467,11.211163085137425,2.0234636879543397e-08,0.07912962962962963,53.959026802956174,732.5129814627022,0.005929629629629629,0.7610042369435365,14.030430335497297
UIEB_774.png,118.51525579536371,56.93391339683909,3241.4704946787733,7.749942568794547,239.0,56.93391339683909,118.9870834350586,118.64264678955078,116.6220474243164,25.116586685180664,0.5057583451271057,45.804128697042366,127.97167066346923,88.42479672355606,0.986354977527395,0.01834925243596113,0.2965295148951913,0.00033669506495862553,4.803973849301194,12.195489296709898,4.904728330934533e-09,0.06910071942446043,55.39330901305665,279.15214482992343,0.00614308553157474,0.7957801467047306,18.603095296155672
UIEB_775.png,124.32642741281427,61.793584346541586,3818.4470663931497,7.814282551544082,245.0,61.793584346541586,124.47479248046875,124.19803619384766,124.59220123291016,19.646770477294922,0.5003202557563782,43.258799675587994,133.03738442822385,496.63020281166104,0.9349485805063414,0.014168189454153171,0.22254487896617636,0.00020073759240877713,11.010187295126917,13.233105465143455,2.830181935825761e-09,0.16121654501216545,129.81352583745672,2239.6573679167414,0.014979724249797242,0.9081222280997542,23.020360260941896
UIEB_776.png,123.85124031007751,52.4356816066037,2749.5007055491174,7.668475900525045,232.0,52.4356816066037,123.55902862548828,123.98716735839844,123.86750793457031,34.36234664916992,0.4985140264034271,57.38489479512735,139.71531007751938,232.18590230672385,0.9577878305021087,0.018964472136991414,0.29002983090157036,0.0003596512034347237,7.5161703614551385,12.538447361954075,5.255011205630855e-09,0.11622923588039867,76.99360372332666,1382.9966713690615,0.009972314507198227,0.8315070405132773,21.615798695954393
UIEB_777.png,119.10168888888889,46.28708987395412,2142.4946889995063,7.50622630611872,221.0,46.28708987395412,117.07939147949219,120.07290649414062,119.3960952758789,30.115015029907227,0.48891252279281616,63.53608148148148,133.38784074074073,210.44740864403636,0.9509242289673192,0.021544267211846355,0.30663292010688586,0.00046415544969543795,6.648588388054164,12.220993308005717,6.849619455458648e-09,0.12005185185185185,73.37618602611477,903.1971706763238,0.01132962962962963,0.8003465707550766,20.172470285076827
UIEB_778.png,119.65703618167821,52.55710773685912,2762.249573663817,7.5703638942177705,239.0,52.55710773685912,116.40868377685547,121.00113677978516,121.26289367675781,64.81902313232422,0.4805033504962921,106.59948806774442,148.7168013856813,581.1793636044679,0.8947662293594959,0.028683956971257182,0.3260540063781716,0.0008227693875289335,11.92725365987192,12.665297981611822,1.2321633887732445e-08,0.1804849884526559,113.20856426225473,3924.2517143696728,0.014384141647421094,0.7196033249296243,14.464460050083845
UIEB_779.png,115.65169625246548,37.7356984166525,1423.9829349925499,7.049810343694348,192.0,37.7356984166525,73.58451080322266,133.6958770751953,133.08251953125,95.93427276611328,0.2758263647556305,183.48036489151875,158.7431114398422,538.4656873882507,0.8109430873060665,0.049668087506003766,0.5373050340019171,0.0024669189165040474,7.793176003398169,10.693682079844436,3.740936473757244e-08,0.09777120315581854,71.93739805900776,3899.9213869843634,0.00757396449704142,0.6647497846332215,11.597490173921095
UIEB_78.png,124.23757037037036,45.40882339150183,2061.9612418006036,7.420158023851776,213.0,45.40882339150183,123.85063171386719,124.48255157470703,123.98489379882812,19.815383911132812,0.49845820665359497,36.283685185185185,133.31663333333333,161.5496419959191,0.9608278215641257,0.02258070744344625,0.2860164451137986,0.0005098883486465089,6.583401966240029,12.14321054331348,7.547448113769667e-09,0.11815185185185186,67.07541943750465,645.4019851604801,0.009792592592592592,0.7272373333071629,16.216989628248122
UIEB_780.png,126.27225583864119,54.66220180979387,2987.956306694632,7.7062167343802335,245.0,54.66220180979387,125.34302520751953,126.64553833007812,126.79437255859375,47.09431076049805,0.49456703662872314,73.26072717622081,145.96359341825902,312.98137554097593,0.9476416114841424,0.019487945212963785,0.3231564767017262,0.0003797800086234781,8.496863137075593,12.588702915543218,5.562152398086213e-09,0.14377388535031846,87.8063552171136,1611.0203090325672,0.010451167728237792,0.838581913680189,18.228034940287287
UIEB_781.png,117.56015285996055,35.97609579176774,1294.2794684184485,7.09888589402633,190.0,35.97609579176774,73.3707275390625,136.69036865234375,134.9789276123047,92.7439193725586,0.27007368206977844,176.61772189349114,156.70321499013806,476.2820677460461,0.8157998257749384,0.03174844948619219,0.41331548999887857,0.001007964044777297,7.385622981102626,11.144865422402216,1.5147480098187213e-08,0.08381163708086785,65.33176032931792,3059.311334232943,0.005739644970414202,0.626082993150579,9.775800561450895
UIEB_782.png,131.49950039032007,54.57143918543753,2978.041974769906,7.707795225282515,245.0,54.57143918543753,130.75099182128906,131.73338317871094,132.27828979492188,55.22881317138672,0.4952470362186432,88.60302107728337,157.5021467603435,344.18687664452466,0.9421820198462381,0.022943820969860255,0.35176683276212045,0.0005264189206969992,8.621551141050855,12.53593370050668,7.799684625770551e-09,0.138704137392662,86.69075307816334,2091.8201135809445,0.010421545667447307,0.8610943883525994,17.65571782845075
UIEB_783.png,136.57020964360586,54.89046389474941,3012.963026580788,7.423039913198534,239.0,54.89046389474941,130.27377319335938,139.3148956298828,138.95651245117188,63.49174880981445,0.46815362572669983,91.00933438155137,163.39302410901468,884.6756858915803,0.8532207822149703,0.033854233679041744,0.3068542935377402,0.0011461091379951643,14.503039657290453,12.585200753230739,1.7255406935618047e-08,0.17506813417190775,120.47000764301937,7486.916414137731,0.01220125786163522,0.8610948249519991,15.35698019496274
UIEB_784.png,128.06704814814816,58.0397626544964,3368.6140489902746,7.770162318358377,238.0,58.0397626544964,128.03945922851562,128.11749267578125,127.88240051269531,15.395035743713379,0.5001543760299683,29.997696296296297,134.48635925925925,264.4545835652013,0.9607277242844735,0.013329258441487163,0.1976387831193924,0.0001776691305999568,9.303153403821186,13.14804493172479,2.478185143088634e-09,0.17047407407407408,102.09091921299017,732.2618297437036,0.0161,0.871327278250425,19.244366573214776
UIEB_785.png,124.43895304080061,47.534124924249866,2259.493032314192,7.470355299088432,245.0,47.534124924249866,121.15473175048828,125.90589904785156,125.54617309570312,61.152740478515625,0.48182037472724915,97.44838337182448,152.75804080061585,384.33018464183965,0.9149348390073336,0.043882047070600914,0.46039573369267117,0.0019256340551064342,8.205966834639721,11.684432597878494,2.9150013214781708e-08,0.12215165511932255,78.64198291410834,3099.3969095850807,0.008706697459584295,0.8807499894009622,18.23768690901676
UIEB_786.png,120.98662910798122,63.957580055622486,4090.5720465713594,7.79912947776811,241.0,63.957580055622486,116.75247192382812,122.75554656982422,122.98877716064453,54.60945510864258,0.47509732842445374,94.7211971830986,143.52699061032862,1441.1323990688707,0.8238427335175849,0.013094988412204479,0.18253055603917592,0.00017147872151576958,21.460495191516376,13.896325771040377,2.383726996662439e-09,0.24104225352112676,159.86462980900188,12652.337445272675,0.01447887323943662,0.8401404170908832,18.697961607250843
UIEB_787.png,124.95651162790698,50.641074752236484,2564.5184520616035,7.607982040452222,237.0,50.641074752236484,118.41498565673828,127.77931213378906,127.6012191772461,79.16973114013672,0.46368056535720825,122.10022148394242,160.73126245847175,498.01913488150234,0.9029533810233493,0.031480784789305855,0.409256418627884,0.000991039810950591,10.233445554329197,12.25820340353777,1.488923678418107e-08,0.14665559246954596,98.87274070164669,3009.030288751289,0.012286821705426356,0.8477575374687487,16.17701526511419
UIEB_788.png,121.10791111111111,23.217504164671606,539.0524996365433,6.05604702711024,194.0,23.217504164671606,116.64925384521484,123.07391357421875,122.64797973632812,116.23981475830078,0.47472062706947327,148.32589444444446,168.66837222222222,8.920937673900948,0.9917311182028112,0.08998882562482272,0.7438123337527494,0.00809798873733475,0.9016110183639401,8.089159065085376,1.2333267132983776e-07,0.009652777777777777,13.64286613682764,52.43851658950618,0.0007805555555555556,0.7315682919351314,11.522083450533922
UIEB_789.png,143.03566898685227,60.58546464821924,3670.5985266406233,7.537366329396727,231.0,60.58546464821924,142.51124572753906,143.2867889404297,143.13131713867188,44.9036979675293,0.4975636899471283,66.7533449342614,159.50863109048723,168.5195550201612,0.9770447947580025,0.03476090710455953,0.45032460472930835,0.001208320662731817,4.64861001901855,11.347997563485643,1.8204679468831138e-08,0.06877416860015467,53.35821010773572,831.4954888315272,0.005475638051044084,0.8591264850933941,17.087259411655346
UIEB_79.png,122.0569526627219,32.79119119374984,1075.262219905057,6.753261421419251,208.0,32.79119119374984,121.8231201171875,122.15760040283203,122.15398406982422,15.054742813110352,0.4986383318901062,27.515562130177514,129.03750986193293,58.61623909671939,0.972783895844987,0.06551358283150949,0.637114564300333,0.004292029535421055,2.131367861623416,9.372320218981443,6.525834268735583e-08,0.02564595660749507,20.483352391729902,334.0356899967516,0.0013806706114398422,0.8118830907257971,15.992908526478029
UIEB_790.png,119.5375,63.816836287534656,4072.58859375,7.798324375721814,236.0,63.816836287534656,120.02787017822266,119.34517669677734,119.25865936279297,29.465139389038086,0.5030425190925598,51.25861932938856,132.25878205128205,136.95141804387984,0.9831990023454513,0.022509239942604384,0.37649946165315984,0.0005066658827937366,5.220643873912142,12.026836240282933,7.498277187061105e-09,0.10083333333333333,69.348907072278,640.1562979814889,0.0096301775147929,0.9024772631768768,22.894901356295023
UIEB_791.png,124.0796274509804,39.05383474754635,1525.2020084886583,7.222330908450062,208.0,39.05383474754635,122.66765594482422,124.65444946289062,124.81362915039062,35.11974334716797,0.49171683192253113,62.116219607843135,139.45959215686275,11.625623097319064,0.9961899120383007,0.060143148458019144,0.7921427518226871,0.0036171983064433306,0.7289757438868705,8.908944996645484,5.496123531159713e-08,0.011772549019607843,12.713804084817841,126.1834546380469,0.0006156862745098039,0.8188560134507125,17.774284906714172
UIEB_792.png,126.71130675526024,64.3449323705425,4140.270321769688,7.8454737432594275,245.0,64.3449323705425,126.52244567871094,126.80662536621094,126.71356964111328,34.04677963256836,0.49906256794929504,58.875548172757476,140.7739258028793,485.9664168963777,0.9412945278678553,0.012787964287814892,0.18008040406203912,0.00016353203062642905,12.59622626858718,13.476534324767659,2.262470116637101e-09,0.20269102990033222,126.85737244416153,3031.530383798928,0.015836101882613512,0.8967666900408128,21.383838440882702
UIEB_793.png,117.89096153846154,47.26203747777691,2233.7001865507887,6.835901925058127,181.0,47.26203747777691,113.9832534790039,119.32096862792969,120.804931640625,42.85711669921875,0.47468119859695435,91.53740631163708,138.81018244575938,14.604681372306903,0.9967318194423682,0.06918826814725838,0.7354796509524858,0.004787016449216929,0.9578241842913732,8.812815086978105,7.2811243593665e-08,0.010433925049309664,14.736937962509797,66.55986803855977,0.0005670611439842209,0.8249903743159518,16.690680079455163
UIEB_794.png,119.13148241206031,49.60493942701572,2460.6500155578988,7.545617588979979,238.0,49.60493942701572,118.65685272216797,119.1964340209961,120.05056762695312,37.72868347167969,0.495959609746933,65.96853433835845,136.94433417085426,688.49235325207,0.8600824881943369,0.02996577629446862,0.3762007610639674,0.0008979477489301375,12.136878046325116,12.463279255736982,1.3468764646417808e-08,0.16114740368509212,109.62836403955863,4592.8752820888185,0.012864321608040201,0.8697366725250792,18.471967898142495
UIEB_795.png,122.68189143341814,56.347606435058296,3175.0527509602234,7.480592355768444,233.0,56.347606435058296,110.61835479736328,127.86154174804688,127.6108169555664,90.8426742553711,0.43299540877342224,136.53420271416454,158.7656403731976,49.07953459327888,0.9922723172250316,0.03949144304711003,0.5086721417221465,0.0015595740739431352,2.8206213069280017,10.882905708546648,2.3564381177988212e-08,0.04100508905852417,38.64977657990995,113.03365564030126,0.002917726887192536,0.7876557180015027,16.328078597208332
UIEB_796.png,127.48181554103122,43.254428955888834,1870.9456243000345,7.414903664871265,221.0,43.254428955888834,126.46202087402344,127.95075988769531,127.73228454589844,37.57207107543945,0.4946046471595764,61.53051924473493,145.92550472040668,108.94508276321105,0.970894611570843,0.021872379940497552,0.2954503421520781,0.0004784010042614797,5.548528593407314,12.074630510769751,7.066989367660209e-09,0.09272331154684096,54.105697920900674,576.0818808852667,0.0068336964415395786,0.8207940213937186,15.577486414904364
UIEB_797.png,115.81779193205945,49.29068154456039,2429.5712871272667,7.561128147879042,230.0,49.29068154456039,101.60008239746094,122.01262664794922,121.22879028320312,94.0142822265625,0.4176923632621765,133.690644019816,152.88180467091294,175.91039914365413,0.9637843562809315,0.030735197489645764,0.43002679898085405,0.0009446523647275273,5.752131117325762,11.764750800859638,1.4181420527115285e-08,0.09858457183297947,61.03511101939256,826.9645775252947,0.0075265392781316345,0.7334397751753272,14.270242850666685
UIEB_798.png,119.28030303030303,42.663493162491065,1820.1736488259219,7.290558323162655,207.0,42.663493162491065,118.70697784423828,119.49110412597656,119.7114486694336,18.754562377929688,0.4962613582611084,32.02858225108225,127.80061688311689,97.90428311254689,0.9730869440751392,0.0368132030419798,0.44869983593466384,0.0013552119182100306,4.700837976714437,11.284308760661162,2.044606215129899e-08,0.10126082251082251,58.82770110515754,381.0101716347144,0.01064935064935065,0.863607969201955,24.02113018105368
UIEB_799.png,121.88865555555556,54.620507871974866,2983.3998801924686,7.707965815743545,243.0,54.620507871974866,120.94365692138672,122.30805969238281,122.20396423339844,54.20387649536133,0.494632750749588,86.67713703703704,145.42786666666666,397.11901687998517,0.933436517641366,0.020841808355156248,0.3168713286810252,0.0004343809755130608,9.539035429419403,12.726865175112088,6.3952970344629035e-09,0.15586296296296295,102.39290267703933,2077.652348213649,0.013614814814814814,0.9285504144344977,24.788691485860053
UIEB_8.png,118.66781353135313,38.84480989927025,1508.919256110444,7.118313558782005,207.0,38.84480989927025,89.82892608642578,130.9806671142578,130.91790771484375,67.02704620361328,0.34299129247665405,124.62432755775578,145.92110561056106,162.11194399907436,0.9462303843621463,0.028803244274770844,0.3587686103981472,0.0008296268807521194,5.7060199342137885,11.528453966964248,1.2426270930322559e-08,0.10143151815181518,68.08880236296534,825.3919164746749,0.011815181518151816,0.5816036181849472,13.649184503121617
UIEB_80.png,121.30749042145594,60.07511145799499,3609.0190166905213,7.662189297675772,238.0,60.07511145799499,119.87687683105469,121.9063720703125,121.99398040771484,39.32613754272461,0.4914993941783905,77.78861685823755,137.13350574712643,197.51264751597486,0.9726300978765527,0.027836807183703138,0.3452664129680377,0.0007748878341826666,6.567340203020359,12.204275860120315,1.1591019365236918e-08,0.11436015325670498,75.5179950882235,925.5965624619574,0.009509578544061302,0.8485574951050823,19.000306921139266
UIEB_800.png,118.05920903954802,49.907164162866216,2490.725034779278,7.598916467679613,236.0,49.907164162866216,115.11373138427734,119.27603912353516,119.51451873779297,44.326053619384766,0.48206984996795654,81.28135122410546,137.96232580037665,108.93840015845618,0.9781132105901469,0.03190119165865459,0.5104386441480019,0.0010176860292422133,3.8039953594974674,11.159145982740922,1.5295825808406264e-08,0.05611581920903955,39.901594473487215,474.72644566037053,0.004948210922787194,0.8607087770855134,20.351889686029384
UIEB_801.png,126.981783625731,51.84223414613922,2687.6172412631236,7.612548054036428,226.0,51.84223414613922,126.7796401977539,127.11593627929688,126.74803924560547,10.312398910522461,0.499399870634079,19.50983709273183,131.14256892230577,133.99848954606884,0.9750687811250179,0.016712273399551576,0.24070639866855603,0.00027930008218135917,6.613215007468588,12.539698972763663,4.028950395490406e-09,0.12339598997493734,73.32913444296845,588.1278766604621,0.010580618212197159,0.9040776371435997,21.998690540773662
UIEB_802.png,132.7115647298675,55.66191212640768,3098.2484615679305,7.713550986210341,235.0,55.66191212640768,128.3639373779297,134.57180786132812,134.5339813232422,57.108516693115234,0.47700178623199463,73.0100866462793,152.52818042813456,121.7894196749935,0.9803518503363525,0.024817767787301385,0.42203382951489793,0.0006159215979444143,4.108534611712692,11.647372923244465,9.165387098417877e-09,0.059031600407747194,49.12963292962322,516.9980501781556,0.004347604485219164,0.830975025559308,16.232459856220398
UIEB_803.png,119.79291481481482,37.68801451321493,1420.386437948299,7.166317062795113,183.0,37.68801451321493,80.52904510498047,136.60723876953125,136.19522094726562,75.57880401611328,0.29519179463386536,136.26302962962964,148.38184074074073,661.027000556483,0.7673065521468085,0.021563533566712204,0.27739506464230584,0.00046498597988272396,13.743899091077722,12.586385903820817,6.862292340396485e-09,0.21182592592592592,109.74047470168821,4713.348994275501,0.013737037037037037,0.4209328721826833,13.634680806149827
UIEB_804.png,123.035775,55.95483434714146,3130.9434868160415,7.680367984861148,245.0,55.95483434714146,122.9509506225586,123.01773071289062,123.35163116455078,21.656496047973633,0.4990513026714325,45.65442708333333,133.21363541666668,126.39945742904841,0.9798143214810171,0.0207324341315054,0.30871459554001746,0.0004298338250172101,5.710726210350584,12.287828810849419,6.325913024211275e-09,0.10299166666666666,69.46072125441974,505.5225020424956,0.0091375,0.8873066026980275,22.382784863075447
UIEB_805.png,118.75265555555555,55.80922586003297,3114.6696910961723,7.6825995381261185,231.0,55.80922586003297,107.56101989746094,123.40999603271484,124.11971282958984,48.55714416503906,0.4345378279685974,96.72774074074074,138.49312592592594,334.4053273975144,0.9463207410100637,0.025871987108705894,0.4063723138633376,0.0006693597169530439,7.43307735114079,12.073029893566728,9.980788084267335e-09,0.11256666666666666,78.01591501981446,1799.2749061645954,0.008159259259259258,0.8207331471248224,16.666896243268873
UIEB_806.png,122.16001955034213,47.89544192901216,2293.9733575753758,7.236157475326938,225.0,47.89544192901216,90.24954223632812,135.79322814941406,135.66497802734375,91.97830200195312,0.33246204257011414,160.73916911045944,159.85820625610947,122.32421092828224,0.9733147151359262,0.05011945175168242,0.5355717005313669,0.002511959443889222,3.562697359724664,10.584359242206975,3.809662864420658e-08,0.05440371456500489,45.43311106907334,591.6880277173161,0.004159335288367546,0.7528703785561547,15.829101248049543
UIEB_807.png,125.51987111111112,40.98280068279387,1679.5899518056099,7.257796913640518,186.0,40.98280068279387,123.40470123291016,126.4351577758789,126.37606811523438,37.63897705078125,0.4881298542022705,52.447826666666664,139.91614222222222,52.40422927100725,0.9844111098588294,0.03518942525094539,0.4896457557110886,0.0012382956494918732,2.8405920979410135,10.760770227064814,1.866206146895405e-08,0.040008888888888886,33.739453360842035,268.7764787054617,0.003097777777777778,0.7817247943799425,15.072917654012377
UIEB_808.png,125.17249307479224,56.170198479273814,3155.091197201014,7.742462209147773,242.0,56.170198479273814,122.74860382080078,126.19752502441406,126.2374496459961,46.31354522705078,0.486258327960968,83.2551431209603,146.82842105263157,102.26911889159679,0.9837879462277029,0.02483935328628878,0.4082660520037743,0.0006169934716810651,4.3043021841573434,11.825719522125082,9.181742593667072e-09,0.0759972299168975,58.47834606533779,389.1889283138472,0.006698984302862419,0.7908306605097812,17.14301540521757
UIEB_809.png,119.90852406902816,54.77967414439117,3000.812699365679,7.574295396438912,209.0,54.77967414439117,115.08722686767578,121.96575927734375,121.96065521240234,46.914031982421875,0.4718112349510193,91.13762942779292,139.6990326975477,783.8252173240597,0.8693409158260696,0.01407565422720911,0.1992500603546567,0.0001981240419239497,15.460567794644117,13.40153927867224,2.7903023202735856e-09,0.21912806539509536,144.27628578798743,3700.053752964215,0.022393278837420528,0.8131489297988082,17.084140469341705
UIEB_81.png,123.41016296296296,50.24356781802577,2524.4161070845544,7.574564607372071,226.0,50.24356781802577,123.45085906982422,123.4264144897461,123.20304870605469,30.717365264892578,0.5005519390106201,51.16043333333333,136.5065925925926,271.0929066963457,0.946308625082506,0.01713805067439228,0.2283784198099177,0.0002937127809180377,8.686585049156001,12.736092276486449,4.248870725334742e-09,0.15381481481481482,88.26621303702385,1187.3854449214678,0.012751851851851851,0.7678597790902878,16.599304414394954
UIEB_810.png,121.53477838494231,33.18269841545764,1101.0914741312147,6.8579730487913055,175.0,33.18269841545764,121.39749908447266,121.65455627441406,121.3345947265625,13.095852851867676,0.49960049986839294,23.411863995142685,127.20121129326047,4.826061042843111,0.99780536841878,0.048184102789656985,0.5866323874967156,0.00232170776164423,1.1549455528491626,9.475840525640647,3.5193618356044464e-08,0.0029477838494231935,14.075611040750427,11.289356958918516,0.00025804493017607773,0.7787370845693097,16.2393713866396
UIEB_811.png,118.17619514472456,36.68657819553012,1345.9050196967457,7.11662715756147,204.0,36.68657819553012,98.34851837158203,126.69847106933594,126.30156707763672,61.26602554321289,0.3887292742729187,108.51303454715219,142.90038748832868,266.15344902568705,0.9009906870252732,0.03262296846885674,0.3887031712226445,0.0010642580717200212,6.419840724269674,11.391195907860801,1.600645878078493e-08,0.08852941176470588,65.83019283959591,1431.0921969310382,0.010331465919701214,0.6775327713045375,14.807375025314082
UIEB_812.png,126.24186324786325,51.176703079299365,2619.054938066769,7.566504405488178,222.0,51.176703079299365,122.5941390991211,128.02354431152344,126.6445541381836,51.220359802246094,0.4813879132270813,87.90824358974359,148.16612820512822,149.47408929412268,0.9714355737822059,0.02333788363128943,0.3512382061672784,0.0005446568123876072,5.664843114592697,11.957362920109126,8.077972768022267e-09,0.09385897435897436,61.674395558675656,515.0307616673241,0.010025641025641026,0.8013104557293579,19.360092869691783
UIEB_813.png,119.14173645320197,38.87315131985641,1511.1218935364543,7.149734197269219,214.0,38.87315131985641,110.94602966308594,122.73308563232422,122.14788055419922,50.146053314208984,0.453061044216156,85.55909277504105,139.81067323481116,701.9584858179066,0.7677996198102766,0.017130958168508136,0.20041675726710362,0.00029346972777117566,14.986233212990452,12.966563315953511,4.245162028635797e-09,0.22819786535303777,129.7301114098633,4726.483865047009,0.01847290640394089,0.4908079191761255,15.870278205283029
UIEB_814.png,122.0775021533161,56.115838849792546,3148.9873698158863,7.5329822480634485,228.0,56.115838849792546,89.6273422241211,135.9152069091797,135.95480346679688,75.68570709228516,0.32966986298561096,139.68245908699396,153.0649354005168,185.54957659837885,0.9705326228031812,0.041160497687255715,0.499760937106089,0.001694186569862583,4.938972361342979,11.285073980703565,2.5618404858399707e-08,0.0770198105081826,49.04617392398356,953.7199086383959,0.005391903531438415,0.8103594915140491,15.4287271011093
UIEB_815.png,125.64502487562189,55.002925334153566,3025.321795314472,7.71729571825119,239.0,55.002925334153566,123.0346450805664,126.7950439453125,126.61076354980469,56.80827713012695,0.48552417755126953,104.55199419568822,152.6685240464345,301.7384695886178,0.9501382827427441,0.020120152431776436,0.32984749423074955,0.00040482053387791927,7.888711700263292,12.551817991725027,5.944240490957934e-09,0.11878524046434494,84.4342240648579,1349.430938098617,0.009672470978441127,0.8693742291711453,18.618765906518437
UIEB_816.png,118.58543859649123,53.12152161452286,2821.8960586422195,7.576956425057757,223.0,53.12152161452286,90.8979263305664,130.419677734375,130.28759765625,85.19126892089844,0.348658949136734,149.66801169590644,152.3114536340852,294.4614792406726,0.9478411818483702,0.025476437116077215,0.3545653171126162,0.0006490488481294367,7.762268777118088,12.208771807353589,9.670868821211802e-09,0.1340559732664996,83.59519126907695,1868.1254925994847,0.010446950710108606,0.7202053890371922,14.087013784069107
UIEB_817.png,121.2764,62.30988462161135,3882.521721558519,7.835632233245475,244.0,62.30988462161135,118.97283935546875,122.31878662109375,121.959716796875,52.106319427490234,0.48703768849372864,82.0963,140.4904,384.6320200333889,0.950460086026558,0.015048003276047743,0.22860651157905437,0.0002264424025959436,10.661535893155259,13.185307882373177,3.222406212363336e-09,0.18115555555555554,107.364714599434,2104.6013180460773,0.013155555555555556,0.7542125160230736,17.19489521894459
UIEB_818.png,118.1331888888889,39.628932070094606,1570.452257016173,7.168707955464749,203.0,39.628932070094606,98.8445053100586,126.48995208740234,125.68533325195312,86.0818862915039,0.39196744561195374,134.8192740740741,152.18725925925926,784.7697310332036,0.7501738064428861,0.029045617851786984,0.3454277977553438,0.0008436479163920468,13.235937673900947,12.219746751745173,1.2640214955590006e-08,0.18364814814814814,126.7721321281857,4679.79141519011,0.02231111111111111,0.5199251269661858,12.92514583194487
UIEB_819.png,119.71599195710456,50.588153319938954,2559.161256321651,7.553833045865997,231.0,50.588153319938954,111.15390014648438,123.44636535644531,122.95613861083984,57.273746490478516,0.4511070251464844,95.26519213583556,144.56468275245754,188.36154538171303,0.9632078818626035,0.024866450297768957,0.33924681306741544,0.0006183403504114139,6.600836067261342,12.20612167240996,9.20229433210623e-09,0.13006255585344056,79.32436590442133,885.7065205399106,0.011054512957998213,0.8040635874069806,16.67237279905534
UIEB_82.png,133.02098619329388,41.01509455883798,1682.2379816704206,7.307782271537402,210.0,41.01509455883798,132.54116821289062,133.22560119628906,133.2300567626953,28.107332229614258,0.497422993183136,44.08596646942801,145.21631163708088,69.73585660519011,0.9792770023467646,0.043067137745122504,0.4901386154307868,0.0018547783535573556,3.442033566792781,10.931431084148644,2.806884101096886e-08,0.067396449704142,50.330551470078795,343.81868617423135,0.005290927021696252,0.8216803853844338,20.134685748204475
UIEB_820.png,119.42048518518519,47.94888686370414,2299.095751468299,7.498612186639576,223.0,47.94888686370414,119.98770141601562,119.10968780517578,119.52301025390625,32.99611282348633,0.5028133392333984,52.25202222222222,132.10783333333333,455.4609942496754,0.9009567649425663,0.01632016858594043,0.22684324708313464,0.0002663479026735169,11.691704693006866,13.018595283202359,3.831315820480603e-09,0.1870777777777778,115.39496255092766,2022.4671013046777,0.017255555555555555,0.619232911026644,12.242490852112
UIEB_821.png,130.73242352941176,41.32290191213863,1707.5822224402307,7.254302372497505,208.0,41.32290191213863,126.70622253417969,132.45753479003906,132.42025756835938,76.36636352539062,0.4783572554588318,101.68902745098039,159.92729019607845,30.25604635176274,0.9911483395012903,0.038776218082620766,0.5266979217600289,0.0015035950887909656,2.0106726897770795,10.380029553790063,2.271020965161843e-08,0.021537254901960786,23.756245103487643,161.886438833664,0.0012352941176470588,0.654396458735187,11.517284323516447
UIEB_822.png,123.40030864197531,54.812883817721435,3004.452232415028,7.642688571809026,232.0,54.812883817721435,118.89883422851562,125.3885726928711,124.95838165283203,36.94762420654297,0.47493621706962585,67.5334670781893,138.90595679012347,472.55373152785506,0.9213629194096488,0.024663372908577223,0.29728779622642565,0.0006082819632275409,11.19997320637276,12.827557126754696,9.048815523758557e-09,0.2118672839506173,143.37325205772325,4285.96368168809,0.017839506172839505,0.8065662805238163,15.955529433472899
UIEB_823.png,121.88199024822696,40.552441926673374,1644.5005462162167,6.999776424749761,205.0,40.552441926673374,79.18275451660156,140.08047485351562,140.18739318847656,81.36713409423828,0.2825252413749695,160.36071808510638,158.0334485815603,422.46287695805074,0.8715016644389093,0.03541538682262823,0.3922767229596428,0.0012542496237963891,8.391126167726354,11.44808250252465,1.890549979757521e-08,0.12235815602836879,84.19061269090732,2692.599775476271,0.011777482269503547,0.5506527939190481,11.30417885692774
UIEB_824.png,123.22815185185185,43.97355672647985,1933.6736911769412,7.338258159737457,195.0,43.97355672647985,123.80757141113281,122.9124755859375,123.35918426513672,25.48806381225586,0.5027276277542114,42.02487407407408,134.81928518518518,14.060549063253571,0.996364996154911,0.04454911836334631,0.6612090720362713,0.0019846239469514396,1.3206937488406605,9.8523629815746,3.005012753126434e-08,0.01381111111111111,17.797920820506356,71.01578403155006,0.0009666666666666667,0.8397024114230182,15.824525980848422
UIEB_825.png,118.90380416666666,41.86632010174347,1752.7887588616495,7.344820619643646,225.0,41.86632010174347,119.43514251708984,118.59468078613281,119.1611328125,23.585355758666992,0.5023437142372131,39.01204166666667,128.455475,96.19860601001669,0.9725229065846354,0.03889550450994837,0.5185201760052083,0.0015128602710834142,3.747220367278798,10.909911413168214,2.2851585113844512e-08,0.060145833333333336,36.61242415734169,630.019818790816,0.0039791666666666664,0.7774588885537677,20.138198396520078
UIEB_826.png,131.7117446176689,52.660206130677324,2773.0973097254255,7.669987259538605,226.0,52.660206130677324,131.52108764648438,131.75918579101562,131.97320556640625,33.992122650146484,0.4986914396286011,54.55724573125464,145.82002598366742,346.823168532558,0.9374699717253134,0.0124443580491582,0.17548268875719442,0.00015486204725564847,11.21373781841302,13.328435173059852,2.1301766692069774e-09,0.21642538975501113,118.56767424207484,1609.5329509420287,0.01945063103192279,0.903818545270148,19.133161089385943
UIEB_827.png,124.58318148148147,55.455383862702256,3075.299599359658,7.691055513959783,234.0,55.455383862702256,124.38385009765625,124.69902038574219,124.49346923828125,25.550289154052734,0.4991476535797119,44.27593703703704,135.70146296296295,239.7063253570766,0.9610196098382351,0.02499334483581984,0.40784125011289374,0.0006246672860822023,6.624292339083658,12.069373217735276,9.298835708918795e-09,0.09755555555555556,67.33239584070945,1183.99964903369,0.007703703703703704,0.8400085256940346,18.292232952739706
UIEB_828.png,118.1033375,53.20631588944832,2830.9120505277606,7.504218379707941,228.0,53.20631588944832,99.88359832763672,125.83098602294922,126.11287689208984,68.85260009765625,0.39645180106163025,132.02654583333333,149.51888333333332,147.94948247078466,0.9738541726591373,0.027819090455152705,0.3911028354861793,0.0007739017937519684,5.291577629382304,11.724671360601047,1.1575973582297794e-08,0.09764583333333333,70.81446273521638,651.8456950108333,0.010141666666666667,0.8116984249897178,18.62410209267856
UIEB_829.png,118.73492962962963,58.88205487113115,3467.0963858469,7.597368251791939,215.0,58.88205487113115,103.77605438232422,125.10133361816406,125.20073699951172,56.88814926147461,0.41460326313972473,114.83066296296296,143.0234074074074,362.0998070858839,0.9477832467582182,0.018027973266913133,0.23282787407715563,0.00032500782011253456,9.837859395288444,12.799610738827683,4.726395127106241e-09,0.19424074074074074,123.2097691701121,2796.8408965017147,0.014451851851851851,0.7005187297227696,14.667980767246709
UIEB_83.png,117.42408777120316,53.983615991511016,2914.2307955189235,7.569360535332122,227.0,53.983615991511016,115.38667297363281,118.85875701904297,115.42533874511719,114.40992736816406,0.4925075173377991,152.00350591715977,166.09476824457593,100.99173672096492,0.9826844174183701,0.03799033023944229,0.5227754749492248,0.001443265191701883,3.269872865031463,10.9680525538706,2.1789648477773793e-08,0.05121301775147929,47.20853120616459,474.81285815155866,0.003367850098619329,0.7179127199889036,15.404585265564926
UIEB_830.png,118.42358888888889,39.35686695046893,1548.9629761569136,7.094078500746687,182.0,39.35686695046893,109.11312866210938,122.42188262939453,122.25676727294922,57.03738784790039,0.4459446370601654,98.92027037037037,145.0841925925926,928.8536931923577,0.7002239430744815,0.018063040756475933,0.18964373608199764,0.0003262734413701106,17.250250417362274,13.029757724154043,4.7457069749086085e-09,0.2474851851851852,142.90558485382624,7415.860959636489,0.019296296296296298,0.5266362988676968,13.305168213209797
UIEB_831.png,124.42886666666666,43.880921434888016,1925.5352659748148,7.346960444899426,216.0,43.880921434888016,124.36262512207031,124.4660415649414,124.3868179321289,21.6035099029541,0.49974361062049866,38.353714814814815,134.46022962962962,113.9702615470228,0.9703764112573493,0.02585584672852432,0.3178257875102375,0.0006685248100489418,5.282626599888704,11.755643368504169,9.968048415930813e-09,0.08893333333333334,54.99349000636656,462.7273991044719,0.0075,0.7181531791967212,15.69486201882485
UIEB_832.png,119.97509259259259,48.28113240477819,2331.067746287723,7.400061970235511,226.0,48.28113240477819,117.72651672363281,120.73960876464844,121.8871841430664,38.50038528442383,0.4852164685726166,72.14951481481482,138.67824814814816,171.28796141717677,0.9632525361703272,0.035318284519893044,0.40504269583132757,0.0012473812214281166,5.703372287145243,11.604296184504863,1.8800696294641363e-08,0.09244444444444444,58.11041680804899,854.4965184701097,0.00797037037037037,0.7668954757957919,16.3265640286436
UIEB_833.png,122.85607950401167,25.574517874212606,654.0559644984202,6.648303235599475,197.0,25.574517874212606,122.71276092529297,122.9616470336914,122.6935806274414,30.27614402770996,0.49953246116638184,46.25388037928519,135.6327899343545,41.248725994819964,0.9681389509178846,0.05051009412087905,0.5105345697171939,0.00255126960810006,2.870100787965355,10.18616392717103,3.8696454147911974e-08,0.06480671043034282,40.74790377323442,499.4066731194813,0.005835156819839533,0.8900458195927072,14.730916485422146
UIEB_834.png,123.26581851851851,62.74550858764809,3936.99884792262,7.772135796858979,233.0,62.74550858764809,115.40789794921875,126.54558563232422,126.9911117553711,79.19779968261719,0.45519208908081055,127.80165925925925,156.57455555555555,272.24127620107583,0.9654308691508557,0.02061446172967798,0.33874417078607183,0.000424956032404358,7.604488963086626,12.485339238282311,6.251483815641143e-09,0.1300111111111111,92.39994924324641,1221.8070218710563,0.014237037037037038,0.815376119265021,18.04478892847709
UIEB_835.png,122.68071992110454,41.86716929725424,1752.8598649649484,7.383376471137957,209.0,41.86716929725424,122.43960571289062,122.79957580566406,122.6753921508789,24.509090423583984,0.4987865090370178,39.95904339250493,132.8976775147929,46.73135699538679,0.9866700448952822,0.026371194936102713,0.38914321062693163,0.0006954399223579294,3.4380179984392134,11.377105772791607,1.0378740437247152e-08,0.05510848126232742,44.337283651696616,155.43613036422528,0.005,0.834326914146839,18.50125825633939
UIEB_836.png,120.78997534516765,34.47665358050061,1188.6396421098457,7.035607805975413,186.0,34.47665358050061,120.2286376953125,121.0346908569336,120.96028900146484,18.481813430786133,0.49682286381721497,32.61129191321499,127.32678007889547,36.500390196678886,0.9846093489264695,0.03569825313702805,0.4856658454337309,0.0012743652770353328,2.507364344914108,10.489394134528506,1.921244030720265e-08,0.03816568047337278,35.15329302816214,111.60795326258321,0.003880670611439842,0.9032633986551374,18.173707143619843
UIEB_837.png,123.02432962962963,40.28734923110631,1623.0705080691223,7.311802088570883,202.0,40.28734923110631,122.98072814941406,123.11483764648438,122.667724609375,30.473236083984375,0.5003639459609985,48.50491111111111,136.38106666666667,62.405549990725284,0.9807758799649599,0.025901889454291217,0.3842365603421928,0.0006709078773023226,3.8676163976998703,11.429775788210222,1.00044111364719e-08,0.06597407407407407,45.99458141797592,309.6214362584225,0.005359259259259259,0.7307970671669551,16.65921357111438
UIEB_838.png,120.17077407407407,49.31772278461434,2432.2377806600684,7.567600636302949,226.0,49.31772278461434,119.36970520019531,120.50127410888672,120.58356475830078,25.267375946044922,0.49513566493988037,46.39178888888889,131.29947407407408,157.96911148209978,0.9675342144501556,0.01712045936982017,0.23777911455802608,0.0002931101290336632,6.962596920793915,12.553332412221135,4.239674987352955e-09,0.13433333333333333,79.0198231822377,752.6164065118792,0.010837037037037037,0.7440005967597948,14.195188004759293
UIEB_839.png,129.6562851851852,37.15205309286373,1380.2750490149656,7.199773284519398,188.0,37.15205309286373,129.7954559326172,129.6252899169922,129.42825317382812,13.304913520812988,0.5010371804237366,23.19502962962963,135.5443,21.96210350584307,0.9920451506828267,0.02675551336340153,0.37116663050850124,0.0007158574953391578,2.8013318493785935,11.037364451940899,1.0690287876535918e-08,0.023514814814814815,36.01930777553777,26.317765829780523,0.0026703703703703703,0.6205239079013856,14.971331369560527
UIEB_84.png,122.54095925925925,37.38826271713822,1397.8821890057475,7.145657367340746,223.0,37.38826271713822,121.46315002441406,122.98469543457031,123.07070922851562,40.08191680908203,0.4936414659023285,63.78863333333334,140.81625185185186,111.07302912261176,0.9602753601066734,0.03208499035051209,0.36146681945840065,0.001029446605792454,4.7762084956408835,11.389849571836539,1.5475277965239777e-08,0.07913703703703703,52.28144953651204,460.0147042205624,0.0070074074074074075,0.7643861358708172,15.107578441379596
UIEB_840.png,118.39671111111112,43.217251419940176,1867.730820294321,7.357570539921581,216.0,43.217251419940176,85.63436889648438,132.6968536376953,130.6947021484375,89.94306945800781,0.3251219391822815,158.31645185185184,155.19306666666665,1447.6091634205156,0.6125724895705573,0.030272188506507893,0.3944030151194191,0.0009164053969735486,18.12661101836394,12.103191931542106,1.3750406004502084e-08,0.2247259259259259,155.1296384823365,11612.709089565418,0.01884074074074074,0.4360476349383659,11.05978547072927
UIEB_841.png,122.39611439842209,51.520747976728636,2654.3874720815875,7.612851269932331,231.0,51.520747976728636,115.58970642089844,125.34601593017578,125.07201385498047,36.27130126953125,0.46158701181411743,74.47751972386588,137.1613560157791,131.03422370617696,0.9753152407225966,0.024749039647440827,0.38182427899481197,0.000612514963470598,5.080138495125011,11.885925847369677,9.113405981568876e-09,0.0920956607495069,62.6455928921671,766.5304242229838,0.006957593688362919,0.7814965036995347,16.764792402327796
UIEB_842.png,122.48119822485206,29.434734100082522,866.4035715425609,6.909579066999251,178.0,29.434734100082522,120.79020690917969,123.25440216064453,122.9278793334961,90.99411010742188,0.49065354466438293,119.99897928994083,160.45703648915188,27.693675850283014,0.9840116714583003,0.041121350451920925,0.5014187432543781,0.0016909654629896974,2.3063439065108513,10.311348614452628,2.5569254668078573e-08,0.02930966469428008,27.338421330114908,117.28135680062458,0.002337278106508876,0.7644611564781748,14.68501899701068
UIEB_843.png,131.61166666666668,36.87509603604135,1359.7727076672722,7.080014301932649,215.0,36.87509603604135,129.07568359375,132.67239379882812,132.79884338378906,50.426116943359375,0.48621341586112976,71.41133514986376,152.74653042688465,149.63860748841165,0.9450132945310378,0.044455621402209364,0.44666852797192136,0.0019763022742565754,5.059586140388386,11.076043292922549,2.992314888296624e-08,0.08498183469573116,51.08409793153254,988.9458159780227,0.005917347865576748,0.8327715327409034,17.80097243457549
UIEB_844.png,122.39420333333334,12.179966080904695,148.35157373198888,5.3825805951945185,107.0,12.179966080904695,122.18109130859375,122.52864074707031,122.19933319091797,43.56945037841797,0.49925267696380615,65.85358333333333,141.49089333333333,46.422908180300496,0.8436642139584392,0.1151926035162888,0.6425465951583993,0.013269335904860909,2.3443572621035056,8.112752436759514,2.0224116692807636e-07,0.025496666666666667,16.305842256839643,305.7054099639,0.0013933333333333332,0.8302992155913754,16.54218926275044
UIEB_845.png,122.92770601336304,51.80400517096352,2683.6549517532153,7.659735259131982,237.0,51.80400517096352,122.86746978759766,122.98773193359375,122.77236938476562,19.737716674804688,0.49994879961013794,35.1741425389755,131.25833704528583,70.18557283668773,0.9869218866281344,0.020503553254285354,0.3248576045531307,0.00042039569605131555,4.2910195537477085,11.923097099582234,6.181898605176017e-09,0.0750482553823311,55.879872615975934,227.75472880871953,0.005942835931700074,0.7594389274009533,15.132133869103537
UIEB_846.png,124.5596587537092,44.14194644425535,1948.5114358875076,7.30353825309003,215.0,44.14194644425535,124.83426666259766,124.87051391601562,122.22156524658203,46.121639251708984,0.5052135586738586,58.634431256182,141.74005934718102,20.270728167123245,0.9947957189421922,0.03272742221540917,0.47502763580066315,0.0010710841648656575,2.2111828319206586,10.67951528510013,1.6110616696215175e-08,0.024154302670623146,29.02694202827494,58.19721597479653,0.0017705242334322452,0.8695072666738501,18.553510299923552
UIEB_847.png,128.37083209876542,37.48701684187038,1405.2764317026733,7.19850617761672,195.0,37.48701684187038,128.0275421142578,128.49627685546875,128.58421325683594,59.00724411010742,0.49800562858581543,68.62088395061728,150.49614814814814,4.45571260743214,0.9984126060083365,0.04000452307804311,0.576182734150045,0.0016003618667016835,1.2492969764422184,9.922093383767184,2.4186753504015862e-08,0.0021925925925925928,16.26072329000958,4.201686100039629,0.000654320987654321,0.6672961129827074,13.179045865963698
UIEB_848.png,121.46695185185185,35.60024579146184,1267.3775004124964,7.0176292702801035,168.0,35.60024579146184,120.82391357421875,121.88224029541016,121.00875854492188,27.273929595947266,0.497440904378891,51.618877777777776,133.87551851851853,6.796082359488036,0.9973183948136474,0.04530336592209914,0.613242479759815,0.0020523949638716135,1.214186607308477,9.626904908789703,3.108423118300039e-08,0.007648148148148148,14.85489286221512,15.466106028957476,0.0005407407407407407,0.6901996058334467,18.455881541186173
UIEB_849.png,124.24129259259259,22.692483584175914,514.9488112180933,6.489628978029479,126.0,22.692483584175914,124.22428131103516,124.2739028930664,124.1209716796875,14.947989463806152,0.5001080632209778,26.918144444444444,131.23276666666666,3.2216991281765903,0.9968695149877116,0.05551528757483332,0.6266123781220159,0.0030819471545164433,1.01810795770729,8.972839324183614,4.6793950888884626e-08,0.001937037037037037,13.628897562772236,6.3496013412208505,0.00044444444444444447,0.5310599691675435,16.28711985776743
UIEB_85.png,123.2467962962963,50.67445706660844,2567.9005989955417,7.5953844819567635,230.0,50.67445706660844,123.01627349853516,123.38916778564453,123.13145446777344,29.12639808654785,0.4990100562572479,49.800585185185184,135.66748518518517,271.13702467074756,0.9472101160353318,0.016794635226610247,0.2299696961578418,0.0002820597723948978,8.584392506028566,12.747098556177239,4.071059926336636e-09,0.1444111111111111,84.17519846374492,1257.8928006606172,0.011348148148148149,0.7593020895944491,17.161175550145174
UIEB_850.png,126.01093333333333,27.886165993114858,777.6382537955557,6.782378614777666,168.0,27.886165993114858,126.00653076171875,126.01840209960938,125.97676086425781,13.186142921447754,0.5000355243682861,25.257303333333333,132.28952333333334,13.872934891485812,0.9910791803789879,0.04038245571107096,0.481656067007905,0.0016307427292566073,1.9988981636060097,10.06159290812083,2.4650328677278248e-08,0.01068,22.116876035206005,51.51014646115556,0.00127,0.5441711426650031,17.268221804451436
UIEB_851.png,120.65775830258302,25.086987686574783,629.3569511863548,6.632779119087067,148.0,25.086987686574783,120.88268280029297,121.95774841308594,113.37581634521484,44.719696044921875,0.5136653184890747,82.34116236162362,139.36882841328412,29.411007891381086,0.9766356827979455,0.03807907897722052,0.4275363022044039,0.001450016255753398,2.6577968200383175,10.251402516985344,2.189266154008328e-08,0.03107011070110701,29.74656771802994,74.72107868174415,0.0033210332103321034,0.506575003825033,17.003670628067322
UIEB_852.png,123.93117777777778,44.61360235795335,1990.3735153535804,7.360891851868852,219.0,44.61360235795335,123.76934814453125,124.01065063476562,123.95205688476562,23.50310707092285,0.4991450011730194,42.11272592592593,135.26057407407407,141.5070376553515,0.9644434690991837,0.026095088027333315,0.3124340091541832,0.0006809536191542745,5.868937117417918,11.858480272836378,1.0157696992367164e-08,0.0992,59.50900750101815,668.3407034113031,0.008148148148148147,0.7177263157917159,15.963792687855968
UIEB_853.png,120.69672592592593,31.15413061643069,970.5798544656242,6.756457848682998,157.0,31.15413061643069,119.84003448486328,121.31721496582031,119.74626922607422,47.353633880615234,0.4971306025981903,82.63175925925925,142.75424814814815,5.242953069931367,0.9972987686407,0.05511939124962529,0.6400410127187945,0.003038147291729269,1.1163346317937304,9.245608435058163,4.612561802164868e-08,0.009207407407407407,15.393881856457236,15.386207275665294,0.0005111111111111112,0.6498214415949121,18.29972217204921
UIEB_854.png,121.15999315537303,48.999301784406036,2400.9315753592964,7.482297158333298,220.0,48.999301784406036,117.31903076171875,122.7538833618164,123.01823425292969,44.61613082885742,0.47734880447387695,78.75845311430527,139.10557837097878,73.53556749270689,0.9846956843138499,0.027166723467830844,0.40773453314930846,0.0007380308639775911,3.8323729144741585,11.459777999827379,1.1028626631394822e-08,0.06332306639288159,48.53788154020335,287.53151363878595,0.006430527036276523,0.7611061023427858,17.264802344569784
UIEB_855.png,124.48688010899183,20.762750489437213,431.09180788662525,6.27735402772656,196.0,20.762750489437213,123.76121520996094,124.80982971191406,124.70094299316406,35.53121566772461,0.4960155189037323,38.81411898274296,135.6340463215259,11.197895675353564,0.9870159178793626,0.08087973628825965,0.7027199814465771,0.006541531742058424,0.9387262148994919,8.405119811024509,9.958302235406377e-08,0.003592188919164396,9.99637827607666,31.357574891952737,0.0002679382379654859,0.743506546304952,11.925866433439653
UIEB_856.png,118.74031481481481,54.985505334932846,3023.4057969379287,7.448180406841204,218.0,54.985505334932846,111.41893005371094,121.74781036376953,122.45780944824219,55.52552795410156,0.45625045895576477,82.90208518518519,140.46145185185185,135.43939899833055,0.9775934165295674,0.029358923655769174,0.3631163261275542,0.0008619463982252828,5.344307178631052,11.704261423562443,1.2919427630047343e-08,0.09597037037037037,58.00433917788658,919.3704081497806,0.005462962962962963,0.7338587241831084,17.015764113753576
UIEB_857.png,123.68211851851852,28.56280065038022,815.8335809933607,6.829064339858938,206.0,28.56280065038022,123.61214447021484,123.71577453613281,123.67918395996094,43.67898941040039,0.4996550679206848,68.0906037037037,142.69058148148147,243.20333518827675,0.8509358513746722,0.02506983247647592,0.2502155141803031,0.0006284965003985669,6.75199777406789,11.61609941272266,9.35726488244731e-09,0.044862962962962966,53.42913661021386,1832.0135814682992,0.003896296296296296,0.717424207793618,13.97552026271643
UIEB_858.png,118.88354421013689,50.807573012444685,2581.4094754148973,7.624759276585217,236.0,50.807573012444685,116.17296600341797,120.29829406738281,118.72311401367188,73.41473388671875,0.4860358238220215,105.29449685534591,148.24700702922678,140.9670445933752,0.9726757141679961,0.0318056856328435,0.49119870852615466,0.0010116016385752675,4.725383964024392,11.551159489319367,1.5202985374645497e-08,0.0741416944136145,48.45756535209821,511.7764204177262,0.005843507214206438,0.767128064188528,18.11462505533663
UIEB_859.png,122.0963111111111,59.832348352334144,3579.909909355062,7.799726922120891,240.0,59.832348352334144,122.24375915527344,122.177734375,121.28608703613281,12.593606948852539,0.5021023750305176,28.909407407407407,127.40818148148148,515.5207679465776,0.9279863161400169,0.011918789107983626,0.16171829876195457,0.00014205753380058914,13.346121313299946,13.624761662596343,1.934795299348284e-09,0.22564444444444445,127.00928600182765,2877.6815147762823,0.01774814814814815,0.8722642898161049,18.64922281567606
UIEB_86.png,123.79942222222222,40.18628776225315,1614.9377241106172,7.285484137321541,217.0,40.18628776225315,123.5682373046875,123.89595794677734,123.90950775146484,22.627079010009766,0.4986501634120941,33.890685185185184,132.56534814814816,99.37033203487293,0.9692215622554634,0.023640133890340444,0.2929202813635545,0.0005588559303532229,5.272821368948247,11.824399861188066,8.294634113933148e-09,0.09695185185185186,58.128240053973485,383.86044322950613,0.007937037037037038,0.6951585495091952,15.33328368771459
UIEB_860.png,119.79166666666667,42.505153816048306,1806.688100925926,7.159261614930593,214.0,42.505153816048306,119.46321105957031,119.9861068725586,119.6203384399414,46.13106918334961,0.4985809624195099,74.02841111111111,140.61214814814815,92.61372287145241,0.9743608385233247,0.052572167420211736,0.4619201350520933,0.0027638327872587724,4.296965312557966,10.956637950728876,4.193991086114916e-08,0.08028518518518518,49.242642892428314,294.77948820060357,0.00804074074074074,0.818149656647079,23.428764990541087
UIEB_861.png,121.52285185185185,62.823789991562734,3946.8285889039776,7.629396736705068,238.0,62.823789991562734,120.2618637084961,122.05635833740234,122.1039047241211,29.5363826751709,0.4925529658794403,50.320933333333336,133.98164074074074,143.68278612502317,0.9817917703116974,0.02066844255376389,0.283134310922713,0.00042718451759823803,6.090866258579114,12.270740974524614,6.285487801143464e-09,0.10587037037037036,65.86133442217748,578.3270453127024,0.009029629629629629,0.7039932018336854,14.890663235895104
UIEB_862.png,124.8770355987055,48.45001600904844,2347.40405127705,7.574787277345196,233.0,48.45001600904844,124.81124877929688,125.4021987915039,122.34723663330078,44.45330810546875,0.5037801265716553,62.333087378640776,141.35377022653722,163.29198502358298,0.9652251234670918,0.018393815729901487,0.2706520987917784,0.0003383324571055714,6.663358023890951,12.437209957240269,4.929712952317372e-09,0.09767961165048544,60.69708255517857,656.2236670422807,0.006841423948220065,0.7988486979047873,17.64880682710231
UIEB_863.png,116.94660173160173,45.89514321003862,2106.364170269954,7.079817595416852,218.0,45.89514321003862,111.86428833007812,120.45913696289062,112.19612121582031,48.62080383300781,0.4808156490325928,95.76552813852814,135.58722727272726,93.80210524033562,0.9777494824862011,0.04315119968130414,0.5007812412787487,0.0018620260339357825,3.609910456821976,10.66023600215929,2.8179431837055695e-08,0.04884199134199134,36.35970282869512,461.40478746273493,0.0037012987012987014,0.7209450346533086,16.999492639436674
UIEB_864.png,123.81724583333333,50.53998669450985,2554.2902550812323,7.634371164186301,239.0,50.53998669450985,124.07994842529297,123.70939636230469,123.68684387207031,30.39842987060547,0.501543402671814,54.5224,137.05460833333333,166.9059265442404,0.9673385777816199,0.01532700957685668,0.22226921667799615,0.00023491722256905638,7.507387312186978,12.758129293404465,3.3517217026757256e-09,0.18425,107.79675525613612,1418.0505822291493,0.014854166666666667,0.825373709509957,18.589332599183496
UIEB_865.png,120.9230591818973,48.8976123676209,2390.9764952541123,7.53218037457033,227.0,48.8976123676209,120.25131225585938,121.44805145263672,119.9874038696289,30.976030349731445,0.4980681538581848,40.65901218450827,131.132771975631,79.6740520536839,0.9833320139995202,0.021825406929045322,0.3090617125417662,0.00047634838761841954,4.765252792949084,11.947834103601382,7.035668923277579e-09,0.08614447345517842,63.616048003102016,231.06670580614238,0.006919060052219321,0.8110802119851321,17.85561320378896
UIEB_866.png,123.24678888888889,28.512067537173113,812.9379952443209,6.669422008035238,205.0,28.512067537173113,122.99425506591797,123.4037857055664,123.09699249267578,33.48411178588867,0.4989609122276306,51.09557407407407,136.8373777777778,34.09657206455203,0.9790008563264346,0.0684773432393818,0.6379407048539686,0.004689146537124109,1.9381376368020775,9.3976778437405,7.131786724947521e-08,0.03014814814814815,22.031721872122738,119.58359181558299,0.003037037037037037,0.8110360718524201,15.46700145155798
UIEB_867.png,116.04055416666667,69.49947332792938,4830.176792859566,7.662019616877337,240.0,69.49947332792938,115.6446533203125,116.6820297241211,113.75818634033203,19.534894943237305,0.5018423199653625,36.781525,122.7940875,427.97737061769624,0.9556983005690636,0.061492204211712885,0.2716456884806376,0.0037812911788149997,10.588981636060103,12.687042863238297,5.7465093837776146e-08,0.1691125,96.32430183329026,1908.7740713499825,0.013633333333333334,0.6940306135710989,16.128718482146574
UIEB_868.png,121.23101111111112,61.61010600254085,3795.805161644321,7.778034705976991,237.0,61.61010600254085,111.44095611572266,125.98583221435547,122.42491149902344,75.70555877685547,0.448615700006485,124.03955277777777,149.24058888888888,1033.8683138564274,0.863846131063074,0.012258464738753526,0.16884109205258724,0.00015026995775126355,17.917896494156928,13.8256503910885,2.060106944103448e-09,0.24313333333333334,166.39649821861983,7927.118669144414,0.01721388888888889,0.730915173083627,14.315946613097912
UIEB_869.png,125.14251666666667,59.35180639486094,3522.6369223330553,7.771336583365608,242.0,59.35180639486094,124.37844848632812,125.540283203125,125.09941101074219,60.36370849609375,0.49624401330947876,90.54687916666667,148.87823333333333,1110.436356427379,0.8422965960210688,0.013238707863758248,0.1988004620298402,0.00017526338590193448,18.45709098497496,13.773316558671482,2.441476392203285e-09,0.22775416666666667,152.43553003044988,6870.156216723332,0.015604166666666667,0.8695072966444104,19.561534363188034
UIEB_87.png,121.86692242114238,45.02093475898561,2026.884566572839,7.483304336471635,222.0,45.02093475898561,116.47746276855469,124.21377563476562,123.90431213378906,86.32039642333984,0.4694436490535736,123.40096334185849,157.39702898550723,614.1494391761205,0.8484115718771944,0.021148566157525934,0.3019240820953575,0.00044726185051925123,12.33398374955702,12.808902931362727,6.59184358912279e-09,0.17526427962489344,103.62971966655117,3965.478401533055,0.011679454390451833,0.8033663984418197,16.804944248485306
UIEB_870.png,119.69195185185185,55.88693002016807,3123.3489470791633,7.672740739240349,238.0,55.88693002016807,108.79715728759766,124.31977844238281,124.43832397460938,105.09136962890625,0.4373612701892853,161.40173333333334,168.63283333333334,383.64467074754225,0.9385907757202316,0.021533020117991825,0.3259422172143602,0.00046367095540184066,9.194023372287147,12.63410933521392,6.84222665923066e-09,0.14585925925925927,91.29937491622424,2270.0391296241423,0.011777777777777778,0.7450536365135743,17.350553863151475
UIEB_871.png,118.30677031509121,54.500988859533365,2970.35778666698,7.656212231749954,227.0,54.500988859533365,116.67313385009766,119.19791412353516,118.0011978149414,53.79349136352539,0.4918784499168396,91.37382255389718,140.86217661691543,299.00096761601014,0.9496618552582733,0.015578112006361975,0.23353668500933222,0.00024267757368275913,9.615532521034229,12.96377578289893,3.470135263370653e-09,0.17488805970149254,95.18406958440501,1165.7903101364377,0.01582089552238806,0.8330369767987218,17.917735047312743
UIEB_872.png,117.3835375,47.60257086705255,2266.0047531527603,7.242385295817859,232.0,47.60257086705255,110.50789642333984,120.1614990234375,121.1172866821289,78.77362060546875,0.45800918340682983,118.127225,150.787075,391.25676126878136,0.9136315639223443,0.0427771313247278,0.35917823430051776,0.0018298829643730087,9.093430717863104,11.957624631392992,2.7688967518776075e-08,0.14025416666666668,87.00314082082654,2400.773173774931,0.011154166666666666,0.7885187761496658,17.185439983264573
UIEB_873.png,121.35061851851852,56.095752100239366,3146.733403691509,7.728220999033699,237.0,56.095752100239366,121.01258087158203,121.51239776611328,121.4153060913086,67.7970199584961,0.4981423616409302,111.46221851851851,152.5640962962963,239.94772398441847,0.9618564325530232,0.023521911852799962,0.3895755904207104,0.0005532803372108913,6.606332776850307,12.174223831184298,8.209557314275987e-09,0.10947407407407407,73.87312931686559,1205.9359503648834,0.009622222222222223,0.8233109610551991,20.59399629560879
UIEB_874.png,123.39811851851852,45.12956719245761,2036.6778349785461,7.376710036463966,217.0,45.12956719245761,123.27600860595703,123.45002746582031,123.4782485961914,25.628877639770508,0.49923810362815857,46.9968,135.75103333333334,157.32652940085325,0.9613634972034797,0.024365545077875354,0.28968424534776827,0.0005936797869419759,6.405082544982378,12.023409648633121,8.826003995963683e-09,0.10802962962962963,64.01001248452948,780.1171497958711,0.008429629629629629,0.7287395957984497,15.800189487956398
UIEB_875.png,117.64296542553191,45.13775963176557,2037.4173445750455,7.2145029978517785,219.0,45.13775963176557,101.00897216796875,124.8666763305664,124.07996368408203,105.5064468383789,0.4057454764842987,171.60926418439718,164.92277925531914,452.3913037686926,0.8888782938304153,0.03127846385881644,0.33147760923153136,0.0009783423013672863,9.945880545590168,12.123601757711564,1.4695488163830357e-08,0.15093085106382978,100.81077628810651,2734.586639373,0.011551418439716313,0.7225177057486393,15.505477686222262
UIEB_876.png,137.6691617357002,69.63560262924379,4849.117153537944,7.773472580590106,249.0,69.63560262924379,137.3156280517578,137.88917541503906,137.41409301757812,42.52593994140625,0.4987794756889343,65.73533037475345,154.8624013806706,396.6655322974188,0.9591237437616534,0.03266709264202125,0.4691677084568149,0.001067138941682399,8.49350989321453,11.862320866196852,1.6050417367857342e-08,0.1260897435897436,90.6359949357355,2688.7627868203144,0.010961538461538462,0.8525574115245221,17.12281907912225
UIEB_877.png,135.14532051282052,60.71840889543084,3686.725178792735,7.657733096408561,238.0,60.71840889543084,134.6707763671875,135.41201782226562,135.04336547851562,34.899620056152344,0.4979408383369446,50.53855522682446,149.29013313609468,165.42697395066727,0.9775619084818941,0.0333465630703349,0.49241615615856493,0.0011119932686038234,5.131886477462437,11.42695538781426,1.6734840080891775e-08,0.09350098619329389,62.169097844929325,981.2960154171967,0.008732741617357003,0.9026846607173461,20.605856344912898
UIEB_878.png,126.33610453648915,40.455859407109,1636.6765603677702,7.248485000501555,206.0,40.455859407109,125.95743560791016,126.59564208984375,125.97601318359375,24.822874069213867,0.498699814081192,34.73482741617357,135.8937869822485,76.00865347571397,0.9767855393066579,0.03779573181663056,0.4903834189809271,0.0014285173435546596,3.5810275508490483,10.927474807013011,2.1564614173769525e-08,0.07027613412228796,43.494537779073866,376.9832012767021,0.006306706114398422,0.8090276195816336,17.78819957063557
UIEB_879.png,121.02269230769231,38.807379453517726,1506.0127000493096,7.23163167123158,215.0,38.807379453517726,119.2033920288086,121.78788757324219,121.85901641845703,24.977020263671875,0.4892464578151703,42.51994082840237,131.97023175542407,105.58185733619149,0.9649235107997465,0.041623585820117215,0.5015909534192342,0.001732522896524663,4.103456451087117,10.97225226296775,2.6203370780367476e-08,0.07146449704142012,42.83833505804823,521.7860515285996,0.005927021696252466,0.7931826747239743,15.037639964532625
UIEB_88.png,121.50285382830627,49.18981083438089,2419.637489922176,7.151334248072127,188.0,49.18981083438089,109.31900787353516,126.68609619140625,126.77192687988281,79.20565032958984,0.43131011724472046,132.05052204176334,153.35496133023975,73.38578411815516,0.984831113332086,0.039905220580620925,0.46196843493248124,0.0015924266295880118,3.651059964596834,10.872321275557196,2.4065671394737427e-08,0.05365815931941222,35.902936784554896,324.2235832539265,0.004798917246713071,0.5931599670522347,16.798634588837146
UIEB_880.png,123.54681481481481,47.362858172823984,2243.2403342990397,7.512762143729985,223.0,47.362858172823984,123.58895111083984,123.54585266113281,123.45267486572266,16.56679344177246,0.5003631114959717,28.241440740740742,130.10084444444445,155.90233722871452,0.9652404976620912,0.017492246119629136,0.23600657556013488,0.00030597867430968057,7.083283249860878,12.496694694516739,4.436033405260932e-09,0.1297962962962963,69.88850313489026,644.7247146004801,0.010448148148148147,0.7412870137185754,15.853363087265787
UIEB_881.png,126.26367389060887,62.16766097850753,3864.8180715386475,7.826671569636667,241.0,62.16766097850753,125.827880859375,126.43913269042969,126.49642944335938,25.386831283569336,0.49747011065483093,53.379391124871,137.67399380804954,344.380572367775,0.9554595849940393,0.012285237058020055,0.16953084680911434,0.00015092704957174927,11.318678705996062,13.444545883978845,2.0701333695869334e-09,0.21908152734778122,127.17592134614121,1404.5295778601028,0.02064499484004128,0.7862205523093547,15.507208189641599
UIEB_882.png,125.21272962962964,37.19844055115767,1383.7239794380112,7.170234504184484,202.0,37.19844055115767,125.18238830566406,125.20391082763672,125.35025024414062,18.246564865112305,0.49962204694747925,31.176796296296295,133.70331851851853,86.99452420701166,0.9685548759945511,0.027457348515532977,0.3402883742808215,0.0007539059875034409,4.691003524392505,11.507389426858344,1.1270861792616901e-08,0.08224814814814815,51.20213056373828,318.07313892323725,0.00694074074074074,0.677071785881396,16.694778595270066
UIEB_883.png,122.53040927021696,43.74636070893538,1913.744075276285,7.388349069028451,214.0,43.74636070893538,121.79299926757812,123.0823974609375,121.6384048461914,107.03659057617188,0.4976814389228821,148.9838067061144,171.01251972386586,119.43653623889915,0.9687846759301605,0.03803714644179011,0.48091411856587973,0.0014468245094341862,4.642747774891091,11.316245167759018,2.1843959356257423e-08,0.08874260355029585,57.77215863451342,445.2256730386036,0.008599605522682446,0.8676339233821165,18.97390346869762
UIEB_884.png,122.84128787878788,42.41640253960694,1799.1512044019744,7.356423017518126,214.0,42.41640253960694,122.51509094238281,122.9569091796875,123.11756896972656,50.85575485229492,0.4978780746459961,78.22451136363637,144.21455681818182,364.89333358628016,0.8985938054564632,0.037561265039873774,0.4418265004269674,0.0014108486313956438,8.714224465017454,11.822855868273969,2.1295011021929074e-08,0.13143939393939394,76.76830205926926,2175.4495767922263,0.010151515151515151,0.8426284460167851,15.278752846995811
UIEB_885.png,124.26196252465483,36.088558138219334,1302.384028495637,7.149475017647524,209.0,36.088558138219334,124.06810760498047,124.38592529296875,124.1322250366211,74.56138610839844,0.4992315471172333,90.20964990138067,152.77614891518738,106.33335638292617,0.9591029423120707,0.03380372275350722,0.35997559365754367,0.001142691671995982,4.652487874267764,11.418107382186328,1.720326054280826e-08,0.07779585798816568,55.44016588994179,323.7056980715739,0.007386587771203156,0.8279186460034968,17.912415092558394
UIEB_886.png,125.93241617357002,40.78390505722013,1663.3269117163459,7.338891889760663,228.0,40.78390505722013,126.57559967041016,125.7449722290039,125.21546173095703,72.06044006347656,0.5043647885322571,104.09096153846154,158.4930325443787,73.97713151109838,0.9777407678193469,0.027048005976037737,0.3530612417203398,0.0007315946272797732,3.9387835742015787,11.466852409899213,1.0930417453266494e-08,0.04784516765285996,47.72235743567711,255.29171797896512,0.0045710059171597634,0.8862382333754155,19.442547332941025
UIEB_887.png,118.96128205128205,47.815912921681836,2286.3615285338597,7.5105668862520325,227.0,47.815912921681836,120.48465728759766,118.6135025024414,116.74005889892578,52.75071716308594,0.5119304656982422,92.90091222879684,142.66273175542406,80.23583684839625,0.9824496143261631,0.026621005044505305,0.40643779717448675,0.0007086779095795769,3.7259831474548304,11.452712569914599,1.0580736091874344e-08,0.06678994082840237,52.19111101181794,266.07823372584124,0.004965483234714004,0.8591438933637123,21.067773409535295
UIEB_888.png,126.25633421985816,59.805972827576646,3576.754385852836,7.629759734232665,235.0,59.805972827576646,126.15180969238281,126.25286102294922,126.54602813720703,35.20176696777344,0.49902042746543884,73.03824911347517,143.9986170212766,166.0432236351366,0.9767999624855896,0.026192812465379873,0.40433174902635904,0.0006860634248465593,4.70840141370369,11.650841216766654,1.02356664395761e-08,0.05306294326241135,48.08311326701371,1178.2800355661302,0.002774822695035461,0.8285653754347226,16.69118410046951
UIEB_889.png,116.23650637311704,44.808914616661596,2007.8388291232693,7.100557268417901,195.0,44.808914616661596,89.15603637695312,127.79138946533203,127.76307678222656,59.88066482543945,0.34887292981147766,125.17964271919661,142.6223908845114,217.2876037118643,0.9458945920381284,0.036272698272593745,0.3635855398918004,0.0013157086399746252,6.728444665404101,11.579438575487668,1.9843289961427695e-08,0.11224217844727694,64.28195405818323,1438.3317213465255,0.008323677095403631,0.6425747458165435,14.347674257479442
UIEB_89.png,124.07783703703704,55.33233326327951,3061.667104358628,7.709670871003189,242.0,55.33233326327951,123.55840301513672,124.3592300415039,124.00148010253906,32.4199333190918,0.49749577045440674,58.49502962962963,137.52414074074073,355.3716675941384,0.9419620219970266,0.013781870632118958,0.19084390651729835,0.000189939958120463,10.40668150621406,13.190627765206337,2.665423111846359e-09,0.1673925925925926,95.53069501487833,1440.0134448556241,0.013444444444444445,0.782639898992389,16.280367998496356
UIEB_9.png,137.80470980392158,33.295432869608554,1108.5858499746098,6.826370229400678,234.0,33.295432869608554,137.3966064453125,138.0045928955078,137.81541442871094,18.92354393005371,0.4981386661529541,26.67758431372549,144.54101960784314,32.960271039968575,0.9850796029769382,0.056928337319617425,0.6120597668362485,0.003240835589976146,1.6778277521359128,9.453187496142313,4.921839601003488e-08,0.020894117647058823,24.417233294366508,170.43375376718186,0.001415686274509804,0.8783610534458912,12.749867658967421
UIEB_90.png,123.61414814814815,50.639003923343736,2564.308718348422,7.600122254259424,234.0,50.639003923343736,123.50267791748047,123.68465423583984,123.53150939941406,17.152101516723633,0.49957364797592163,33.08662962962963,131.14094074074075,247.88240771656464,0.9516542243486253,0.015907744334913577,0.2120844091285934,0.00025305632982497504,8.68340196624003,12.831119262692942,3.628502514075852e-09,0.13347777777777778,76.65169210164075,1021.6731509683949,0.010466666666666668,0.7504053964511767,15.657422705953996
UIEB_91.png,123.26484814814815,59.641701418143796,3557.1325480510154,7.773309852201574,248.0,59.641701418143796,122.87210083007812,123.4682846069336,123.2565689086914,33.148807525634766,0.4980126619338989,57.81935925925926,136.53762962962963,496.20256724169906,0.9302475463249663,0.013778365675113537,0.18332416653963876,0.00018984336067714693,12.638308291597106,13.4190237497945,2.6639491518348225e-09,0.20391851851851853,118.72931167599151,2323.9398512048147,0.017466666666666665,0.7996912926087161,16.862097457273897
UIEB_92.png,122.97772592592592,43.92372336489695,1929.2934742359944,7.383733736334021,229.0,43.92372336489695,122.36333465576172,123.24866485595703,123.17843627929688,33.34190368652344,0.4965498447418213,54.73348518518519,137.52466666666666,147.86096086069375,0.9616817019959654,0.026517324760245306,0.3425326676790719,0.0007031685124403188,5.6206714895195695,11.817097423020723,1.0496669363064859e-08,0.09924074074074074,61.82808752770814,656.7853703506034,0.00834074074074074,0.7501290717067458,17.297909844072827
UIEB_93.png,122.66258518518518,41.47943974565126,1720.543921613114,7.320703755268818,231.0,41.47943974565126,122.0852279663086,122.91139221191406,122.874755859375,35.071659088134766,0.49671322107315063,52.95562592592593,137.1326222222222,139.51667965127066,0.9594438610534614,0.02638780539697851,0.3438316503457875,0.0006963162736688081,5.459369319235764,11.724165669056084,1.0392112497044493e-08,0.09387037037037037,59.359329274013454,702.4477036771467,0.008296296296296296,0.7310509191844412,16.626022420682084
UIEB_94.png,121.44570512820513,53.43079664735164,2854.8500303706437,7.401056262749741,206.0,53.43079664735164,120.69633483886719,121.77629852294922,121.7125244140625,27.436010360717773,0.495695561170578,66.0125788954635,133.00758382643,134.8470873546641,0.976377245134716,0.02610093831756418,0.34402573946105525,0.0006812589810572901,5.2183273898311775,11.695837872654415,1.0162356445233003e-08,0.10362426035502958,70.41046949482578,698.8756209948298,0.010118343195266272,0.864131053341065,15.97518735130749
UIEB_95.png,118.96545925925926,56.35886449297244,3176.3216069372293,7.660212415466626,220.0,56.35886449297244,117.15614318847656,119.7197494506836,119.82699584960938,32.661678314208984,0.4890742301940918,56.9761,131.91896296296295,190.68376553515117,0.9699874717955052,0.018582006830877913,0.2536879979882124,0.00034529097786279345,7.308925987757373,12.546301518102219,5.035891552738853e-09,0.12727037037037037,78.08015675775687,722.4886032240192,0.010892592592592593,0.7462424037456064,17.473462891070742
UIEB_96.png,118.60264184397163,35.43511621408581,1255.647461105767,7.024277797776753,188.0,35.43511621408581,98.76497650146484,127.17129516601562,126.5008544921875,85.16975402832031,0.3893410265445709,130.24448581560284,151.19836436170212,723.7923622704508,0.7118681071184313,0.024789491664998168,0.30009631132758197,0.0006145188970090136,14.47038059887046,12.363149757117132,9.143983580726833e-09,0.19357712765957447,97.62504950167023,5957.8466785522105,0.009756205673758865,0.49446456681607676,11.800097518517374
UIEB_97.png,123.37725185185185,63.957899748971855,4090.612940299534,7.719468909838477,228.0,63.957899748971855,119.10266876220703,125.22807312011719,125.05538940429688,37.77043914794922,0.47587111592292786,84.11640370370371,138.5866037037037,921.7365423854571,0.8873451776572702,0.013892622521320999,0.15463102508365914,0.00019300496051991543,18.719632721202004,13.761032014861884,2.7121913369356603e-09,0.2739185185185185,184.6967648187409,5135.99394141727,0.025892592592592592,0.8406499799259737,17.978297952146733
UIEB_98.png,123.3761962962963,38.53917687398669,1485.2681541244308,7.087663030242685,210.0,38.53917687398669,122.51564025878906,123.75479888916016,123.67660522460938,30.85280418395996,0.4951499402523041,55.15756296296296,137.38262592592594,100.10118345390465,0.9663151404955941,0.04091310607411584,0.42615241720895014,0.0016738822486318547,4.225880170654794,11.049519359178262,2.5308585503682774e-08,0.08047037037037037,53.805479123667986,311.252059634513,0.006992592592592593,0.8241091227675224,18.42235663790757
UIEB_99.png,125.53883703703704,31.406532509609317,986.3702842771469,6.959320279086976,212.0,31.406532509609317,125.45252990722656,125.5969467163086,125.47149658203125,30.785737991333008,0.49967461824417114,50.35661481481481,139.4557925925926,70.64915971062882,0.964198838161243,0.035933419362117504,0.40477635988163946,0.0012912106270538011,3.946470042663699,11.009151407320182,1.9469479949818438e-08,0.0667925925925926,42.31825208323896,344.20430211796975,0.005725925925925926,0.8649224181841536,22.489432973597317
